Order_ID,Order_Date,Customer_Name,Customer_Email,Product,Category,Quantity,Unit_Price,Sales,Region,Payment_Method,Order_Status
ORD-2024-2452,2023-12-07,Karen Tanaka,karen.tanaka@retailhub.org,Smart Water Bottle,Office Supplies,1.0,33.34,33.34,South,Credit Card,Refunded
ORD-2024-2335,2024-04-27,Robert Sharma,robert.sharma@gmail.com,Wireless Ergonomic Mouse,,3.0,51.17,153.51,East,Credit Card,Refunded
ORD-2024-2762,"Feb 04, 2023",Ashley Allen,ashley.allen@gmail.com,hd webcam 1080p,Accessories,2.0,70.44,140.88,South,PayPal,Refunded
ORD-2024-2736,2023-05-13,Charles Rodriguez,charles.rodriguez@retailhub.org,Executive Leather Notebook,Office Supplies,5.0,21.48,107.4,,Credit Card,completed
ORD-2024-2577,2023-08-02,Karen Torres,karen.torres@yahoo.com,Ergonomic Office Chair,Furniture,4.0,,,South,Cash on Delivery,Shipped
ORD-2024-2111,2023-07-15,Barbara Patel,barbara.patel@retailhub.org,Executive Leather Notebook,office supplies,,22.68,,South,Bank Transfer,Refunded
ORD-2024-2595,11/04/2023,Christopher Thompson,christopher.thompson@corporate.net,  Ergonomic Office Chair  ,Furniture,3.0,246.01,738.03,Central,Credit Card,Refunded
ORD-2024-1531,"Sep 14, 2023",Michelle Brown,michelle.brown@techfirm.io,Executive Leather Notebook,Office Supplies,1.0,21.34,21.34,SOUTH,Bank Transfer,Completed
ORD-2024-1652,2024.05.04,Aarav Flores,aarav.flores@outlook.com,4K Ultra HD Monitor 27-inch,Electronics,2.0,397.03,794.06,South,Cash on Delivery,completed
ORD-2024-1820,"Mar 09, 2024",Betty Anderson,betty.anderson@techfirm.io,4K Ultra HD Monitor 27-inch,Electronics,2.0,390.29,780.58,West,Bank Transfer,Refunded
ORD-2024-1772,2023.10.26,ANDREW MOORE,andrew.moore@outlook.com,Cable Management Kit,Accessories,10.0,18.81,188.1,South,PayPal,Shipped
ORD-2024-2879,2024-05-02,Susan Sharma,susan.sharma@techfirm.io,Bluetooth Conference Speaker,Electronics,1.0,144.31,144.31,South,Debit Card,Refunded
ORD-2024-1916,2024-01-07,John Thompson,john.thompson@gmail.com,Executive Leather Notebook,Office Supplies,1.0,22.01,22.01,Central,Debit Card,Refunded
ORD-2024-3016,2023-04-25,joshua thompson,joshua.thompson@techfirm.io,Ergonomic Office Chair,Furniture,1.0,256.33,256.33,South,PayPal,Cancelled
ORD-2024-2877,2023.10.23,Karen Flores,karen.flores@outlook.com,Smart Water Bottle,Office Supplies,4.0,34.9,139.6,South,Debit Card,Shipped
ORD-2024-1938,2023-12-20,Joseph Thompson,joseph.thompson@corporate.net,Mechanical Gaming Keyboard,Accessories,1.0,125.19,125.19,Central,Credit Card,Shipped
ORD-2024-2563,30/03/2024,Elizabeth Perez,elizabeth.perez@gmail.com,ADJUSTABLE STANDING DESK,Furniture,4.0,482.2,1928.8,Central,Cash On Delivery,Completed
ORD-2024-1180,2023-06-04,Michael Tanaka,michael.tanaka@retailhub.org,Ergonomic Office Chair,Furniture,2.0,257.11,514.22,East,PayPal,Cancelled
ORD-2024-2724,2023-01-29,Daniel Thompson,daniel.thompson@outlook.com,USB-C Multi-Port Hub,Accessories,4.0,41.75,167.0,West,Debit Card,Refunded
ORD-2024-2473,2024-03-25,Sarah Gonzalez,sarah.gonzalez@yahoo.com,4K Ultra HD Monitor 27-inch,Electronics,8.0,-194.5,-1556.0,West,Cash on Delivery,Cancelled
ORD-2024-1969,2023.08.21,Mary White,mary.white@gmail.com,Filing Cabinet 3-Drawer,Furniture,1.0,177.88,177.88,North,PayPal,Pending
ORD-2024-2717,2023-04-05,Charles Torres,charles.torres@gmail.com,Noise-Canceling Headphones,Electronics,2.0,195.07,390.14,South,Cash on Delivery,Completed
ORD-2024-2647,2023-03-05,Fatima Kim,fatima.kim@outlook.com,HD Webcam 1080p,Accessories,3.0,,,East,Bank Transfer,Completed
ORD-2024-2709,2023.10.31,Jennifer Patel,jennifer.patel@retailhub.org,Cable Management Kit,Accessories,10.0,17.58,175.8,,Bank Transfer,Refunded
ORD-2024-1252,2023-02-04,Sarah Tanaka,sarah.tanaka@gmail.com,UltraBook Pro 15,Electronics,8.0,1327.25,10618.0,Central,PayPal,Cancelled
ORD-2024-3010,2024-04-28,Michelle Chen,michelle.chen@techfirm.io,4K Ultra HD Monitor 27-inch,Electronics,1.0,381.89,381.89,  east  ,Bank Transfer,Pending
ORD-2024-1603,"Jun 25, 2023",Mark Perez,mark.perez@techfirm.io,HD Webcam 1080p,Accessories,1.0,68.11,68.11,South,Bank Transfer,Cancelled
ORD-2024-2612,2023-12-16,Joseph Anderson,joseph.anderson@techfirm.io,Cable Management Kit,Accessories,1.0,,,SOUTH,Bank Transfer,Pending
ORD-2024-1487,2023-07-01,Andrew Harris,andrew.harris@techfirm.io,NOISE-CANCELING HEADPHONES,Electronics,1.0,208.73,208.73,East,,Cancelled
ORD-2024-1030,17/02/2024,Andrew Williams,andrew.williams@outlook.com,Mechanical Gaming Keyboard,Accessories,4.0,125.01,500.04,South,Debit Card,Pending
ORD-2024-1901,2023-02-05,Charles Wilson,charles.wilson@retailhub.org,Bluetooth Conference Speaker,Electronics,1.0,143.81,143.81,East,Cash on Delivery,cancelled
ORD-2024-1509,2023-07-01,Elizabeth Sanchez,elizabeth.sanchez@gmail.com,Cable Management Kit,accessories,3.0,18.12,54.36,Central,Debit Card,Completed
ORD-2024-3083,2023-08-12,Paul Jackson,paul.jackson@yahoo.com,USB-C Multi-Port Hub,Accessories,1.0,39.24,39.24,Central,Cash on Delivery,Cancelled
ORD-2024-1890,2024-01-31,Richard Ramirez,richard.ramirez@techfirm.io,Ergonomic Office Chair,Furniture,1.0,248.97,,West,Debit Card,Refunded
ORD-2024-3058,2024-01-24,michelle jackson,invalid_email_2058,Bluetooth Conference Speaker,Electronics,2.0,146.03,292.06,,Debit Card,Cancelled
ORD-2024-1793,2023-03-08,ANTHONY MURPHY,anthony.murphy@gmail.com,Smart Water Bottle,Office Supplies,8.0,35.07,280.56,West,Credit Card,Shipped
ORD-2024-3096,2023-10-16,Aarav Patel,aarav.patel@yahoo.com,Filing Cabinet 3-Drawer,Furniture,2.0,186.82,373.64,North,,Refunded
ORD-2024-1276,2023-06-29,William Jackson,william.jackson@yahoo.com,4K Ultra HD Monitor 27-inch,Electronics,2.0,381.3,762.6,South,Debit Card,Cancelled
ORD-2024-1255,2023-04-16,Donna Wright,donna.wright@yahoo.com,Desk LED Lamp,Office Supplies,1.0,30.3,30.3,South,Debit Card,Completed
ORD-2024-1307,,Margaret O'Connor,margaret.oconnor@techfirm.io,Noise-Canceling Headphones,electronics,3.0,208.85,626.55,North,Cash on Delivery,Pending
ORD-2024-2784,2024-04-22,Nancy Jackson,nancy.jackson@gmail.com,Executive Leather Notebook,Office Supplies,2.0,21.5,43.0,South,Cash on Delivery,Cancelled
ORD-2024-2190,2023-11-20,  Margaret   Martin  ,margaret.martin@gmail.com,Laser Printer Pro,Office Supplies,,287.98,,South,Credit Card,Pending
ORD-2024-1760,2023-05-18,david jones,david.jones@gmail.com,4K Ultra HD Monitor 27-inch, ELECTRONICS ,1.0,375.73,375.73,South,PayPal,Refunded
ORD-2024-1169,04/03/2024,robert robinson,robert.robinson@yahoo.com,HD Webcam 1080p,Accessories,5.0,67.22,336.1,West,Bank Transfer,Pending
ORD-2024-1669,2024-01-26,Christopher Flores,christopher.flores@retailhub.org,Wireless Ergonomic Mouse,Accessories,1.0,47.75,47.75,East,PayPal,Pending
ORD-2024-1185,2023-01-07,Sofia King,sofia.king@techfirm.io,USB-C Multi-Port Hub,Accessories,2.0,38.37,76.74,East,Cash on Delivery,Refunded
ORD-2024-1415,23/01/2023,Susan Clark,susan.clark@gmail.com,Adjustable Standing Desk,furniture,2.0,520.19,1040.38,South,Bank Transfer,Cancelled
ORD-2024-2842,2023-09-10,John Allen,john.allen@techfirm.io,Bluetooth Conference Speaker,  Electronics  ,1.0,152.7,152.7,West,Bank Transfer,Shipped
ORD-2024-2464,2024-02-15,Aarav Ramirez,aarav.ramirez@corporate.net,4K Ultra HD Monitor 27-inch,Electronics,3.0,371.35,1114.05,Central,,Completed
ORD-2024-1112,2023.09.08,Paul Patel,paul.patel@gmail.com,Wireless Ergonomic Mouse,Accessories,1.0,47.54,47.54,Central,Debit Card,Cancelled
ORD-2024-1743,"Feb 25, 2023",Charles Flores,,desk led lamp,Office Supplies,1.0,29.54,29.54,East,,Cancelled
ORD-2024-3111,"Nov 27, 2023",Carlos Clark,carlos.clark@retailhub.org,BLUETOOTH CONFERENCE SPEAKER,Electronics,2.0,154.21,308.42,North,Bank Transfer,Pending
ORD-2024-2272,2023-13-45,DONNA GONZALEZ,  donna.gonzalez@example.com  ,Ergonomic Office Chair,,1.0,249.83,249.83,North,Debit Card,Shipped
ORD-2024-1619,2023-06-23,Emma Al-Mansoor,emma.al-mansoor@gmail.com,Filing Cabinet 3-Drawer,,1.0,178.68,178.68,East,PayPal,Refunded
ORD-2024-3105,2023.02.23,William Lewis,william.lewis@techfirm.io,Laser Printer Pro,Office Supplies,2.0,288.33,576.66,West,Bank Transfer,Pending
ORD-2024-1355,2023-13-45,William Harris,william.harris@retailhub.org,ergonomic office chair,Furniture,3.0,254.61,763.83,East,Cash on Delivery,Cancelled
ORD-2024-2965,2024-03-10,David Kim,david.kim@retailhub.org,UltraBook Pro 15,Electronics,,1331.12,,West,Bank Transfer,Pending
ORD-2024-2542,2023-05-20,Thomas Nguyen,invalid_email_1542,Mechanical Gaming Keyboard,Accessories,1.0,119.45,119.45,East,Cash on Delivery,Completed
ORD-2024-2034,2023-01-12,Jennifer Harris,jennifer.harris@yahoo.com,usb-c multi-port hub,Accessories,3.0,40.12,120.36,Central,cc,Pending
ORD-2024-1747,2023-01-04,William Taylor,william.taylor@outlook.com,  Ergonomic Office Chair  ,  Furniture  ,2.0,242.55,485.1,,Bank Transfer,Pending
ORD-2024-2318,2023-10-26,,margaret.hill@outlook.com,USB-C Multi-Port Hub,Accessories,1.0,41.28,41.28,North,PayPal,Pending
ORD-2024-2831,2023-07-23,Sofia Nguyen,sofia.nguyen@gmail.com,ERGONOMIC OFFICE CHAIR,Furniture,1.0,238.96,238.96,  central  ,PayPal,Cancelled
ORD-2024-1818,2024-02-09,Christopher Sato,christopher.sato@yahoo.com,USB-C Multi-Port Hub,Accessories,2.0,41.01,82.02,East,Debit Card,completed
ORD-2024-2671,2023-02-14,Daniel Perez,daniel.perez@yahoo.com,HD Webcam 1080p,Accessories,2.0,65.92,131.84,West,PayPal,Pending
ORD-2024-2789,"Oct 13, 2023",Sandra Ramirez,sandra.ramirez@outlook.com,Noise-Canceling Headphones,Electronics,5.0,203.07,1015.35,Central,,Pending
ORD-2024-1409,2024-04-05,Margaret Robinson,margaret.robinson@retailhub.org,4K Ultra HD Monitor 27-inch,Electronics,4.0,393.98,1575.92,South,Cash on Delivery,Refunded
ORD-2024-2695,"Apr 10, 2024",ANTHONY HERNANDEZ,anthony.hernandez@gmail.com,USB-C Multi-Port Hub,Accessories,3.0,40.64,121.92,,PayPal,Shipped
ORD-2024-1097,2024-04-12,Anthony Lopez,invalid_email_97,Executive Leather Notebook,Office Supplies,1.0,-11.0,-11.0,East,Debit Card,Shipped
ORD-2024-2462,2023.09.17,Aarav Flores,aarav.flores@corporate.net,Laser Printer Pro,Office Supplies,3.0,284.94,854.82,East,Debit Card,Cancelled
ORD-2024-1423,2023-05-05,Lisa Sharma,lisa_sharma@,HD Webcam 1080p,Accessories,1.0,70.12,70.12,  north  ,Cash on Delivery,Refunded
ORD-2024-2402,2024-03-26,Emma Rodriguez,  emma.rodriguez@example.com  ,Smart Water Bottle,Office Supplies,-4.0,34.18,-136.72,East,Cash on Delivery,Pending
ORD-2024-2846,2023-05-03,Tariq Thomas,tariq.thomas@gmail.com,Smart Water Bottle,Office Supplies,1.0,33.5,33.5,South,Bank Transfer,Completed
ORD-2024-3029,2023.06.05,Michael Thomas,michael.thomas@outlook.com,Cable Management Kit,Accessories,1.0,17.78,17.78,South,Credit Card,Refunded
ORD-2024-2002,12/09/2023,Donald Lewis,donald.lewis@techfirm.io,Filing Cabinet 3-Drawer, FURNITURE ,1.0,181.57,181.57,West,Bank Transfer,refunded
ORD-2024-1742,"Mar 10, 2023",Lisa Sato,lisa.sato@outlook.com,  Mechanical Gaming Keyboard  ,Accessories,1.0,125.33,125.33,South,Cash on Delivery,Cancelled
ORD-2024-2733,2023-05-16,  Christopher   Ramirez  ,christopher.ramirez@gmail.com,Smart Water Bottle,Office Supplies,1.0,34.7,34.7,East,Cash on Delivery,Pending
ORD-2024-2076,2023.01.21,Lisa Patel,lisa.patel@gmail.com,4K Ultra HD Monitor 27-inch,Electronics,1.0,396.12,396.12,Central,Debit Card,Pending
ORD-2024-2994,2023-10-11,Joseph Gonzalez,joseph.gonzalez@retailhub.org,4K Ultra HD Monitor 27-inch,electronics,2.0,,,South,Credit Card,Shipped
ORD-2024-2338,2024-99-99,John Moore,john.moore@retailhub.org,  USB-C Multi-Port Hub  ,Accessories,2.0,41.41,82.82,South,Cash on Delivery,Shipped
ORD-2024-2627,2024-01-09,Anthony Smith,anthony.smith@techfirm.io,Smart Water Bottle,Office Supplies,2.0,35.89,71.78,East,Cash on Delivery,Pending
ORD-2024-3134,2023-04-23,Sandra Brown,,4k ultra hd monitor 27-inch,Electronics,4.0,393.23,1572.92,  central  ,Cash on Delivery,Refunded
ORD-2024-1248,2023-04-24,  Betty   Martinez  ,  betty.martinez@example.com  ,Wireless Ergonomic Mouse,Accessories,1.0,51.3,51.3,West,PayPal,Refunded
ORD-2024-1074,2023-12-23,Liam Chen,liam.chen@gmail.com,UltraBook Pro 15,Electronics,3.0,1249.44,3748.32,North,Debit Card,Completed
ORD-2024-1553,2024-05-06,PAUL GONZALEZ,paul.gonzalez@gmail.com,Bluetooth Conference Speaker,Electronics,3.0,153.93,461.79,  north  ,Cash on Delivery,Completed
ORD-2024-2617,"Feb 09, 2024",Mark Rodriguez,mark.rodriguez@yahoo.com,Noise-Canceling Headphones,,3.0,209.91,629.73,North,Cash on Delivery,Cancelled
ORD-2024-2195,invalid_date,Donna Allen,donna.allen@yahoo.com,Wireless Ergonomic Mouse,Accessories,1.0,50.84,50.84,South,Debit Card,Pending
ORD-2024-1467,2023.03.09,  Jennifer   Moore  ,jennifer.moore@gmail.com,UltraBook Pro 15,electronics,1.0,1261.29,1261.29,West,Bank Transfer,Shipped
ORD-2024-1556,2024-05-01,Fatima Murphy,fatima.murphy@corporate.net,Noise-Canceling Headphones,,2.0,194.65,389.3,South,PayPal,Cancelled
ORD-2024-1745,06/03/2023,John Jackson,john.jackson@techfirm.io,USB-C Multi-Port Hub,Accessories,2.0,40.2,80.4,South,Credit Card,Cancelled
ORD-2024-1980,2023.05.19,Kimberly Thomas,kimberly@@domain.com,Adjustable Standing Desk,Furniture,2.0,504.56,1009.12,West,Cash on Delivery,Shipped
ORD-2024-1101,2024-02-15,Susan O'Connor,susan.oconnor@gmail.com,Cable Management Kit,Accessories,1.0,19.25,19.25,South,Debit Card,Shipped
ORD-2024-1508,07/04/2023,Margaret Hernandez,margaret.hernandez@techfirm.io,4K Ultra HD Monitor 27-inch,Electronics,1.0,376.83,,West,Credit Card,Completed
ORD-2024-2937,2024-04-24,Kimberly Martin,invalid_email_1937,Noise-Canceling Headphones,Electronics,3.0,206.59,619.77,North,Bank Transfer,Refunded
ORD-2024-2763,2024-03-03,William Davis,william.davis@gmail.com,Cable Management Kit,  Accessories  ,1.0,18.11,18.11,East,Cash on Delivery,Pending
ORD-2024-1486,2023-06-02,Mark Clark,mark.clark@outlook.com,Adjustable Standing Desk,furniture,1.0,482.26,482.26,West,PayPal,Cancelled
ORD-2024-1582,2024.03.03,Fatima White,fatima.white@corporate.net,  Desk LED Lamp  ,Office Supplies,5.0,28.34,141.7,Central,Credit Card,Shipped
ORD-2024-1351,2024.04.02,Tariq Young,tariq.young@retailhub.org,  Cable Management Kit  ,  Accessories  ,1.0,18.88,18.88,West,Wire Transfer,Completed
ORD-2024-3132,2024-04-01,Liam Al-Mansoor,liam.al-mansoor@corporate.net,UltraBook Pro 15,Electronics,8.0,1345.46,10763.68,North,Bank Transfer,Refunded
ORD-2024-1720,2024-02-20,Ashley Robinson,ashley.robinson@outlook.com,Laser Printer Pro, OFFICE SUPPLIES ,10.0,278.34,2783.4,  south  ,Credit Card,completed
ORD-2024-1808,14/12/2023,JOSHUA HERNANDEZ,  joshua.hernandez@example.com  ,Laser Printer Pro,Office Supplies,1.0,281.05,281.05,South,Debit Card,Pending
ORD-2024-2884,2023-10-06,Kimberly Hill,kimberly.hill@corporate.net,Cable Management Kit,Accessories,1.0,17.61,17.61,North,Cash on Delivery,Shipped
ORD-2024-1071,2024-03-01,Michelle Hernandez,,Bluetooth Conference Speaker,Electronics,1.0,148.24,148.24,West,PayPal,Refunded
ORD-2024-2700,2023-01-04,Susan Allen,susan.allen@corporate.net,Noise-Canceling Headphones,Electronics,1.0,,,South,Credit Card,Pending
ORD-2024-2456,2023-10-13,Lisa O'Connor,lisa.oconnor@yahoo.com,  Cable Management Kit  ,Accessories,2.0,18.47,36.94,South,PayPal,Completed
ORD-2024-2348,09/01/2023,Liam Al-Mansoor,liam.al-mansoor@yahoo.com,hd webcam 1080p,Accessories,1.0,71.93,71.93,  west  ,Cash on Delivery,Cancelled
ORD-2024-1304,2024.04.08,emily anderson,emily.anderson@corporate.net,Noise-Canceling Headphones,Electronics,3.0,194.88,584.64,Central,Debit Card,Cancelled
ORD-2024-2392,2023-12-28,Donna Smith,donna.smith@techfirm.io,CABLE MANAGEMENT KIT,Accessories,2.0,,,,Credit Card,Pending
ORD-2024-2091,2024-02-07,James Patel,james.patel@outlook.com,Mechanical Gaming Keyboard,Accessories,3.0,116.82,350.46,  south  ,Cash on Delivery,Cancelled
ORD-2024-1421,2023-07-14,Sandra Jackson,sandra.jackson@gmail.com,smart water bottle,Office Supplies,1.0,,,East,Cash on Delivery,Pending
ORD-2024-1600,2023-04-16,Sandra Thomas,sandra.thomas@yahoo.com,Adjustable Standing Desk,Furniture,2.0,519.97,1039.94,North,,Cancelled
ORD-2024-2001,17/12/2023,Barbara Davis,barbara.davis@outlook.com,Noise-Canceling Headphones,Electronics,3.0,191.98,575.94,  west  ,PayPal,Cancelled
ORD-2024-3025,2023-12-13,FATIMA MARTINEZ,fatima.martinez@gmail.com,Cable Management Kit,Accessories,1.0,17.7,17.7,East,BANK_TRANSFER,Pending
ORD-2024-2952,2024.04.21,Aarav Hernandez,aarav.hernandez@techfirm.io,Filing Cabinet 3-Drawer,Furniture,1538.0,181.66,279393.08,,Debit Card,Cancelled
ORD-2024-2000,2023.12.19,Priya King,priya.king@corporate.net,Wireless Ergonomic Mouse,Accessories,3.0,49.25,147.75,South,,Pending
ORD-2024-1451,"May 29, 2023",Charles Taylor,charles.taylor@techfirm.io,Filing Cabinet 3-Drawer,Furniture,2.0,171.63,343.26,West,cc,Pending
ORD-2024-1291,2023-05-22,Matthew Harris,,HD Webcam 1080p, ACCESSORIES ,1.0,70.0,70.0,West,Credit Card,Pending
ORD-2024-1110,2023-06-14,Matthew Robinson,matthew.robinson@outlook.com,Bluetooth Conference Speaker,Electronics,10.0,154.06,1540.6,West,PAYPAL,
ORD-2024-2835,2023-01-28,Sofia Johnson,sofia.johnson@gmail.com,USB-C Multi-Port Hub,Accessories,-2.0,38.26,-76.52,West,Cash on Delivery,Cancelled
ORD-2024-1931,2023-04-03,Charles Brown,charles.brown@retailhub.org,Noise-Canceling Headphones,Electronics,3.0,196.29,588.87,North,Cash on Delivery,Cancelled
ORD-2024-1068,2023-08-13,Michelle Hernandez,michelle.hernandez@corporate.net,Laser Printer Pro,Office Supplies,2092.0,266.89,558333.88,East,Debit Card,Pending
ORD-2024-1479,2023-06-19,  Tariq   Allen  ,tariq.allen@yahoo.com,UltraBook Pro 15,Electronics,4.0,1254.69,5018.76,North,PayPal,Shipped
ORD-2024-2284,09/03/2024,Christopher Walker,christopher.walker@retailhub.org,Adjustable Standing Desk,Furniture,3.0,,,North,Cash on Delivery,Completed
ORD-2024-1722,2024-04-20,JESSICA MARTINEZ,jessica.martinez@yahoo.com,Adjustable Standing Desk,Furniture,2.0,478.6,957.2,East,Credit Card,Cancelled
ORD-2024-2862,2023-04-13,Joseph Jackson,joseph.jackson@corporate.net,Bluetooth Conference Speaker,,2.0,146.73,293.46,East,PayPal,Cancelled
ORD-2024-1282,2023-08-06,Mark Harris,mark.harris@techfirm.io,UltraBook Pro 15,Electronics,2.0,1305.99,2611.98,Central,Bank Transfer,Cancelled
ORD-2024-1789,2023-07-27,Joseph Williams,joseph.williams@retailhub.org,Mechanical Gaming Keyboard,Accessories,2.0,117.44,234.88,Central,Debit Card,Refunded
ORD-2024-2833,19/05/2023,DANIEL MARTINEZ,daniel.martinez@yahoo.com,HD Webcam 1080p, ACCESSORIES ,2.0,68.65,137.3,East,PayPal,Refunded
ORD-2024-1135,2024-04-02,patricia williams,patricia.williams@corporate.net,ultrabook pro 15,Electronics,1.0,1261.29,1261.29,East,Bank Transfer,Pending
ORD-2024-2079,2023-09-04,Donna White,,UltraBook Pro 15,Electronics,2.0,1352.21,2704.42,North,PayPal,Completed
ORD-2024-1520,2024.02.07,  Steven   White  ,steven.white@techfirm.io,  Desk LED Lamp  ,Office Supplies,2.0,30.28,60.56,North,  Credit Card  ,Pending
ORD-2024-2024,2023-06-23,JOSHUA LEE,  joshua.lee@example.com  ,usb-c multi-port hub,Accessories,1.0,38.86,38.86,North,PayPal,Completed
ORD-2024-1354,2023-06-18,Priya Flores,priya.flores@retailhub.org,Ergonomic Office Chair, FURNITURE ,1.0,239.26,239.26,West,PayPal,Cancelled
ORD-2024-1905,2023-12-18,WILLIAM SHARMA,william.sharma@outlook.com,USB-C Multi-Port Hub,Accessories,5.0,41.98,209.9,South,Bank Transfer,Refunded
ORD-2024-1241,09/04/2023,Andrew Patel,andrew.patel@techfirm.io,  HD Webcam 1080p  ,Accessories,1.0,70.07,70.07,West,Credit Card,Cancelled
ORD-2024-2852,2023-06-05,Matthew Wilson,matthew.wilson@retailhub.org,USB-C Multi-Port Hub,Accessories,2.0,38.6,77.2,Central,,Refunded
ORD-2024-2616,2023-12-11,  Matthew   Chen  ,matthew.chen@techfirm.io,ergonomic office chair,Furniture,2.0,252.02,504.04,Central,Debit Card,Refunded
ORD-2024-1410,2023-03-04,  John   O'Connor  ,john.oconnor@outlook.com,Laser Printer Pro,Office Supplies,2.0,284.43,568.86,West,Cash on Delivery,pending
ORD-2024-2044,2023-07-21,James Allen,james.allen@corporate.net,Bluetooth Conference Speaker,Electronics,4.0,142.69,570.76,West,Cash on Delivery,Pending
ORD-2024-2081,2024-99-99,William Tanaka,william.tanaka@outlook.com,Smart Water Bottle,Office Supplies,3.0,35.67,107.01,East,PayPal,Shipped
ORD-2024-2554,2024-03-04,Mark Johnson,mark.johnson@outlook.com,UltraBook Pro 15,Electronics,2.0,1239.3,2478.6,East,Credit Card,Refunded
ORD-2024-1333,2023-01-14,Aarav Perez,aarav.perez@outlook.com,Laser Printer Pro,Office Supplies,2.0,290.45,580.9,East,Debit Card,Cancelled
ORD-2024-2470,2023-03-29,Joseph Chen,joseph.chen@outlook.com,Bluetooth Conference Speaker,,1.0,141.89,141.89,East,Credit Card,Shipped
ORD-2024-1621,2023-08-06,Joseph Wilson,invalid_email_621,4K Ultra HD Monitor 27-inch,Electronics,3.0,384.35,1153.05,South,Debit Card,Completed
ORD-2024-1544,2023-06-21,Priya White,priya.white@techfirm.io,UltraBook Pro 15, ELECTRONICS ,5.0,,,East,Debit Card,Pending
ORD-2024-2869,2023-08-28,Margaret Williams,margaret.williams@yahoo.com,Smart Water Bottle,Office Supplies,3.0,33.31,99.93,West,Debit Card,Pending
ORD-2024-1136,09/05/2023,,carlos.patel@outlook.com,USB-C Multi-Port Hub,accessories,1.0,40.36,40.36,North,Credit Card,Cancelled
ORD-2024-2502,12/05/2023,Mary Smith,mary.smith@gmail.com,  Laser Printer Pro  ,Office Supplies,2.0,,,West,Cash on Delivery,Refunded
ORD-2024-2856,2023-01-28,Steven Robinson,steven.robinson@gmail.com,Ergonomic Office Chair,Furniture,1.0,244.79,244.79,EAST,Debit Card,Shipped
ORD-2024-1361,2023-08-31,Linda Hernandez,linda.hernandez@corporate.net,Executive Leather Notebook,Office Supplies,1.0,22.73,22.73,,Cash on Delivery,Refunded
ORD-2024-1539,2023-08-11,Fatima Murphy,fatima.murphy@techfirm.io,Filing Cabinet 3-Drawer,Furniture,10.0,178.62,1786.2,East,Cash on Delivery,Shipped
ORD-2024-1612,2023-08-31,Anthony Kim,anthony.kim@corporate.net,Desk LED Lamp,Office Supplies,4.0,28.93,115.72,North,Cash on Delivery,cancelled
ORD-2024-1857,2024.03.08,jennifer clark,jennifer.clark@retailhub.org,UltraBook Pro 15,Electronics,4.0,1305.94,5223.76,  east  ,Debit Card,Refunded
ORD-2024-2310,2023-12-25,Christopher Scott,,HD Webcam 1080p,Accessories,5.0,70.4,352.0,North,Debit Card,Refunded
ORD-2024-1675,2023-12-23,Lisa Allen,lisa.allen@corporate.net,smart water bottle,Office Supplies,1.0,33.54,33.54,East,Credit Card,
ORD-2024-1411,2023-02-28,David Lee,david.lee@corporate.net,MECHANICAL GAMING KEYBOARD,Accessories,1.0,116.86,116.86,Central,Bank Transfer,Cancelled
ORD-2024-1481,2023-10-18,Ashley Miller,ashley.miller@outlook.com,Mechanical Gaming Keyboard,Accessories,1.0,120.41,120.41,WEST,Cash on Delivery,Cancelled
ORD-2024-1480,2024-01-29,Steven King,steven.king@techfirm.io,Smart Water Bottle,  Office Supplies  ,2.0,33.39,66.78,South,Debit Card,Shipped
ORD-2024-1308,2023.07.07,emily chen,emily.chen@yahoo.com,Ergonomic Office Chair,Furniture,2.0,251.99,503.98,South,Bank Transfer,Cancelled
ORD-2024-1129,2023-12-22,,barbara.scott@yahoo.com,Smart Water Bottle,Office Supplies,8.0,33.93,271.44,West,Cash on Delivery,Cancelled
ORD-2024-3023,2023-03-18,Linda Robinson,linda.robinson@yahoo.com,Ergonomic Office Chair,Furniture,8.0,247.24,1977.92,South,Bank Transfer,Cancelled
ORD-2024-1290,2023-12-29,  Jennifer   Hill  ,jennifer.hill@retailhub.org,Adjustable Standing Desk,Furniture,2.0,505.93,1011.86,West,Bank Transfer,Completed
ORD-2024-2514,2024-03-13,Charles Walker,charles.walker@retailhub.org,HD Webcam 1080p,Accessories,2.0,72.16,144.32,East,PayPal,Cancelled
ORD-2024-2606,2023-03-19,Karen Williams,  karen.williams@example.com  ,4K Ultra HD Monitor 27-inch,Electronics,1.0,391.56,391.56,North,Credit Card,Refunded
ORD-2024-2903,2023-04-16,Betty Wright,betty.wright@gmail.com,Wireless Ergonomic Mouse,Accessories,1.0,52.32,52.32,East,Credit Card,Shipped
ORD-2024-1052,2023-02-25,Donald Johnson,donald.johnson@outlook.com,USB-C Multi-Port Hub,Accessories,3.0,38.46,115.38,,PayPal,Shipped
ORD-2024-2898,32/01/2024,Kimberly Hill,kimberly.hill@outlook.com,Ergonomic Office Chair,Furniture,1.0,252.01,252.01,  north  ,Debit Card,Pending
ORD-2024-2270,18/04/2024,  Yuki   Jackson  ,yuki.jackson@corporate.net,Smart Water Bottle,Office Supplies,8.0,36.6,292.8,East,Debit Card,Completed
ORD-2024-1858,2023-09-16,Emma Nguyen,emma.nguyen@gmail.com,Mechanical Gaming Keyboard,Accessories,2.0,125.05,250.1,North,Cash on Delivery,Pending
ORD-2024-2342,22/12/2023,Emily Hill,emily.hill@techfirm.io,Wireless Ergonomic Mouse,Accessories,2.0,52.07,104.14,West,Debit Card,Completed
ORD-2024-2300,2023-09-11,FATIMA WILSON,fatima.wilson@gmail.com,Mechanical Gaming Keyboard,Accessories,1.0,114.75,114.75,North,Debit Card,Shipped
ORD-2024-2229,2024.03.05,WILLIAM ALLEN,william.allen@outlook.com,UltraBook Pro 15, ELECTRONICS ,2.0,1266.11,2532.22,South,Cash on Delivery,Completed
ORD-2024-1765,,James Ramirez,,Wireless Ergonomic Mouse,Accessories,1.0,48.91,48.91,West,Debit Card,Cancelled
ORD-2024-1963,2024-01-20,jessica murphy,jessica.murphy@outlook.com,  Noise-Canceling Headphones  ,Electronics,1.0,205.34,205.34,North,PayPal,refunded
ORD-2024-1219,2023-06-27,Sarah Anderson,sarah.anderson@corporate.net,UltraBook Pro 15,Electronics,1.0,1358.1,1358.1,Central,Debit Card,Cancelled
ORD-2024-2843,2024-04-09,Mary Brown,mary.brown@gmail.com,Cable Management Kit,Accessories,2.0,19.15,38.3,West,Bank Transfer,
ORD-2024-1197,2023.06.28,Susan Tanaka,susan.tanaka@yahoo.com,Executive Leather Notebook,Office Supplies,1.0,21.88,21.88,Central,Credit Card,Pending
ORD-2024-1842,,David Kim,david.kim@techfirm.io,Cable Management Kit,Accessories,3.0,-9.25,-27.75,East,Credit Card,Cancelled
ORD-2024-2245,2023-05-24,Patricia Davis,patricia.davis@techfirm.io,Bluetooth Conference Speaker,electronics,1.0,151.28,151.28,,Bank Transfer,Cancelled
ORD-2024-2321,2023-03-25,Emily Sharma,emily.sharma@techfirm.io,Bluetooth Conference Speaker,Electronics,4.0,145.26,581.04,West,PayPal,Completed
ORD-2024-3052,2023-06-14,Christopher Rodriguez,christopher.rodriguez@yahoo.com,Executive Leather Notebook,Office Supplies,2.0,22.51,45.02,West,Cash on Delivery,Pending
ORD-2024-3125,2023-01-29,Daniel Davis,daniel.davis@yahoo.com,Wireless Ergonomic Mouse,Accessories,2.0,,,West,Cash on Delivery,Shipped
ORD-2024-3122,2023-09-17,Mark Chen,mark.chen@yahoo.com,Filing Cabinet 3-Drawer,Furniture,,187.51,,  central  ,Bank Transfer,Pending
ORD-2024-1368,2023-03-12,Anthony Clark,anthony.clark@techfirm.io,Bluetooth Conference Speaker,Electronics,3.0,142.59,427.77,South,Cash on Delivery,Shipped
ORD-2024-3044,2024-03-14,Fatima Tanaka,fatima.tanaka@gmail.com,Wireless Ergonomic Mouse,Accessories,1.0,50.41,50.41,EAST,Cash on Delivery,Refunded
ORD-2024-1530,10/02/2023,  Kimberly   Martin  ,kimberly.martin@gmail.com,  Smart Water Bottle  ,Office Supplies,4.0,34.5,138.0,East,debit card,Refunded
ORD-2024-1325,16/02/2023,Tariq Moore,tariq.moore@yahoo.com,USB-C Multi-Port Hub, ACCESSORIES ,3.0,40.85,122.55,Central,,Refunded
ORD-2024-2041,2023.10.15,elizabeth robinson,  elizabeth.robinson@example.com  ,Adjustable Standing Desk,Furniture,10.0,477.48,4774.8,,Bank Transfer,
ORD-2024-1384,2024-05-06,  Mary   Al-Mansoor  ,mary.al-mansoor@techfirm.io,  Executive Leather Notebook  ,,2.0,21.98,43.96,  north  ,Cash on Delivery,Pending
ORD-2024-2828,2023-01-12,David Moore,david.moore@techfirm.io,Bluetooth Conference Speaker,Electronics,1.0,143.9,143.9,West,Debit Card,Cancelled
ORD-2024-2761,2023-05-03,Kenji Robinson,kenji.robinson@outlook.com,Executive Leather Notebook,Office Supplies,3.0,21.72,65.16,Central,Debit Card,Pending
ORD-2024-2770,2023-08-22,Jennifer Tanaka,jennifer.tanaka@corporate.net,Laser Printer Pro,Office Supplies,2.0,288.51,577.02,Central,Bank Transfer,Refunded
ORD-2024-1648,2024-01-01,Margaret Chen,margaret.chen@corporate.net,Noise-Canceling Headphones,Electronics,1.0,205.92,205.92,Central,Debit Card,Completed
ORD-2024-2176,2023-04-29,Karen Sharma,karen.sharma@outlook.com,HD Webcam 1080p,Accessories,1.0,67.15,67.15,West,Credit Card,Shipped
ORD-2024-1944,2024-04-24,john white,john.white@outlook.com,MECHANICAL GAMING KEYBOARD,Accessories,1.0,120.33,120.33,West,PayPal,Cancelled
ORD-2024-2317,2023-01-29,Barbara Harris,barbara.harris@gmail.com,UltraBook Pro 15,Electronics,1.0,1312.16,1312.16,South,Cash on Delivery,Cancelled
ORD-2024-1369,2024-04-07,Aarav Chen,aarav.chen@outlook.com,Laser Printer Pro,Office Supplies,1.0,290.42,,Central,PayPal,Cancelled
ORD-2024-1189,2024.04.04,David Chen,david.chen@outlook.com,Noise-Canceling Headphones,Electronics,2.0,204.28,408.56,Central,Cash on Delivery,Refunded
ORD-2024-2576,2023-07-11,Sofia Clark,sofia.clark@gmail.com,ultrabook pro 15,,4.0,1303.11,5212.44,West,PayPal,Cancelled
ORD-2024-1781,2023-01-23,James Tanaka,james.tanaka@outlook.com,SMART WATER BOTTLE,Office Supplies,1.0,33.68,33.68,Central,Bank Transfer,Completed
ORD-2024-1260,2023-05-31,Patricia Al-Mansoor,patricia.al-mansoor@retailhub.org,CABLE MANAGEMENT KIT,Accessories,2.0,18.59,37.18,North,Debit Card,Shipped
ORD-2024-2259,2023-07-03,Jennifer Hill,jennifer.hill@corporate.net,Executive Leather Notebook,Office Supplies,8.0,22.93,183.44,East,PayPal,Completed
ORD-2024-2271,28/11/2023,Karen King,,Bluetooth Conference Speaker,,1.0,151.07,151.07,West,Cash on Delivery,Shipped
ORD-2024-2058,2024-01-14,John Smith,john.smith@yahoo.com,4K Ultra HD Monitor 27-inch, ELECTRONICS ,1.0,390.95,390.95,South,Debit Card,Shipped
ORD-2024-2951,2023-08-17,Tariq Chen,,Desk LED Lamp,Office Supplies,3.0,30.57,91.71,West,PayPal,Pending
ORD-2024-1049,"Dec 25, 2023",Carlos Sanchez,carlos.sanchez@retailhub.org,Wireless Ergonomic Mouse,Accessories,5.0,48.64,243.2,South,PayPal,Completed
ORD-2024-1906,2023-07-02,  Patricia   Smith  ,patricia.smith@retailhub.org,WIRELESS ERGONOMIC MOUSE,accessories,3.0,51.88,155.64,Central,Debit Card,Cancelled
ORD-2024-1631,2023.02.18,  Sandra   Davis  ,sandra.davis@yahoo.com,Bluetooth Conference Speaker,Electronics,1.0,149.07,149.07,Central,PayPal,Shipped
ORD-2024-2048,2024.02.17,John King,john.king@corporate.net,UltraBook Pro 15,Electronics,1.0,1341.14,1341.14,South,Bank Transfer,Pending
ORD-2024-3092,"Apr 14, 2024",Kenji Anderson,kenji.anderson@gmail.com,Cable Management Kit,Accessories,3.0,18.82,56.46,East,PayPal,Shipped
ORD-2024-1633,2023-08-06,Sarah Brown,sarah.brown@outlook.com,Filing Cabinet 3-Drawer,Furniture,2.0,187.88,,Central,PayPal,Refunded
ORD-2024-1121,2024-02-16,Mark Perez,mark.perez@retailhub.org,Ergonomic Office Chair,Furniture,2.0,247.45,494.9,West,PayPal,Pending
ORD-2024-1283,2024-05-07,Elizabeth Kim,elizabeth.kim@outlook.com,Cable Management Kit,Accessories,1.0,18.8,18.8,Central,Bank Transfer,Pending
ORD-2024-1212,2024-04-17,Donna Jones,donna.jones@gmail.com,UltraBook Pro 15,Electronics,1.0,1247.51,1247.51,North,Debit Card,Completed
ORD-2024-1232,32/01/2024,Liam Walker,liam.walker@outlook.com,USB-C Multi-Port Hub,Accessories,4.0,38.99,155.96,West,Credit Card,Shipped
ORD-2024-2568,2023.02.01,Barbara Sanchez,barbara.sanchez@gmail.com,noise-canceling headphones,Electronics,5.0,209.01,1045.05,South,,Cancelled
ORD-2024-1057,2023-02-07,  Christopher   Hill  ,christopher.hill@techfirm.io,Smart Water Bottle,Office Supplies,2.0,36.03,72.06,Central,PayPal,Shipped
ORD-2024-1343,04/06/2023,Liam Thomas,liam.thomas@yahoo.com,Cable Management Kit,Accessories,1.0,-9.25,-9.25,West,Cash on Delivery,Pending
ORD-2024-2750,2024-99-99,kimberly wright,kimberly.wright@gmail.com,Desk LED Lamp,Office Supplies,,30.19,,South,Credit Card,Refunded
ORD-2024-1811,2023-06-24,Ashley Kim,ashley.kim@corporate.net,USB-C Multi-Port Hub,Accessories,4.0,40.72,162.88,,Cash on Delivery,Completed
ORD-2024-1787,2023-12-24,Barbara Moore,barbara.moore@corporate.net,Wireless Ergonomic Mouse,Accessories,2.0,48.95,97.9,East,Debit Card,Pending
ORD-2024-1362,2024-01-10,Charles Williams,charles.williams@techfirm.io,Executive Leather Notebook, OFFICE SUPPLIES ,,22.12,,West,Credit Card,Pending
ORD-2024-2118,2024-02-31,John Jackson,john.jackson@retailhub.org,Cable Management Kit,  Accessories  ,3.0,19.04,57.12,North,Debit Card,Pending
ORD-2024-2183,2023-03-10,David Rodriguez,david.rodriguez@outlook.com,WIRELESS ERGONOMIC MOUSE,Accessories,8.0,51.95,415.6,North,Cash on Delivery,Pending
ORD-2024-2892,2023-01-25,  Sofia   Thompson  ,sofia.thompson@corporate.net,ultrabook pro 15,Electronics,1.0,1240.9,1240.9,SOUTH,PayPal,Refunded
ORD-2024-2711,2023-05-23,William White,william.white@yahoo.com,Noise-Canceling Headphones,Electronics,1.0,198.22,198.22,North,,Pending
ORD-2024-2557,"Apr 15, 2023",Sandra Nguyen,sandra.nguyen@outlook.com,Adjustable Standing Desk,Furniture,3.0,515.13,1545.39,Central,Credit Card,Completed
ORD-2024-1234,2023.01.12,Michael Jackson,michael.jackson@retailhub.org,UltraBook Pro 15,  Electronics  ,1.0,1338.92,1338.92,North,PayPal,cancelled
ORD-2024-1977,"Apr 22, 2023",Barbara Davis,barbara.davis@corporate.net,Ergonomic Office Chair,Furniture,,238.63,,East,Credit Card,Cancelled
ORD-2024-1299,"Mar 30, 2024",Kenji Walker,kenji.walker@retailhub.org,HD Webcam 1080p,Accessories,2.0,-34.5,-69.0,North,Bank Transfer,Completed
ORD-2024-2458,2024-02-06,Linda Tanaka,,Smart Water Bottle,Office Supplies,2.0,36.01,72.02,Central,Credit Card,Completed
ORD-2024-2539,15/09/2023,joseph williams,joseph.williams@outlook.com,Wireless Ergonomic Mouse,Accessories,2.0,51.05,102.1,East,PayPal,Refunded
ORD-2024-2450,2023-01-13,SANDRA ROBINSON,,Executive Leather Notebook,Office Supplies,2.0,21.58,43.16,North,Credit Card,Completed
ORD-2024-2495,2023-07-24,Fatima Tanaka,fatima.tanaka@corporate.net,UltraBook Pro 15,Electronics,2.0,1278.82,,  central  ,,
ORD-2024-2174,2023-09-26,Joshua Sato,joshua.sato@outlook.com,HD Webcam 1080p,Accessories,2.0,66.08,132.16,North,Credit Card,Shipped
ORD-2024-2179,2023-08-10,Mary Robinson,mary.robinson@corporate.net,Executive Leather Notebook,Office Supplies,1.0,21.68,21.68,  west  ,Debit Card,Completed
ORD-2024-2966,2024-01-09,Andrew Anderson,andrew.anderson@outlook.com,laser printer pro,Office Supplies,1.0,282.07,282.07,North,Cash on Delivery,Shipped
ORD-2024-2841,"May 22, 2023",Betty Tanaka,betty.tanaka@corporate.net,HD Webcam 1080p,  Accessories  ,1.0,72.23,72.23,Central,Debit Card,Pending
ORD-2024-1926,2024-03-11,Robert Wright,robert.wright@techfirm.io,4K Ultra HD Monitor 27-inch,Electronics,1.0,401.47,401.47,West,PayPal,Shipped
ORD-2024-1045,2024-03-23,Michael King,michael_king@,Laser Printer Pro,Office Supplies,3.0,282.44,847.32,  east  ,Debit Card,Pending
ORD-2024-2404,2023-09-03,Margaret Scott,margaret.scott@techfirm.io,  Filing Cabinet 3-Drawer  ,Furniture,2.0,173.19,346.38,North,Credit Card,Pending
ORD-2024-2994,2023-10-11,Joseph Gonzalez,joseph.gonzalez@retailhub.org,4K Ultra HD Monitor 27-inch,electronics,2.0,,,South,Credit Card,Shipped
ORD-2024-2702,2023-08-23,Christopher Hill,christopher.hill@outlook.com,HD Webcam 1080p,Accessories,8.0,66.58,532.64,North,Credit Card,Shipped
ORD-2024-1572,2023-06-09,christopher king,christopher.king@yahoo.com,Adjustable Standing Desk,Furniture,4.0,498.51,1994.04,Central,Bank Transfer,Pending
ORD-2024-1193,2023-13-45,patricia tanaka,patricia.tanaka@yahoo.com,Desk LED Lamp,  Office Supplies  ,2406.0,30.25,72781.5,North,Debit Card,Refunded
ORD-2024-2152,2023-05-12,  Michael   Rodriguez  ,michael.rodriguez@techfirm.io,Mechanical Gaming Keyboard,Accessories,1.0,116.25,,South,Cash on Delivery,Shipped
ORD-2024-2443,2024-03-23,Tariq Davis,tariq.davis@techfirm.io,Ergonomic Office Chair,Furniture,2.0,259.7,519.4,Central,PayPal,Completed
ORD-2024-1446,2023-07-13,Linda Lopez,linda.lopez@techfirm.io,EXECUTIVE LEATHER NOTEBOOK,Office Supplies,1.0,21.12,21.12,West,Debit Card,Cancelled
ORD-2024-1630,"Jan 17, 2024",Emma Allen,emma.allen@yahoo.com,HD Webcam 1080p,Accessories,2.0,71.46,142.92,East,Credit Card,Shipped
ORD-2024-1309,22/05/2023,Lisa Thompson,lisa.thompson@gmail.com,Executive Leather Notebook,Office Supplies,1.0,22.66,22.66,North,Cash on Delivery,Cancelled
ORD-2024-2289,2023-12-14,Christopher Johnson,christopher.johnson@gmail.com,Cable Management Kit,Accessories,1.0,18.41,18.41,West,Debit Card,Completed
ORD-2024-2837,2023-03-13,Susan Torres,susan.torres@gmail.com,Ergonomic Office Chair,Furniture,4.0,254.46,1017.84,Central,Credit Card,Shipped
ORD-2024-2910,2024-02-20,Aarav Lee,aarav.lee@outlook.com,Cable Management Kit,Accessories,8.0,18.81,150.48,East,Debit Card,Shipped
ORD-2024-1434,"Aug 05, 2023",Lisa Sato,lisa.sato@retailhub.org,usb-c multi-port hub,,1.0,39.18,39.18,South,PayPal,Completed
ORD-2024-1070,"Jul 05, 2023",Susan Perez,susan.perez@yahoo.com,Ergonomic Office Chair,Furniture,2.0,255.96,511.92,Central,Cash on Delivery,Shipped
ORD-2024-2584,2023-07-19,Jennifer Scott,jennifer.scott@outlook.com,Cable Management Kit,Accessories,2.0,18.4,36.8,North,Cash on Delivery,Refunded
ORD-2024-1986,"Nov 05, 2023",Margaret Sharma,margaret.sharma@retailhub.org,Desk LED Lamp,Office Supplies,1.0,28.45,28.45,East,Cash On Delivery,Refunded
ORD-2024-1650,15/02/2023,Betty Torres,betty.torres@corporate.net,Filing Cabinet 3-Drawer,  Furniture  ,1.0,183.72,183.72,South,PayPal,Completed
ORD-2024-1231,2023-08-22,Aarav Torres,aarav.torres@techfirm.io,Desk LED Lamp,Office Supplies,1.0,29.24,29.24,,PayPal,Cancelled
ORD-2024-2981,2023-11-19,Anthony Sanchez,anthony.sanchez@gmail.com,Wireless Ergonomic Mouse,Accessories,5.0,47.58,237.9,Central,Debit Card,Cancelled
ORD-2024-3070,2024-02-14,Sarah O'Connor,sarah.oconnor@corporate.net,  Laser Printer Pro  ,Office Supplies,4.0,269.23,1076.92,,Bank Transfer,Pending
ORD-2024-2178,2024-02-01,  Yuki   Williams  ,yuki.williams@outlook.com,Bluetooth Conference Speaker,Electronics,10.0,144.16,1441.6,East,wire,Refunded
ORD-2024-2023,2023-03-18,Mark Al-Mansoor,,Ergonomic Office Chair,,3.0,257.55,772.65,EAST,Debit Card,Completed
ORD-2024-2727,2023-06-03,Ashley Brown,ashley.brown@corporate.net,EXECUTIVE LEATHER NOTEBOOK,Office Supplies,2.0,20.93,41.86,North,Bank Transfer,Completed
ORD-2024-2587,"Apr 08, 2024",Patricia Wilson,patricia.wilson@outlook.com,Cable Management Kit,Accessories,3.0,17.72,53.16,North,PayPal,Cancelled
ORD-2024-1240,"May 03, 2023",John Tanaka,john.tanaka@yahoo.com,Executive Leather Notebook,  Office Supplies  ,1.0,21.11,21.11,SOUTH,Credit Card,Cancelled
ORD-2024-1100,2023.06.07,Sofia Allen,sofia.allen@outlook.com,4K Ultra HD Monitor 27-inch,Electronics,1.0,388.15,388.15,East,Debit Card,Refunded
ORD-2024-1431,2024-03-23,Mark Davis,mark.davis@yahoo.com,Noise-Canceling Headphones,Electronics,1.0,190.54,190.54,West,PayPal,Cancelled
ORD-2024-1555,2023.06.12,Emily Tanaka,emily.tanaka@retailhub.org,UltraBook Pro 15,Electronics,1.0,1296.11,1296.11,West,PayPal,Completed
ORD-2024-1602,2023-08-08,Michael Martinez,michael.martinez@techfirm.io,4K Ultra HD Monitor 27-inch,Electronics,1.0,388.32,388.32,North,Cash on Delivery,Pending
ORD-2024-3082,2023-07-18,Mary Flores,mary.flores@corporate.net,Noise-Canceling Headphones,Electronics,2.0,206.75,413.5,East,Credit Card,Completed
ORD-2024-1999,2023-02-27,Sandra Davis,sandra.davis@techfirm.io,Cable Management Kit,Accessories,1.0,18.48,18.48,North,Cash on Delivery,Completed
ORD-2024-2224,30/01/2023,JOSEPH SHARMA,joseph.sharma@corporate.net,Filing Cabinet 3-Drawer,Furniture,1.0,179.27,179.27,South,Credit Card,Shipped
ORD-2024-1515,2024-05-05,Barbara Taylor,barbara.taylor@outlook.com,Filing Cabinet 3-Drawer,Furniture,1.0,183.62,183.62,West,Bank Transfer,Completed
ORD-2024-3014,2024-02-04,Patricia Chen,patricia.chen@yahoo.com,DESK LED LAMP,Office Supplies,1.0,28.92,28.92,North,Bank Transfer,Cancelled
ORD-2024-1125,2023-12-20,Daniel Johnson,daniel.johnson@gmail.com,4K Ultra HD Monitor 27-inch,Electronics,1.0,389.82,389.82,  west  ,Bank Transfer,completed
ORD-2024-2829,2024-01-06,Sofia White,sofia.white@yahoo.com,Executive Leather Notebook,Office Supplies,3.0,22.93,68.79,SOUTH,Debit Card,Cancelled
ORD-2024-1186,2024-04-01,Patricia Smith,patricia.smith@corporate.net,Executive Leather Notebook, OFFICE SUPPLIES ,1.0,21.01,21.01,West,Credit Card,Refunded
ORD-2024-1298,"Mar 03, 2023",,liam.clark@yahoo.com,Cable Management Kit,Accessories,3.0,18.27,54.81,North,,Refunded
ORD-2024-2062,2024-01-22,Paul Patel,paul.patel@retailhub.org,Wireless Ergonomic Mouse,Accessories,1.0,,,West,Credit Card,Refunded
ORD-2024-1066,2023-06-15,  Aarav   Lee  ,,Cable Management Kit,Accessories,1.0,18.43,18.43,East,cc,Cancelled
ORD-2024-2821,2023-11-03,Aarav Williams,aarav.williams@com,HD Webcam 1080p,Accessories,,66.69,,,Credit Card,
ORD-2024-3006,"Feb 18, 2023",Emily Martinez,invalid_email_2006,Mechanical Gaming Keyboard,  Accessories  ,1.0,122.35,122.35,Central,Debit Card,Refunded
ORD-2024-2165,2023-01-16,Lisa Kim,lisa.kim@outlook.com,Adjustable Standing Desk,Furniture,2.0,523.06,1046.12,,Debit Card,Completed
ORD-2024-2406,2023-07-05,Barbara Torres,barbara.torres@retailhub.org,Filing Cabinet 3-Drawer,furniture,,174.28,,North,Credit Card,Completed
ORD-2024-2545,2024-02-31,Tariq Sato,tariq.sato@gmail.com,Executive Leather Notebook, OFFICE SUPPLIES ,2.0,21.3,42.6,West,Debit Card,Pending
ORD-2024-2037,2023-07-31,Mark Lee,mark.lee@techfirm.io,HD Webcam 1080p,Accessories,1.0,70.49,70.49,East,Credit Card,Refunded
ORD-2024-1427,13/07/2023,JOHN PEREZ,john.perez@corporate.net,  4K Ultra HD Monitor 27-inch  ,Electronics,2.0,371.18,742.36,West,Bank Transfer,Cancelled
ORD-2024-1708,2024-02-02,Mark Wilson,  mark.wilson@example.com  ,Ergonomic Office Chair,Furniture,,239.22,,East,Cash on Delivery,Refunded
ORD-2024-2693,"Apr 09, 2023",  Donna   Martinez  ,donna.martinez@gmail.com,Mechanical Gaming Keyboard,Accessories,2.0,121.19,242.38,Central,Cash on Delivery,Pending
ORD-2024-1220,2024-05-09,Donald Thomas,donald.thomas@corporate.net,Cable Management Kit,Accessories,1.0,19.03,19.03,East,Bank Transfer,Completed
ORD-2024-2381,"Feb 08, 2023",Carlos Hernandez,carlos.hernandez@corporate.net,Mechanical Gaming Keyboard,Accessories,2.0,115.28,230.56,East,Bank Transfer,Pending
ORD-2024-2028,17/04/2024,Anthony Garcia,anthony.garcia@outlook.com,UltraBook Pro 15,Electronics,1.0,1310.95,1310.95,South,Debit Card,Pending
ORD-2024-2553,2024.05.04,Kimberly Harris,kimberly.harris@outlook.com,Ergonomic Office Chair,Furniture,3.0,257.56,772.68,Central,Credit Card,Pending
ORD-2024-1213,2023-02-17,David Hill,invalid_email_213,Laser Printer Pro, OFFICE SUPPLIES ,1.0,287.08,287.08,Central,PayPal,Shipped
ORD-2024-3104,"Apr 07, 2024",Karen Martinez,karen.martinez@corporate.net,Filing Cabinet 3-Drawer,Furniture,1.0,173.43,173.43,East,credit card,Pending
ORD-2024-1433,2024.02.18,Thomas Davis,  thomas.davis@example.com  ,Smart Water Bottle,Office Supplies,1.0,36.24,36.24,North,Debit Card,Cancelled
ORD-2024-2652,2023-08-09,Michelle Kim,michelle.kim@gmail.com,Ergonomic Office Chair,Furniture,2.0,242.42,484.84,East,PayPal,Cancelled
ORD-2024-2503,2024-03-05,John Martinez,john.martinez@gmail.com,Adjustable Standing Desk,Furniture,2.0,492.67,985.34,  west  ,Credit Card,Completed
ORD-2024-2822,25/01/2024,Donald Hernandez,donald.hernandez@techfirm.io,Laser Printer Pro,Office Supplies,1.0,290.87,290.87,North,Debit Card,Shipped
ORD-2024-2729,2023-11-16,Tariq Allen,tariq.allen@outlook.com,Filing Cabinet 3-Drawer,Furniture,1.0,172.89,172.89,North,Bank Transfer,Shipped
ORD-2024-2304,2023-06-21,Kimberly Flores,kimberly.flores@techfirm.io,HD Webcam 1080p,Accessories,2.0,65.94,131.88,North,Credit Card,Cancelled
ORD-2024-1528,2024.04.17,Michael Al-Mansoor,michael.al-mansoor@retailhub.org,Noise-Canceling Headphones,Electronics,1.0,198.63,198.63,North,Credit Card,Shipped
ORD-2024-2794,2023-12-15,Liam Patel,liam.patel@gmail.com,Laser Printer Pro,Office Supplies,1.0,266.36,266.36,South,Debit Card,Completed
ORD-2024-1211,2024-05-11,Mary Kim,mary.kim@gmail.com,Noise-Canceling Headphones,Electronics,1.0,201.97,201.97,South,Debit Card,Pending
ORD-2024-1975,"Jan 19, 2024",Carlos Davis,carlos.davis@corporate.net,Laser Printer Pro,Office Supplies,1.0,268.11,268.11,North,Bank Transfer,Completed
ORD-2024-1300,2023.10.13,Linda King,linda.king@techfirm.io,USB-C Multi-Port Hub,Accessories,1.0,38.59,38.59,West,Credit Card,pending
ORD-2024-2747,05/07/2023,Michelle Wilson,michelle.wilson@yahoo.com,4K Ultra HD Monitor 27-inch,Electronics,4.0,372.88,1491.52,South,Cash on Delivery,Pending
ORD-2024-1830,2023-07-07,,tariq.chen@yahoo.com,Mechanical Gaming Keyboard,Accessories,2.0,122.33,244.66,SOUTH,Credit Card,Refunded
ORD-2024-2560,2023-08-01,Matthew Moore,matthew.moore@corporate.net,4K Ultra HD Monitor 27-inch,Electronics,4.0,372.07,1488.28,West,Debit Card,Pending
ORD-2024-1907,,Ashley Miller,ashley.miller@yahoo.com,Cable Management Kit, ACCESSORIES ,3.0,18.77,56.31,North,cod,Refunded
ORD-2024-1221,2023-12-25,jessica jackson,jessica.jackson@outlook.com,Mechanical Gaming Keyboard,Accessories,1.0,115.71,115.71,South,PayPal,Shipped
ORD-2024-2193,,Christopher Anderson,christopher.anderson@yahoo.com,  Adjustable Standing Desk  ,Furniture,1.0,504.69,504.69,SOUTH,Bank Transfer,Refunded
ORD-2024-1238,2023-03-06,Christopher Scott,christopher.scott@corporate.net,  Noise-Canceling Headphones  ,Electronics,1.0,-99.97,-99.97,Central,PayPal,Refunded
ORD-2024-1987,2023-01-02,Joshua Robinson,joshua.robinson@outlook.com,Bluetooth Conference Speaker,Electronics,1.0,144.43,144.43,East,Cash on Delivery,Cancelled
ORD-2024-2388,2024-01-04,ASHLEY PATEL,ashley.patel@outlook.com,4K Ultra HD Monitor 27-inch,Electronics,1.0,403.14,403.14,  west  ,PayPal,Cancelled
ORD-2024-1352,2024-03-09,Elizabeth Davis,elizabeth.davis@outlook.com,Adjustable Standing Desk,Furniture,2.0,484.65,969.3,,Credit Card,Cancelled
ORD-2024-1637,2024-03-04,margaret clark,  margaret.clark@example.com  ,HD Webcam 1080p,Accessories,2.0,70.15,140.3,North,Cash on Delivery,Cancelled
ORD-2024-2403,06/05/2023,Donna Sharma,donna.sharma@gmail.com,HD Webcam 1080p,Accessories,1.0,67.79,67.79,East,Bank Transfer,Completed
ORD-2024-2371,"Nov 26, 2023",Sandra Anderson,sandra.anderson@outlook.com,USB-C Multi-Port Hub,Accessories,2.0,38.68,77.36,Central,Bank Transfer,Pending
ORD-2024-1322,2023.09.15,Richard Scott,richard.scott@techfirm.io,4K Ultra HD Monitor 27-inch,Electronics,1.0,,,East,Cash on Delivery,Refunded
ORD-2024-2461,2023-01-11,Liam Garcia,liam.garcia@outlook.com,4K Ultra HD Monitor 27-inch, ELECTRONICS ,8.0,370.68,2965.44,North,Cash on Delivery,Cancelled
ORD-2024-2171,2023-09-25,priya o'connor,priya.oconnor@gmail.com,  Executive Leather Notebook  ,Office Supplies,4.0,22.82,91.28,South,PayPal,Shipped
ORD-2024-1014,2023-03-09,Karen Robinson,karen.robinson@gmail.com,UltraBook Pro 15,Electronics,1.0,1269.47,1269.47,South,PayPal,Refunded
ORD-2024-1706,2023-06-25,Susan Martin,susan.martin@corporate.net,Wireless Ergonomic Mouse,Accessories,1.0,49.86,49.86,North,Debit Card,Pending
ORD-2024-1297,2024-02-23,Linda Young,linda.young@gmail.com,Noise-Canceling Headphones,Electronics,2.0,209.46,418.92,South,Debit Card,Completed
ORD-2024-2074,2024-99-99,Margaret Martin,margaret.martin@corporate.net,Bluetooth Conference Speaker,Electronics,,141.7,,North,PayPal,Shipped
ORD-2024-1773,12/04/2023,Sandra Brown,sandra.brown@yahoo.com,wireless ergonomic mouse,Accessories,2.0,48.99,97.98,North,PayPal,Completed
ORD-2024-1472,2023-03-12,Priya Thomas,priya.thomas@techfirm.io,Executive Leather Notebook,Office Supplies,2.0,22.17,44.34,North,Credit Card,Completed
ORD-2024-2793,2023-02-14,Matthew Allen,matthew.allen@techfirm.io,Filing Cabinet 3-Drawer,Furniture,8.0,182.08,1456.64,Central,Bank Transfer,Shipped
ORD-2024-1439,2023-06-04,Barbara Patel,barbara.patel@retailhub.org,Mechanical Gaming Keyboard,Accessories,1.0,117.91,117.91,  west  ,Debit Card,Refunded
ORD-2024-1622,2024.05.11,Donna Kim,donna.kim@yahoo.com,4K Ultra HD Monitor 27-inch,Electronics,10.0,377.73,3777.3,West,Credit Card,Completed
ORD-2024-2826,2023-04-22,Fatima Sato,fatima.sato@outlook.com,USB-C Multi-Port Hub,Accessories,3.0,41.49,124.47,West,Cash on Delivery,Completed
ORD-2024-2941,2023-03-12,Richard Allen,richard.allen@outlook.com,Desk LED Lamp,Office Supplies,2.0,28.28,56.56,South,PayPal,
ORD-2024-2233,2024-02-06,Emily Garcia,emily.garcia@corporate.net,Wireless Ergonomic Mouse, ACCESSORIES ,1.0,47.84,47.84,Central,Cash on Delivery,
ORD-2024-2522,2024-04-11,Michelle Moore,michelle.moore@techfirm.io,Desk LED Lamp,Office Supplies,2.0,28.87,57.74,North,PayPal,Shipped
ORD-2024-1870,2023-12-23,Kenji Williams,,Mechanical Gaming Keyboard,Accessories,2.0,120.16,240.32,South,PayPal,Refunded
ORD-2024-2045,2024-02-09,Donald Robinson,donald.robinson@techfirm.io,Wireless Ergonomic Mouse,Accessories,-1.0,49.01,-49.01,South,Bank Transfer,Shipped
ORD-2024-3035,2023-04-16,Richard Taylor,richard.taylor@corporate.net,Mechanical Gaming Keyboard,,2.0,116.05,232.1,Central,Credit Card,Pending
ORD-2024-2593,2024-04-24,Ashley White,ashley.white@yahoo.com,Cable Management Kit,,1.0,19.33,19.33,South,PayPal,Cancelled
ORD-2024-1949,2024-02-14,Donald Smith,invalid_email_949,Cable Management Kit,Accessories,1.0,18.63,18.63,North,PayPal,Pending
ORD-2024-2512,2023-07-30,Steven Flores,steven.flores@outlook.com,USB-C Multi-Port Hub, ACCESSORIES ,2.0,40.65,81.3,South,Debit Card,
ORD-2024-1671,2023-12-25,Kenji Thomas,kenji.thomas@yahoo.com,CABLE MANAGEMENT KIT,,2.0,18.99,37.98,East,Debit Card,Cancelled
ORD-2024-2449,,charles johnson,charles.johnson@techfirm.io,Filing Cabinet 3-Drawer,Furniture,3.0,185.68,557.04,Central,CREDIT_CARD,Completed
ORD-2024-3117,2023-05-16,Daniel Harris,  daniel.harris@example.com  ,Ergonomic Office Chair,Furniture,1.0,259.22,259.22,North,PayPal,Shipped
ORD-2024-1755,2024-02-02,Susan Hernandez,susan.hernandez@techfirm.io,Mechanical Gaming Keyboard,Accessories,5.0,120.19,600.95,East,Credit Card,shipped
ORD-2024-1407,2023.07.20,Linda Rodriguez,linda.rodriguez@gmail.com,Filing Cabinet 3-Drawer,Furniture,1.0,183.76,183.76,East,Debit Card,Cancelled
ORD-2024-3032,23/09/2023,Susan Taylor,  susan.taylor@example.com  ,4K Ultra HD Monitor 27-inch,,1.0,378.59,378.59,SOUTH,Debit Card,Cancelled
ORD-2024-1317,2024-01-09,David Nguyen,david.nguyen@outlook.com,Executive Leather Notebook,Office Supplies,5.0,21.73,,East,Debit Card,Refunded
ORD-2024-2006,2024-04-09,JENNIFER ROBINSON,jennifer.robinson@techfirm.io,Desk LED Lamp,Office Supplies,1.0,30.76,30.76,South,Cash on Delivery,Completed
ORD-2024-1106,2023-05-06,Betty Lewis,betty.lewis@gmail.com,Ergonomic Office Chair,Furniture,3.0,252.44,757.32,East,Debit Card,Pending
ORD-2024-3060,2023.03.20,Charles Gonzalez,charles.gonzalez@corporate.net,Bluetooth Conference Speaker,Electronics,1.0,149.01,149.01,West,Debit Card,Pending
ORD-2024-1122,2024-02-23,Lisa Davis,lisa.davis@techfirm.io,Adjustable Standing Desk,Furniture,2.0,495.93,991.86,West,PayPal,Shipped
ORD-2024-1428,"Jan 23, 2024",Margaret Perez,margaret.perez@outlook.com,USB-C Multi-Port Hub,Accessories,1.0,39.31,39.31,West,PayPal,
ORD-2024-2182,2023-07-16,Barbara Davis,barbara.davis@corporate.net,Cable Management Kit,Accessories,1.0,17.72,17.72,West,Bank Transfer,Completed
ORD-2024-1388,2023-08-10,  Anthony   Moore  ,anthony.moore@corporate.net,Bluetooth Conference Speaker, ELECTRONICS ,1.0,149.48,149.48,East,Debit Card,Shipped
ORD-2024-1994,13/07/2023,  Emma   Rodriguez  ,emma.rodriguez@techfirm.io,Laser Printer Pro,  Office Supplies  ,3.0,288.91,866.73,,Bank Transfer,Completed
ORD-2024-2352,invalid_date,Karen Walker,karen.walker@corporate.net,  Smart Water Bottle  ,Office Supplies,1.0,35.8,35.8,East,Credit Card,Pending
ORD-2024-1783,"Feb 01, 2023",Patricia Davis,patricia.davis@techfirm.io,4K Ultra HD Monitor 27-inch,Electronics,1.0,406.98,406.98,West,PayPal,Cancelled
ORD-2024-1116,28/10/2023,Yuki Sanchez,yuki.sanchez@techfirm.io,USB-C Multi-Port Hub,Accessories,2.0,40.95,81.9,North,Bank Transfer,cancelled
ORD-2024-1077,2023-12-23,barbara rodriguez,barbara.rodriguez@corporate.net,Wireless Ergonomic Mouse, ACCESSORIES ,1.0,50.07,50.07,East,,Completed
ORD-2024-1533,2023-08-09,Joseph Johnson,joseph_johnson@,Filing Cabinet 3-Drawer,Furniture,1.0,183.51,183.51,South,Credit Card,Pending
ORD-2024-1383,2024-01-14,john martin,john.martin@yahoo.com,HD Webcam 1080p,Accessories,3.0,72.07,216.21,West,Bank Transfer,Cancelled
ORD-2024-2188,2023-08-23,Sandra Nguyen,sandra.nguyen@yahoo.com,UltraBook Pro 15,Electronics,1.0,1290.23,1290.23,CENTRAL,Debit Card,completed
ORD-2024-2973,2023-11-07,Barbara Jones,barbara.jones@outlook.com,Filing Cabinet 3-Drawer,Furniture,4.0,186.56,746.24,West,Debit Card,Completed
ORD-2024-2792,2024-04-16,Yuki Hill,yuki.hill@gmail.com,HD Webcam 1080p,Accessories,1.0,71.59,71.59,North,  Credit Card  ,Cancelled
ORD-2024-1549,2023-03-09,Kimberly Harris,kimberly.harris@corporate.net,USB-C Multi-Port Hub,accessories,4.0,40.46,161.84,EAST,Cash on Delivery,Cancelled
ORD-2024-2914,2023.06.09,John Sanchez,john.sanchez@techfirm.io,Mechanical Gaming Keyboard,Accessories,4.0,118.53,474.12,West,Debit Card,Completed
ORD-2024-1694,2023-03-23,Liam Hill,liam.hill@outlook.com,filing cabinet 3-drawer,Furniture,,182.72,,West,Credit Card,completed
ORD-2024-2681,2023-09-20,  Mary   Murphy  ,mary.murphy@yahoo.com,Laser Printer Pro,Office Supplies,1370.0,265.15,363255.5,North,PAYPAL,Cancelled
ORD-2024-3013,28/02/2023,David Lewis,david.lewis@gmail.com,Mechanical Gaming Keyboard,,1.0,117.8,117.8,North,  Credit Card  ,Shipped
ORD-2024-1728,2023-01-27,Tariq Lopez,tariq.lopez@corporate.net,Adjustable Standing Desk,Furniture,3.0,479.12,1437.36,North,Debit Card,Shipped
ORD-2024-1638,2023-04-24,  Carlos   Moore  ,carlos.moore@retailhub.org,Executive Leather Notebook,Office Supplies,2.0,21.74,43.48,North,Credit Card,Shipped
ORD-2024-3110,2023-01-31,Sofia Tanaka,sofia.tanaka@gmail.com,EXECUTIVE LEATHER NOTEBOOK,Office Supplies,2.0,22.99,45.98,West,Bank Transfer,Refunded
ORD-2024-2092,2023-09-25,ANTHONY O'CONNOR,anthony.oconnor@yahoo.com,HD Webcam 1080p,Accessories,3.0,71.13,213.39,North,Cash on Delivery,
ORD-2024-1417,10/02/2023,Lisa Young,lisa.young@yahoo.com,Wireless Ergonomic Mouse,Accessories,1.0,48.16,48.16,North,Cash on Delivery,Pending
ORD-2024-2779,27/06/2023,Priya Miller,priya.miller@yahoo.com,USB-C Multi-Port Hub,Accessories,4.0,40.44,161.76,East,Cash on Delivery,Refunded
ORD-2024-2507,2023-11-14,Donald White,donald.white@corporate.net,HD Webcam 1080p,Accessories,4.0,67.14,268.56,West,Bank Transfer,Shipped
ORD-2024-1945,2023-10-08,Barbara Brown,barbara_brown@,UltraBook Pro 15,Electronics,1.0,1319.75,1319.75,North,Credit Card,Refunded
ORD-2024-1179,2023-03-05,Priya Williams,priya.williams@techfirm.io,Wireless Ergonomic Mouse, ACCESSORIES ,4.0,48.07,192.28,East,PayPal,Completed
ORD-2024-2106,2024-02-05,sofia murphy,sofia.murphy@gmail.com,Laser Printer Pro,Office Supplies,,291.66,,South,Bank Transfer,Refunded
ORD-2024-2805,2023-10-14,Joseph Johnson,joseph.johnson@retailhub.org,Desk LED Lamp,Office Supplies,1.0,28.05,28.05,South,Debit Card,Shipped
ORD-2024-2591,2023-04-24,Andrew Clark,  andrew.clark@example.com  ,Laser Printer Pro,Office Supplies,2.0,282.08,564.16,South,Debit Card,Pending
ORD-2024-1868,"Feb 19, 2023",Mark Moore,mark.moore@gmail.com,USB-C Multi-Port Hub,Accessories,2.0,40.17,80.34,South,Debit Card,Refunded
ORD-2024-3059,2023-11-03,Thomas Ramirez,thomas.ramirez@gmail.com,Mechanical Gaming Keyboard,,1.0,122.48,122.48,West,Cash on Delivery,Pending
ORD-2024-1586,2023-07-08,Steven Smith,steven.smith@gmail.com,usb-c multi-port hub,Accessories,1.0,40.61,40.61,West,Cash on Delivery,cancelled
ORD-2024-1841,2024.01.10,  Susan   Hernandez  ,susan.hernandez@retailhub.org,Cable Management Kit,Accessories,1.0,18.82,18.82,North,PayPal,refunded
ORD-2024-2880,"May 02, 2024",Emma Chen,emma.chen@retailhub.org,usb-c multi-port hub,Accessories,,41.98,,East,Debit Card,Completed
ORD-2024-1799,2023-11-13,Richard Lopez,  richard.lopez@example.com  ,USB-C Multi-Port Hub,  Accessories  ,1.0,41.74,41.74,Central,Cash on Delivery,Cancelled
ORD-2024-3090,,Jennifer Martinez,jennifer.martinez@gmail.com,Noise-Canceling Headphones,Electronics,1.0,200.65,200.65,West,Bank Transfer,Cancelled
ORD-2024-1635,2024-04-28,  Susan   Lewis  ,susan.lewis@outlook.com,UltraBook Pro 15,Electronics,3.0,1265.17,3795.51,Central,Cash on Delivery,Pending
ORD-2024-2933,12/09/2023,  Mary   Clark  ,mary.clark@gmail.com,Ergonomic Office Chair,Furniture,1.0,246.61,246.61,  east  ,Debit Card,Shipped
ORD-2024-2343,2023-07-12,,liam.flores@gmail.com,USB-C Multi-Port Hub,Accessories,2.0,38.15,76.3,Central,Wire Transfer,Shipped
ORD-2024-2509,2024.01.28,Mark Ramirez,mark.ramirez@techfirm.io,Cable Management Kit,accessories,1.0,19.12,19.12,North,Cash on Delivery,Completed
ORD-2024-2222,"Oct 10, 2023",Daniel Young,daniel.young@outlook.com,UltraBook Pro 15,Electronics,3.0,1313.35,3940.05,East,PayPal,Refunded
ORD-2024-2810,2023-08-19,Nancy Jones,nancy.jones@corporate.net,wireless ergonomic mouse,  Accessories  ,1.0,49.24,49.24,South,PayPal,Shipped
ORD-2024-2201,31/08/2023,Patricia Walker,patricia.walker@gmail.com,4K Ultra HD Monitor 27-inch,Electronics,8.0,370.29,2962.32,East,Credit Card,Completed
ORD-2024-2323,2023-09-22,Margaret Lewis,margaret.lewis@outlook.com,  Cable Management Kit  ,Accessories,4.0,19.19,76.76,North,Bank Transfer,Completed
ORD-2024-1064,2023-01-11,William Flores,william.flores@outlook.com,Mechanical Gaming Keyboard,accessories,1.0,123.93,123.93,South,cc,Pending
ORD-2024-2132,32/01/2024,Sarah White,sarah.white@retailhub.org,Wireless Ergonomic Mouse,Accessories,1.0,48.47,48.47,WEST,Debit Card,Shipped
ORD-2024-2125,2024-02-03,John Walker,john.walker@retailhub.org,BLUETOOTH CONFERENCE SPEAKER,Electronics,1.0,146.72,146.72,East,,Pending
ORD-2024-2801,2023.10.07,Sofia Murphy,sofia.murphy@corporate.net,Filing Cabinet 3-Drawer,  Furniture  ,4.0,173.0,692.0,East,PayPal,Cancelled
ORD-2024-1933,2024-01-14,Margaret Allen,margaret.allen@retailhub.org,  Executive Leather Notebook  ,Office Supplies,1.0,22.69,,East,PayPal,Cancelled
ORD-2024-2055,"Nov 30, 2023",Charles Gonzalez,charles.gonzalez@corporate.net,Adjustable Standing Desk,Furniture,1.0,504.11,504.11,West,Cash on Delivery,
ORD-2024-2286,04/10/2023,David Sato,david.sato@yahoo.com,4K Ultra HD Monitor 27-inch,Electronics,3.0,390.21,1170.63,East,Credit Card,Shipped
ORD-2024-3068,2023-01-08,Anthony Jones,anthony.jones@outlook.com,Laser Printer Pro, OFFICE SUPPLIES ,1.0,291.56,291.56,North,Cash on Delivery,Refunded
ORD-2024-2668,19/03/2023,Jennifer King,jennifer.king@retailhub.org,Desk LED Lamp,Office Supplies,2.0,28.42,,Central,Credit Card,Pending
ORD-2024-2964,2023.11.24,Elizabeth Anderson,elizabeth.anderson@corporate.net,Bluetooth Conference Speaker,Electronics,5.0,149.72,748.6,East,Debit Card,Refunded
ORD-2024-2108,2023-08-17,Susan Johnson,susan.johnson@techfirm.io,Mechanical Gaming Keyboard,Accessories,2.0,115.6,231.2,East,Bank Transfer,Completed
ORD-2024-2720,2024-01-12,Lisa Jones,lisa.jones@retailhub.org,mechanical gaming keyboard,Accessories,2.0,120.87,241.74,North,Cash on Delivery,Pending
ORD-2024-2445,invalid_date,Mark Williams,mark.williams@techfirm.io,HD Webcam 1080p,Accessories,2.0,71.19,142.38,North,Bank Transfer,Pending
ORD-2024-1536,2023-05-30,Jessica King,jessica.king@techfirm.io,  4K Ultra HD Monitor 27-inch  ,Electronics,2.0,377.47,754.94,South,Debit Card,Pending
ORD-2024-3041,2023-01-03,James Williams,james@@domain.com,Laser Printer Pro,Office Supplies,1.0,273.3,273.3,East,Cash on Delivery,
ORD-2024-1206,2023-04-19,Emily Taylor,emily.taylor@corporate.net,Ergonomic Office Chair,Furniture,3.0,249.11,747.33,Central,,Refunded
ORD-2024-1529,32/01/2024,Andrew Wright,andrew.wright@retailhub.org,Executive Leather Notebook,Office Supplies,2.0,22.88,45.76,West,Cash on Delivery,Refunded
ORD-2024-1979,2023.01.30,Margaret Ramirez,margaret.ramirez@retailhub.org,Adjustable Standing Desk, FURNITURE ,1.0,490.85,490.85,North,,Shipped
ORD-2024-2383,2023-09-19,  Sofia   Perez  ,sofia.perez@retailhub.org,4K Ultra HD Monitor 27-inch,Electronics,3.0,399.9,1199.7,West,Bank Transfer,Shipped
ORD-2024-1545,2024.04.26,Donna Williams,donna.williams@retailhub.org,Mechanical Gaming Keyboard,Accessories,2.0,121.06,242.12,North,Debit Card,Refunded
ORD-2024-2957,2023-12-13,Robert Robinson,robert.robinson@yahoo.com,4K Ultra HD Monitor 27-inch,Electronics,2.0,396.17,792.34,CENTRAL,Cash on Delivery,Pending
ORD-2024-2707,2024-03-08,Fatima O'Connor,fatima.oconnor@techfirm.io,Smart Water Bottle,Office Supplies,3.0,36.5,109.5,South,PayPal,Cancelled
ORD-2024-2303,24/05/2023,Thomas Brown,thomas.brown@yahoo.com,4K ULTRA HD MONITOR 27-INCH,Electronics,1.0,389.72,,West,Cash on Delivery,Cancelled
ORD-2024-1589,2024-04-30,Donna Taylor,donna.taylor@retailhub.org,Cable Management Kit,Accessories,-4.0,17.67,-70.68,West,Bank Transfer,Completed
ORD-2024-1024,2023-11-10,Steven Ramirez,steven.ramirez@yahoo.com,Executive Leather Notebook,Office Supplies,1.0,21.97,21.97,East,Bank Transfer,Refunded
ORD-2024-2863,,Thomas Sanchez,thomas.sanchez@yahoo.com,Mechanical Gaming Keyboard,Accessories,,125.41,,West,Debit Card,Shipped
ORD-2024-1583,"Apr 17, 2024",Joshua Al-Mansoor,joshua.al-mansoor@techfirm.io,ergonomic office chair,Furniture,8.0,256.64,2053.12,South,PayPal,Shipped
ORD-2024-1591,2023-12-19,Fatima King,,Smart Water Bottle,  Office Supplies  ,2.0,34.59,69.18,EAST,Credit Card,Pending
ORD-2024-1199,2024-03-18,Michael Wilson,michael.wilson@retailhub.org,Laser Printer Pro,Office Supplies,1.0,274.3,274.3,EAST,Debit Card,Pending
ORD-2024-1050,2023-06-08,Robert Nguyen,robert.nguyen@outlook.com,Smart Water Bottle,Office Supplies,2.0,35.11,70.22,East,Cash on Delivery,Pending
ORD-2024-1174,"Apr 03, 2023",Donald Rodriguez,donald.rodriguez@techfirm.io,Adjustable Standing Desk,Furniture,1.0,517.53,517.53,East,Bank Transfer,Completed
ORD-2024-2866,2023-09-17,Thomas Sanchez,thomas.sanchez@yahoo.com,Desk LED Lamp,Office Supplies,3.0,29.72,89.16,East,Credit Card,Pending
ORD-2024-2654,2023-12-25,Liam Clark,,Bluetooth Conference Speaker,Electronics,2.0,,,North,Credit Card,Pending
ORD-2024-1965,2023-08-25,Michael Walker,michael.walker@outlook.com,HD Webcam 1080p,Accessories,5.0,67.37,336.85,South,Cash on Delivery,Cancelled
ORD-2024-1309,22/05/2023,Lisa Thompson,lisa.thompson@gmail.com,Executive Leather Notebook,Office Supplies,1.0,22.66,22.66,North,Cash on Delivery,Cancelled
ORD-2024-2308,2023-08-04,Jessica Jones,jessica.jones@outlook.com,HD Webcam 1080p,Accessories,-5.0,67.22,-336.1,East,Bank Transfer,Pending
ORD-2024-1618,04/02/2024,William Allen,  william.allen@example.com  ,Cable Management Kit,Accessories,3.0,18.09,54.27,South,Credit Card,Refunded
ORD-2024-1788,2024-03-28,Betty Kim,betty.kim@gmail.com,MECHANICAL GAMING KEYBOARD,Accessories,3.0,120.03,360.09,Central,PayPal,Shipped
ORD-2024-1060,2024-03-08,Emma Flores,emma.flores@gmail.com,  HD Webcam 1080p  ,Accessories,5.0,66.8,334.0,North,Credit Card,Refunded
ORD-2024-1072,2023-08-14,Charles Harris,charles.harris@yahoo.com,Noise-Canceling Headphones,  Electronics  ,2.0,201.04,402.08,North,PayPal,Refunded
ORD-2024-2909,2023-04-01,Steven Tanaka,steven.tanaka@outlook.com,Ergonomic Office Chair,Furniture,10.0,251.88,2518.8,East,Debit Card,Shipped
ORD-2024-2959,2024-02-20,Emily Ramirez,emily.ramirez@retailhub.org,Desk LED Lamp,Office Supplies,1.0,29.33,29.33,South,Cash on Delivery,Shipped
ORD-2024-1483,2023-11-14,Patricia Murphy,patricia.murphy@techfirm.io,UltraBook Pro 15,electronics,2.0,1263.99,2527.98,East,Debit Card,Cancelled
ORD-2024-2657,2023.12.29,Andrew Ramirez,andrew.ramirez@yahoo.com,UltraBook Pro 15,Electronics,2.0,1357.66,2715.32,CENTRAL,Debit Card,Cancelled
ORD-2024-1753,2024-02-03,Liam Moore,  liam.moore@example.com  ,Cable Management Kit,Accessories,2.0,18.47,36.94,East,Bank Transfer,Shipped
ORD-2024-1893,2024-05-12,Sandra Young,sandra.young@retailhub.org,Ergonomic Office Chair,Furniture,1.0,257.42,257.42,North,Debit Card,Shipped
ORD-2024-2042,2023-08-11,Joseph Kim,joseph.kim@outlook.com,Filing Cabinet 3-Drawer,Furniture,1.0,178.91,178.91,East,Credit Card,Completed
ORD-2024-2180,2024-02-31,william hernandez,william.hernandez@corporate.net,Mechanical Gaming Keyboard,Accessories,1.0,117.11,117.11,North,Bank Transfer,Shipped
ORD-2024-1163,16/10/2023,Liam Al-Mansoor,  liam.al-mansoor@example.com  ,Bluetooth Conference Speaker,Electronics,1.0,147.32,147.32,West,PayPal,Completed
ORD-2024-2524,2023-12-26,Nancy Lopez,nancy.lopez@retailhub.org,Filing Cabinet 3-Drawer,Furniture,2.0,179.07,358.14,North,Credit Card,Refunded
ORD-2024-1974,23/06/2023,  Susan   Kim  ,susan.kim@gmail.com,Wireless Ergonomic Mouse,Accessories,3.0,51.58,154.74,North,PayPal,Pending
ORD-2024-2105,32/01/2024,joshua lopez,joshua.lopez@techfirm.io,Cable Management Kit,Accessories,2.0,18.08,36.16,East,PayPal,Shipped
ORD-2024-2901,2024-02-17,Sandra Thomas,sandra.thomas@gmail.com,Mechanical Gaming Keyboard,Accessories,3.0,117.46,352.38,West,Credit Card,Refunded
ORD-2024-1651,2023-06-23,Michael King,michael.king@gmail.com,Wireless Ergonomic Mouse,accessories,,47.55,,East,,Completed
ORD-2024-1495,2024.03.06,Emma Harris,emma.harris@outlook.com,Mechanical Gaming Keyboard,Accessories,2.0,119.01,238.02,  east  ,PayPal,Cancelled
ORD-2024-1257,2023-10-18,Joshua Anderson,joshua.anderson@com,executive leather notebook,Office Supplies,2.0,21.75,43.5,South,,Cancelled
ORD-2024-2504,2024-05-15,Sofia Taylor,sofia.taylor@gmail.com,4K Ultra HD Monitor 27-inch,Electronics,2.0,404.5,809.0,,Credit Card,Pending
ORD-2024-3087,04/04/2024,  Richard   Perez  ,richard.perez@gmail.com,Cable Management Kit,Accessories,3.0,,,South,Debit Card,Completed
ORD-2024-1441,2024-02-06,Ashley Jones,ashley.jones@retailhub.org,4K Ultra HD Monitor 27-inch,Electronics,1.0,396.59,,East,PayPal,Shipped
ORD-2024-3011,2023-12-26,Karen White,karen.white@corporate.net,NOISE-CANCELING HEADPHONES,Electronics,1.0,207.86,207.86,Central,Credit Card,Cancelled
ORD-2024-3077,2023-08-10,david al-mansoor,david.al-mansoor@yahoo.com,USB-C Multi-Port Hub,Accessories,1.0,41.17,41.17,South,Debit Card,Shipped
ORD-2024-3004,2023-08-16,Michael Sharma,michael.sharma@outlook.com,UltraBook Pro 15,Electronics,3.0,1310.48,3931.44,  north  ,Credit Card,Refunded
ORD-2024-2745,2024.05.08,Anthony Murphy,,bluetooth conference speaker,,2.0,142.56,285.12,East,Debit Card,Refunded
ORD-2024-1860,2023-08-31,Barbara Gonzalez,  barbara.gonzalez@example.com  ,FILING CABINET 3-DRAWER,Furniture,1.0,183.13,183.13,Central,Debit Card,Shipped
ORD-2024-2273,2023.03.24,Richard Clark,richard.clark@retailhub.org,UltraBook Pro 15,Electronics,,1318.05,,,PayPal,Cancelled
ORD-2024-1021,11/10/2023,Anthony Tanaka,anthony.tanaka@yahoo.com,Desk LED Lamp,Office Supplies,1.0,29.81,29.81,South,PayPal,Pending
ORD-2024-2648,2024-03-29,CHRISTOPHER MURPHY,christopher.murphy@retailhub.org,HD Webcam 1080p,Accessories,-3.0,,,West,Bank Transfer,Pending
ORD-2024-1650,15/02/2023,Betty Torres,betty.torres@corporate.net,Filing Cabinet 3-Drawer,  Furniture  ,1.0,183.72,183.72,South,PayPal,Completed
ORD-2024-2162,"Mar 30, 2024",Aarav O'Connor,aarav.oconnor@corporate.net,UltraBook Pro 15,Electronics,2.0,1240.75,2481.5,  central  ,PayPal,Pending
ORD-2024-1382,2024.02.05,Margaret Scott,invalid_email_382,Desk LED Lamp,Office Supplies,1787.0,28.77,51411.99,South,Debit Card,Shipped
ORD-2024-2279,2023.08.17,Tariq Young,tariq.young@techfirm.io,Smart Water Bottle,Office Supplies,2.0,34.1,68.2,SOUTH,Bank Transfer,Completed
ORD-2024-1606,2023-09-13,Aarav Smith,aarav.smith@techfirm.io,USB-C Multi-Port Hub,Accessories,-1.0,40.02,-40.02,Central,Credit Card,Refunded
ORD-2024-2666,2023-10-20,Daniel Tanaka,daniel@@domain.com,Laser Printer Pro,office supplies,4.0,266.44,1065.76,South,PayPal,Refunded
ORD-2024-1496,2024-03-08,  Susan   Sanchez  ,susan.sanchez@corporate.net,Mechanical Gaming Keyboard,Accessories,1.0,121.1,121.1,East,,Refunded
ORD-2024-2011,"Apr 08, 2024",Kenji King,kenji.king@corporate.net,Ergonomic Office Chair, FURNITURE ,2.0,251.7,503.4,Central,  Credit Card  ,Cancelled
ORD-2024-1084,01/03/2024,,elizabeth.martin@retailhub.org,USB-C Multi-Port Hub,Accessories,4.0,40.53,162.12,East,Credit Card,Shipped
ORD-2024-1462,2023-03-23,DONNA AL-MANSOOR,donna.al-mansoor@techfirm.io,Cable Management Kit,Accessories,4.0,18.07,72.28,Central,Credit Card,Pending
ORD-2024-1995,2023-05-13,Donald Harris,donald.harris@outlook.com,Bluetooth Conference Speaker,Electronics,1.0,145.0,145.0,,Bank Transfer,Pending
ORD-2024-1693,09/10/2023,RICHARD NGUYEN,richard.nguyen@corporate.net,UltraBook Pro 15,electronics,2.0,1286.62,2573.24,,Debit Card,Cancelled
ORD-2024-2438,2023-07-31,Elizabeth Allen,elizabeth.allen@outlook.com,4K Ultra HD Monitor 27-inch,Electronics,1.0,382.28,382.28,,PayPal,Pending
ORD-2024-1716,"Jul 09, 2023",Sarah Robinson,sarah.robinson@outlook.com,Desk LED Lamp,Office Supplies,4.0,29.46,117.84,Central,Debit Card,Refunded
ORD-2024-2725,2024-05-12,William Patel,william.patel@gmail.com,Wireless Ergonomic Mouse,Accessories,2.0,47.6,95.2,North,PayPal,Completed
ORD-2024-2739,16/10/2023,David White,david.white@gmail.com,Executive Leather Notebook,  Office Supplies  ,1.0,21.03,21.03,Central,Debit Card,Refunded
ORD-2024-1932,26/04/2023,SOFIA JOHNSON,sofia.johnson@retailhub.org,4K Ultra HD Monitor 27-inch,Electronics,1.0,372.64,372.64,Central,PayPal,Pending
ORD-2024-1375,"Oct 20, 2023",  Kimberly   Martinez  ,kimberly.martinez@outlook.com,Desk LED Lamp,,3.0,30.79,92.37,South,Cash on Delivery,
ORD-2024-1271,2023-08-16,  Donald   Allen  ,donald.allen@corporate.net,Desk LED Lamp,  Office Supplies  ,4.0,30.02,120.08,West,Debit Card,Pending
ORD-2024-1679,2023-12-26,Richard Lopez,richard.lopez@yahoo.com,Adjustable Standing Desk,Furniture,1.0,484.94,484.94,South,Bank Transfer,Shipped
ORD-2024-1695,2024-01-16,Susan Gonzalez,susan.gonzalez@outlook.com,Noise-Canceling Headphones,Electronics,1.0,201.29,201.29,Central,,Shipped
ORD-2024-2122,"Sep 09, 2023",Yuki Hernandez,yuki.hernandez@retailhub.org,Noise-Canceling Headphones,Electronics,1.0,199.75,199.75,West,Bank Transfer,Cancelled
ORD-2024-1465,2023-04-15,  Liam   Sanchez  ,liam.sanchez@retailhub.org,Laser Printer Pro,Office Supplies,1.0,289.11,289.11,South,Credit Card,Shipped
ORD-2024-2447,2024-04-16,Mark Smith,mark.smith@techfirm.io,4K Ultra HD Monitor 27-inch,Electronics,2.0,401.29,802.58,North,Credit Card,Cancelled
ORD-2024-2158,"Mar 17, 2024",John Allen,john.allen@outlook.com,UltraBook Pro 15,Electronics,2.0,1364.74,,East,Credit Card,Cancelled
ORD-2024-1597,2024-04-06,Christopher White,christopher.white@retailhub.org,Smart Water Bottle,Office Supplies,1.0,34.25,34.25,South,Credit Card,Pending
ORD-2024-1430,2023-11-07,Tariq Flores,tariq.flores@corporate.net,4K Ultra HD Monitor 27-inch,Electronics,1.0,391.8,391.8,South,Credit Card,Refunded
ORD-2024-2474,2023-11-10,Emily Walker,emily.walker@yahoo.com,Noise-Canceling Headphones,Electronics,1.0,197.74,197.74,West,,Pending
ORD-2024-1026,2024-01-21,Anthony Wright,anthony.wright@techfirm.io,USB-C Multi-Port Hub,Accessories,1.0,41.18,41.18,South,Debit Card,
ORD-2024-1908,2023-04-21,EMMA KIM,emma.kim@techfirm.io,  4K Ultra HD Monitor 27-inch  ,Electronics,4.0,389.25,1557.0,North,bank transfer,Pending
ORD-2024-2492,2024-02-14,  Emma   Hernandez  ,emma.hernandez@retailhub.org,Mechanical Gaming Keyboard,  Accessories  ,3.0,,,North,Cash on Delivery,Shipped
ORD-2024-1459,2023-09-28,Jessica Patel,jessica.patel@gmail.com,4k ultra hd monitor 27-inch,Electronics,2.0,395.0,790.0,North,debit,Cancelled
ORD-2024-2531,2024-02-01,Robert Wright,robert.wright@outlook.com,Noise-Canceling Headphones,Electronics,1.0,192.54,192.54,Central,Credit Card,Cancelled
ORD-2024-1681,"Oct 19, 2023",Christopher Lewis,christopher.lewis@outlook.com,Executive Leather Notebook,Office Supplies,3.0,21.28,63.84,West,Cash on Delivery,Cancelled
ORD-2024-1079,22/02/2023,Carlos Jackson,carlos.jackson@corporate.net,Adjustable Standing Desk,Furniture,-3.0,495.75,-1487.25,North,cod,Shipped
ORD-2024-1367,2023-03-20,  Nancy   Rodriguez  ,nancy.rodriguez@corporate.net,UltraBook Pro 15,Electronics,2.0,1283.41,2566.82,South,Debit Card,Shipped
ORD-2024-2578,"Feb 22, 2023",Andrew O'Connor,andrew.oconnor@corporate.net,Desk LED Lamp,Office Supplies,2.0,29.02,58.04,,Bank Transfer,Pending
ORD-2024-1033,2023.12.21,Carlos Nguyen,carlos.nguyen@outlook.com,Laser Printer Pro,Office Supplies,2.0,271.48,542.96,Central,PayPal,Cancelled
ORD-2024-2113,2023-01-22,Joseph Al-Mansoor,joseph.al-mansoor@gmail.com,Cable Management Kit,Accessories,1.0,18.32,18.32,Central,Credit Card,Refunded
ORD-2024-2771,17/04/2024,Sofia Harris,sofia.harris@techfirm.io,4K Ultra HD Monitor 27-inch,Electronics,1.0,393.0,393.0,South,Cash on Delivery,Refunded
ORD-2024-1562,2023-02-07,Yuki O'Connor,yuki.oconnor.company,ERGONOMIC OFFICE CHAIR,Furniture,4.0,257.11,1028.44,East,PayPal,Refunded
ORD-2024-2912,"Jan 24, 2023",Richard Miller,richard.miller@corporate.net,Cable Management Kit,Accessories,1.0,19.21,19.21,West,Cash on Delivery,Pending
ORD-2024-1922,"Aug 29, 2023",Joshua Williams,joshua.williams@retailhub.org,noise-canceling headphones,Electronics,4.0,206.37,825.48,South,Credit Card,Shipped
ORD-2024-1436,2024-03-14,Betty Martin,betty.martin@yahoo.com,UltraBook Pro 15,Electronics,10.0,1285.83,12858.3,South,Debit Card,Shipped
ORD-2024-2718,32/01/2024,JAMES JONES,james.jones@yahoo.com,4K Ultra HD Monitor 27-inch,Electronics,2.0,371.39,742.78,South,PayPal,Refunded
ORD-2024-1892,2023-08-09,Liam Thompson,liam.thompson@techfirm.io,Adjustable Standing Desk,Furniture,4.0,522.97,2091.88,North,Bank Transfer,Pending
ORD-2024-1164,2023-07-22,Yuki Williams,yuki.williams@techfirm.io,ergonomic office chair,Furniture,10.0,257.7,2577.0,West,PayPal,Pending
ORD-2024-1204,2023-11-12,  Kenji   Nguyen  ,kenji.nguyen@outlook.com,Laser Printer Pro,Office Supplies,3.0,272.77,818.31,East,Cash on Delivery,Pending
ORD-2024-2476,2023-11-12,yuki clark,yuki.clark@yahoo.com,4K Ultra HD Monitor 27-inch,Electronics,1.0,375.88,375.88,North,Debit Card,Cancelled
ORD-2024-2958,invalid_date,Paul Davis,paul.davis@gmail.com,  4K Ultra HD Monitor 27-inch  ,Electronics,2.0,392.68,785.36,West,Debit Card,Refunded
ORD-2024-1306,2023-01-09,Karen Hernandez,karen.hernandez@retailhub.org,UltraBook Pro 15,Electronics,3.0,1348.29,4044.87,North,Credit Card,Pending
ORD-2024-1210,2023-12-12,,susan.nguyen@gmail.com,  USB-C Multi-Port Hub  ,Accessories,2.0,-20.0,-40.0,EAST,Debit Card,Refunded
ORD-2024-1614,2023.02.08,Christopher Kim,christopher.kim@corporate.net,Wireless Ergonomic Mouse,Accessories,3.0,52.42,157.26,NORTH,Bank Transfer,Cancelled
ORD-2024-1033,2023.12.21,Carlos Nguyen,carlos.nguyen@outlook.com,Laser Printer Pro,Office Supplies,2.0,271.48,542.96,Central,PayPal,Cancelled
ORD-2024-2599,2023-11-08,  Jennifer   Martin  ,jennifer.martin@gmail.com,Desk LED Lamp,Office Supplies,2.0,28.55,57.1,Central,Cash on Delivery,Refunded
ORD-2024-2605,07/01/2024,Sarah Al-Mansoor,,UltraBook Pro 15,Electronics,2.0,1352.89,2705.78,West,Cash on Delivery,Refunded
ORD-2024-2337,2023-11-26,Anthony Allen,invalid_email_1337,Laser Printer Pro,Office Supplies,1.0,284.81,,South,Bank Transfer,Refunded
ORD-2024-2624,2024-02-27,Joshua Johnson,joshua.johnson@retailhub.org,Mechanical Gaming Keyboard,Accessories,2.0,,,Central,PayPal,Shipped
ORD-2024-2230,02/01/2023,Mary Lopez,mary.lopez@corporate.net,4K Ultra HD Monitor 27-inch,Electronics,3.0,396.78,1190.34,East,Bank Transfer,
ORD-2024-2727,2023-06-03,Ashley Brown,ashley.brown@corporate.net,EXECUTIVE LEATHER NOTEBOOK,Office Supplies,2.0,20.93,41.86,North,Bank Transfer,Completed
ORD-2024-1484,25/02/2023,Fatima Miller,fatima.miller@corporate.net,Noise-Canceling Headphones, ELECTRONICS ,2.0,204.77,409.54,Central,Cash on Delivery,Shipped
ORD-2024-2114,2023-08-20,Jessica King,jessica.king@corporate.net,Laser Printer Pro,Office Supplies,1.0,287.56,287.56,Central,Debit Card,Pending
ORD-2024-2527,2023-09-24,Kenji Sato,kenji.sato@corporate.net,Cable Management Kit,Accessories,2.0,19.15,38.3,West,Bank Transfer,Cancelled
ORD-2024-2117,2023.11.09,EMMA RAMIREZ,emma.ramirez@outlook.com,  Adjustable Standing Desk  ,Furniture,4.0,478.82,1915.28,South,Debit Card,Shipped
ORD-2024-1989,2023-03-02,Robert Hernandez,robert.hernandez@gmail.com,Filing Cabinet 3-Drawer,Furniture,1.0,175.86,175.86,North,Credit Card,Refunded
ORD-2024-3130,2024-01-08,Matthew Smith,matthew.smith@gmail.com,HD Webcam 1080p,Accessories,1.0,70.06,70.06,East,Cash on Delivery,Cancelled
ORD-2024-1412,28/03/2023,Liam Smith,liam.smith@outlook.com,Adjustable Standing Desk,,1.0,515.79,515.79,North,Bank Transfer,Refunded
ORD-2024-3102,2023-07-18,Sarah Walker,sarah.walker@retailhub.org,HD Webcam 1080p,Accessories,2.0,70.53,141.06,Central,Cash on Delivery,Refunded
ORD-2024-2212,18/07/2023,Emily Taylor,emily.taylor@outlook.com,Adjustable Standing Desk,Furniture,1.0,492.18,492.18,West,Debit Card,Pending
ORD-2024-2989,2023-02-14,Elizabeth Ramirez,elizabeth.ramirez@yahoo.com,HD Webcam 1080p,Accessories,1.0,,,East,Bank Transfer,Cancelled
ORD-2024-1964,2023-06-01,Donna Murphy,donna.murphy@gmail.com,Mechanical Gaming Keyboard,Accessories,3.0,124.05,372.15,West,Bank Transfer,Refunded
ORD-2024-2748,2023-11-07,Kenji Johnson,kenji.johnson@retailhub.org,  UltraBook Pro 15  , ELECTRONICS ,1.0,1297.08,1297.08,North,Bank Transfer,Shipped
ORD-2024-2548,2023-12-30,Betty Torres,betty.torres@yahoo.com,  UltraBook Pro 15  ,Electronics,1.0,1288.72,1288.72,West,Bank Transfer,Shipped
ORD-2024-1786,2024-01-05,Nancy Wright,nancy.wright@retailhub.org,UltraBook Pro 15,Electronics,3.0,1301.68,3905.04,North,Credit Card,Refunded
ORD-2024-1448,2024-02-13,Charles Moore,charles.moore@retailhub.org,USB-C Multi-Port Hub,Accessories,1.0,38.35,38.35,North,Credit Card,Pending
ORD-2024-2384,2024-02-31,Thomas Tanaka,thomas.tanaka@outlook.com,HD Webcam 1080p,Accessories,1.0,71.84,,,Cash on Delivery,Cancelled
ORD-2024-2777,2023-02-19,Barbara Thomas,barbara.thomas@yahoo.com,Ergonomic Office Chair,Furniture,1.0,246.07,246.07,SOUTH,Cash on Delivery,Pending
ORD-2024-1757,2023-03-03,Robert Sharma,robert.sharma@corporate.net,  Desk LED Lamp  ,office supplies,2.0,30.08,60.16,East,Cash on Delivery,Refunded
ORD-2024-2238,2023-09-08,Lisa Sato,lisa.sato@corporate.net,Executive Leather Notebook,Office Supplies,1.0,21.26,21.26,East,Credit Card,Shipped
ORD-2024-1810,2024-04-08,Ashley Tanaka,ashley.tanaka@gmail.com,UltraBook Pro 15,Electronics,4.0,1342.54,5370.16,Central,Cash on Delivery,Refunded
ORD-2024-1046,2023-11-17,Liam Young,liam.young@com,USB-C Multi-Port Hub,Accessories,3.0,38.38,115.14,West,Bank Transfer,Completed
ORD-2024-3120,2023-04-05,Barbara Taylor,barbara.taylor@yahoo.com,Ergonomic Office Chair,Furniture,,252.65,,WEST,debit,Shipped
ORD-2024-2757,"May 08, 2024",  Ashley   Davis  ,ashley.davis@corporate.net,Adjustable Standing Desk,  Furniture  ,1.0,496.9,496.9,Central,PayPal,Pending
ORD-2024-1295,2023-02-02,Priya Martin,priya.martin@corporate.net,  UltraBook Pro 15  , ELECTRONICS ,1.0,1339.91,1339.91,Central,Debit Card,Completed
ORD-2024-2490,2024-04-21,Betty Lee,betty.lee@outlook.com,Smart Water Bottle,Office Supplies,1.0,33.91,33.91,West,Bank Transfer,Refunded
ORD-2024-3094,2023-08-08,Sandra Williams,sandra.williams@corporate.net,Wireless Ergonomic Mouse,Accessories,2.0,49.62,99.24,,Cash on Delivery,Completed
ORD-2024-1565,2024.01.25,Emma Young,emma.young@outlook.com,  Ergonomic Office Chair  ,Furniture,4.0,242.72,970.88,West,PayPal,Cancelled
ORD-2024-1917,2024-01-19,Donald Hernandez,  donald.hernandez@example.com  ,Wireless Ergonomic Mouse,Accessories,5.0,51.32,256.6,North,Cash on Delivery,Shipped
ORD-2024-2701,,Patricia Flores,patricia.flores@retailhub.org,Desk LED Lamp,Office Supplies,2.0,29.87,59.74,South,Debit Card,Cancelled
ORD-2024-1437,2023-06-15,Donna Brown,donna.brown@corporate.net,Adjustable Standing Desk,Furniture,4.0,514.19,2056.76,East,Debit Card,Shipped
ORD-2024-2556,2023-05-26,Matthew Ramirez,matthew.ramirez@gmail.com,Executive Leather Notebook,Office Supplies,1.0,21.27,,,Credit Card,Cancelled
ORD-2024-1394,07/02/2024,Richard Tanaka,richard.tanaka@corporate.net,Smart Water Bottle,Office Supplies,1.0,33.62,33.62,West,Credit Card,Shipped
ORD-2024-2669,"Apr 21, 2023",STEVEN GONZALEZ,steven.gonzalez@gmail.com,Executive Leather Notebook,Office Supplies,1.0,21.07,21.07,South,Debit Card,Pending
ORD-2024-1535,"Jun 10, 2023",Priya Thomas,priya.thomas@corporate.net,Executive Leather Notebook,Office Supplies,5.0,22.45,112.25,South,Bank Transfer,Refunded
ORD-2024-1031,2023-11-12,Paul Walker,paul.walker@techfirm.io,HD Webcam 1080p,Accessories,1.0,70.73,70.73,East,,Shipped
ORD-2024-1611,03/02/2024,Joseph Wilson,joseph.wilson@techfirm.io,executive leather notebook,Office Supplies,2.0,21.24,42.48,South,PayPal,Refunded
ORD-2024-2333,2023-08-03,Charles Johnson,charles.johnson@corporate.net,Laser Printer Pro,office supplies,1.0,267.17,267.17,South,debit card,Completed
ORD-2024-1930,18/09/2023,Nancy Lopez,nancy.lopez@outlook.com,Bluetooth Conference Speaker,Electronics,1.0,145.12,145.12,South,Debit Card,Pending
ORD-2024-2858,05/05/2024,  Liam   Harris  ,liam.harris@outlook.com,HD Webcam 1080p,Accessories,4.0,69.43,277.72,East,Bank Transfer,Pending
ORD-2024-2857,2023-09-17,William Smith,,4K Ultra HD Monitor 27-inch,Electronics,1.0,385.11,385.11,West,Bank Transfer,Shipped
ORD-2024-3050,2023-09-29,Anthony O'Connor,anthony.oconnor@gmail.com,UltraBook Pro 15,Electronics,3.0,1330.37,3991.11,West,Bank Transfer,Cancelled
ORD-2024-1950,2023-08-07,Robert Taylor,invalid_email_950,USB-C Multi-Port Hub,Accessories,1.0,41.89,41.89,West,Credit Card,Refunded
ORD-2024-1345,"Nov 18, 2023",  Andrew   Garcia  ,andrew.garcia@retailhub.org,Ergonomic Office Chair,Furniture,1.0,255.87,255.87,East,PayPal,Pending
ORD-2024-1557,2023-09-08,Betty Hill,betty.hill@gmail.com,usb-c multi-port hub,Accessories,1.0,39.29,39.29,  west  ,Credit Card,Cancelled
ORD-2024-3046,2024-01-28,Yuki Hill,yuki.hill@techfirm.io,Cable Management Kit,Accessories,3.0,19.12,57.36,Central,Credit Card,Refunded
ORD-2024-1353,13/12/2023,Nancy Johnson,nancy.johnson@gmail.com,Filing Cabinet 3-Drawer,Furniture,1.0,,,West,Bank Transfer,Completed
ORD-2024-1092,2023-10-26,Kimberly Sharma,kimberly.sharma@corporate.net,Ergonomic Office Chair,Furniture,3.0,248.52,745.56,South,Debit Card,Completed
ORD-2024-1839,2024-04-17,Jennifer Torres,jennifer.torres@gmail.com,CABLE MANAGEMENT KIT,Accessories,1.0,19.24,19.24,,PayPal,Refunded
ORD-2024-2721,04/07/2023,Thomas Lee,thomas.lee@techfirm.io,Mechanical Gaming Keyboard,Accessories,1.0,120.16,120.16,Central,Bank Transfer,Completed
ORD-2024-1924,2023-07-05,Karen Nguyen,karen.nguyen@outlook.com,Desk LED Lamp,Office Supplies,8.0,29.81,238.48,West,Bank Transfer,Cancelled
ORD-2024-2641,,Emily Tanaka,emily.tanaka@retailhub.org,  Noise-Canceling Headphones  ,Electronics,1.0,197.39,,East,Debit Card,Completed
ORD-2024-1262,"Apr 12, 2024",,carlos.martinez@retailhub.org,Wireless Ergonomic Mouse,Accessories,1.0,48.08,48.08,Central,Credit Card,Cancelled
ORD-2024-3087,04/04/2024,  Richard   Perez  ,richard.perez@gmail.com,Cable Management Kit,Accessories,3.0,,,South,Debit Card,Completed
ORD-2024-1953,2024-02-10,Michelle Davis,michelle.davis@techfirm.io,USB-C Multi-Port Hub,Accessories,4.0,39.79,159.16,West,Debit Card,Refunded
ORD-2024-2950,2023.05.11,Liam Williams,,Smart Water Bottle,Office Supplies,1.0,33.95,33.95,North,Credit Card,Completed
ORD-2024-1568,"Apr 24, 2024",Tariq Kim,tariq.kim@yahoo.com,  Executive Leather Notebook  ,Office Supplies,1.0,21.59,21.59,Central,Credit Card,Cancelled
ORD-2024-1680,03/02/2023,Ashley Thompson,,LASER PRINTER PRO,Office Supplies,1.0,267.51,267.51,East,Debit Card,Completed
ORD-2024-2260,2024.03.24,  Ashley   Al-Mansoor  ,ashley.al-mansoor@corporate.net,Bluetooth Conference Speaker,Electronics,2.0,154.8,309.6,West,Bank Transfer,
ORD-2024-1696,"Mar 16, 2024",Ashley Kim,ashley.kim@corporate.net,Adjustable Standing Desk,Furniture,3.0,520.85,1562.55,  north  ,Debit Card,completed
ORD-2024-1811,2023-06-24,Ashley Kim,ashley.kim@corporate.net,USB-C Multi-Port Hub,Accessories,4.0,40.72,162.88,,Cash on Delivery,Completed
ORD-2024-2919,29/05/2023,Emma Gonzalez,emma.gonzalez@techfirm.io,Laser Printer Pro,Office Supplies,1.0,276.19,276.19,,Bank Transfer,Completed
ORD-2024-1301,2023.05.26,Thomas Perez,thomas.perez@corporate.net,wireless ergonomic mouse, ACCESSORIES ,1.0,,,North,Cash on Delivery,Pending
ORD-2024-2147,2024-01-02,Charles Thomas,charles.thomas@corporate.net,Ergonomic Office Chair,Furniture,1.0,247.84,247.84,North,Cash on Delivery,Cancelled
ORD-2024-2420,"Aug 10, 2023",sandra clark,sandra.clark@outlook.com,Desk LED Lamp,Office Supplies,3.0,28.79,86.37,East,PayPal,Refunded
ORD-2024-1316,28/04/2024,Carlos White,carlos.white@corporate.net,Bluetooth Conference Speaker,,1.0,149.91,149.91,West,Bank Transfer,Cancelled
ORD-2024-2615,"Jan 08, 2023",  Susan   Sato  ,susan.sato@retailhub.org,Noise-Canceling Headphones,Electronics,2.0,195.07,390.14,West,Bank Transfer,Completed
ORD-2024-1454,2023-03-24,Donald Tanaka,  donald.tanaka@example.com  ,Executive Leather Notebook,Office Supplies,1.0,22.84,22.84,West,Credit Card,Shipped
ORD-2024-1176,03/02/2024,Nancy Sharma,nancy.sharma@gmail.com,UltraBook Pro 15,Electronics,2.0,1337.07,2674.14,West,Cash on Delivery,Cancelled
ORD-2024-3065,2023-09-28,Charles Flores,charles.flores@outlook.com,ULTRABOOK PRO 15,Electronics,1.0,1349.68,1349.68,East,PayPal,Completed
ORD-2024-1721,23/05/2023,  Paul   Moore  ,  paul.moore@example.com  ,Laser Printer Pro,Office Supplies,1.0,282.47,282.47,South,Debit Card,Pending
ORD-2024-2904,17/02/2024,Sofia Allen,sofia.allen@retailhub.org,Cable Management Kit,Accessories,5.0,18.29,91.45,West,Credit Card,Pending
ORD-2024-1124,2023-12-03,William Patel,william.patel@retailhub.org,Filing Cabinet 3-Drawer,Furniture,1.0,174.99,174.99,Central,Bank Transfer,Refunded
ORD-2024-1889,32/01/2024,Lisa Martin,lisa.martin@retailhub.org,USB-C Multi-Port Hub,,1.0,41.26,41.26,Central,Debit Card,Pending
ORD-2024-1395,2023-08-27,Jessica Walker,jessica.walker@outlook.com,Filing Cabinet 3-Drawer,Furniture,1.0,171.53,171.53,South,Bank Transfer,completed
ORD-2024-1904,2023-11-19,Fatima Johnson,fatima.johnson@yahoo.com,4K Ultra HD Monitor 27-inch,Electronics,2.0,392.93,785.86,East,Cash on Delivery,Completed
ORD-2024-2751,2023-08-05,Daniel King,daniel.king@outlook.com,Smart Water Bottle,,3.0,33.4,100.2,South,Cash on Delivery,Pending
ORD-2024-1040,2023-06-14,William Perez,william.perez@retailhub.org,Filing Cabinet 3-Drawer,Furniture,1.0,188.45,188.45,North,Debit Card,Completed
ORD-2024-1463,19/04/2024,Patricia Patel,patricia.patel@yahoo.com,  4K Ultra HD Monitor 27-inch  ,Electronics,1.0,396.99,396.99,West,Bank Transfer,Completed
ORD-2024-2424,17/06/2023,Mary Young,mary.young@outlook.com,Smart Water Bottle,Office Supplies,8.0,36.74,293.92,East,Cash on Delivery,Completed
ORD-2024-1687,2024-03-10,Donald Thomas,donald@@domain.com,Executive Leather Notebook,Office Supplies,2.0,22.84,45.68,South,Debit Card,Pending
ORD-2024-1332,2023-12-04,Paul Torres,paul.torres@yahoo.com,Wireless Ergonomic Mouse,Accessories,2.0,52.38,104.76,,Bank Transfer,Refunded
ORD-2024-1195,2024-01-14,Emma Kim,emma.kim@yahoo.com,Mechanical Gaming Keyboard,Accessories,1.0,120.18,120.18,East,,Shipped
ORD-2024-3093,2023-12-21,Aarav O'Connor,aarav.oconnor@corporate.net,UltraBook Pro 15,Electronics,3.0,1237.09,,South,Debit Card,Cancelled
ORD-2024-1323,2023-09-25,Nancy Lopez,nancy.lopez@com,usb-c multi-port hub,Accessories,1.0,41.91,41.91,North,Cash On Delivery,completed
ORD-2024-1267,2023-11-17,Tariq Wilson,tariq.wilson@corporate.net,Wireless Ergonomic Mouse,Accessories,1.0,48.9,48.9,Central,Credit Card,Pending
ORD-2024-2953,2023-11-08,Michael Lee,michael.lee@corporate.net,  UltraBook Pro 15  ,  Electronics  ,3.0,1262.57,3787.71,South,Bank Transfer,Shipped
ORD-2024-1580,2023-10-10,Sarah Garcia,sarah.garcia@yahoo.com,Cable Management Kit,Accessories,2.0,18.44,36.88,Central,Bank Transfer,Pending
ORD-2024-2575,2024-01-07,Kimberly Scott,kimberly.scott@gmail.com,USB-C Multi-Port Hub,Accessories,5.0,40.06,200.3,East,,Refunded
ORD-2024-2726,2023-12-19,Carlos Young,carlos@@domain.com,4K Ultra HD Monitor 27-inch,,1.0,388.36,388.36,East,Cash on Delivery,Pending
ORD-2024-1942,2024-04-05,Aarav Kim,aarav.kim@gmail.com,4K Ultra HD Monitor 27-inch,Electronics,2.0,378.74,757.48,Central,Credit Card,Pending
ORD-2024-2969,2023-09-13,Christopher Perez,christopher.perez@gmail.com,Desk LED Lamp,Office Supplies,-2.0,28.49,-56.98,North,Credit Card,Refunded
ORD-2024-2135,2023-05-17,Michelle Wright,michelle_wright@,Wireless Ergonomic Mouse,Accessories,2317.0,47.63,110358.71,,PayPal,Cancelled
ORD-2024-2256,2023-11-09,Matthew King,matthew.king@outlook.com,  UltraBook Pro 15  ,Electronics,5.0,1357.84,6789.2,East,Cash on Delivery,Shipped
ORD-2024-2134,2024-04-09,Susan Harris,,Wireless Ergonomic Mouse, ACCESSORIES ,1.0,,,CENTRAL,Credit Card,Cancelled
ORD-2024-1368,2023-03-12,Anthony Clark,anthony.clark@techfirm.io,Bluetooth Conference Speaker,Electronics,3.0,142.59,427.77,South,Cash on Delivery,Shipped
ORD-2024-3123,2023-08-17,Paul Murphy,paul.murphy@outlook.com,Smart Water Bottle,Office Supplies,8.0,36.54,292.32,South,Cash on Delivery,Cancelled
ORD-2024-2936,2023-04-19,  Michelle   Rodriguez  ,michelle.rodriguez@corporate.net,Executive Leather Notebook,Office Supplies,1.0,21.01,21.01,Central,Bank Transfer,Completed
ORD-2024-1573,2024-03-13,Carlos Thompson,carlos.thompson@techfirm.io,Noise-Canceling Headphones,Electronics,1.0,200.47,,North,Bank Transfer,Completed
ORD-2024-2814,32/01/2024,aarav hernandez,  aarav.hernandez@example.com  ,Laser Printer Pro,Office Supplies,1336.0,268.77,359076.72,East,Bank Transfer,Cancelled
ORD-2024-2870,2023-12-09,Richard Johnson,richard.johnson@corporate.net,USB-C Multi-Port Hub,Accessories,2.0,41.27,82.54,West,PayPal,Cancelled
ORD-2024-2891,2023-05-11,Liam Lee,liam.lee@gmail.com,Adjustable Standing Desk,Furniture,1.0,502.94,502.94,South,Debit Card,Shipped
ORD-2024-2562,2023-03-30,Karen Young,karen.young@retailhub.org,Smart Water Bottle,Office Supplies,3.0,34.27,102.81,West,Credit Card,Refunded
ORD-2024-2670,2023-06-23,  Richard   Robinson  ,richard.robinson@yahoo.com,  Ergonomic Office Chair  ,Furniture,1.0,239.67,239.67,West,PayPal,Cancelled
ORD-2024-2112,2023-01-10,Elizabeth Anderson,elizabeth.anderson@yahoo.com,HD Webcam 1080p,Accessories,3.0,68.15,204.45,,Bank Transfer,Pending
ORD-2024-2177,25/04/2024,Christopher Walker,christopher.walker@retailhub.org,Noise-Canceling Headphones,Electronics,1.0,193.16,193.16,West,Debit Card,Refunded
ORD-2024-2677,2023-03-28,Sofia Anderson,sofia.anderson@retailhub.org,EXECUTIVE LEATHER NOTEBOOK,Office Supplies,1.0,21.9,21.9,East,Cash on Delivery,Shipped
ORD-2024-2085,2023-03-29,Christopher Al-Mansoor,christopher.al-mansoor@yahoo.com,Filing Cabinet 3-Drawer,,1.0,181.51,181.51,South,Bank Transfer,Completed
ORD-2024-2511,2023-01-14,Andrew Scott,andrew.scott@outlook.com,USB-C Multi-Port Hub,Accessories,1.0,38.35,38.35,Central,Credit Card,Pending
ORD-2024-2282,2023-02-26,Kimberly White,kimberly.white@techfirm.io,Bluetooth Conference Speaker,Electronics,2.0,142.16,284.32,North,Bank Transfer,Cancelled
ORD-2024-1756,2023-01-02,Mary Tanaka,mary.tanaka@corporate.net,UltraBook Pro 15,Electronics,4.0,1307.97,5231.88,West,Debit Card,Pending
ORD-2024-1366,28/12/2023,Mark Robinson,mark.robinson@gmail.com,4K Ultra HD Monitor 27-inch, ELECTRONICS ,2.0,404.99,809.98,West,Cash on Delivery,Completed
ORD-2024-2226,2023-13-45,Ashley Torres,ashley@@domain.com,Adjustable Standing Desk, FURNITURE ,1.0,505.02,505.02,East,PayPal,Pending
ORD-2024-2932,"Apr 08, 2024",Paul Wilson,paul.wilson@outlook.com,Smart Water Bottle,Office Supplies,3.0,33.81,101.43,South,Credit Card,Cancelled
ORD-2024-1862,2023-05-26,Kenji Scott,kenji.scott@corporate.net,bluetooth conference speaker,Electronics,4.0,151.1,604.4,Central,Bank Transfer,Cancelled
ORD-2024-2069,2023-03-31,MARGARET NGUYEN,margaret.nguyen@yahoo.com,  Adjustable Standing Desk  ,Furniture,8.0,501.47,4011.76,East,Cash on Delivery,Completed
ORD-2024-1584,"Jun 04, 2023",Barbara Thomas,barbara.thomas@retailhub.org,USB-C Multi-Port Hub,Accessories,1.0,38.39,38.39,South,Cash on Delivery,Shipped
ORD-2024-2585,2023-04-20,Betty Hernandez,,  USB-C Multi-Port Hub  ,Accessories,4.0,39.56,158.24,East,Bank Transfer,Shipped
ORD-2024-3057,2023-11-16,Susan Brown,,Mechanical Gaming Keyboard,Accessories,4.0,115.21,460.84,South,Cash on Delivery,Shipped
ORD-2024-1850,"May 13, 2024",patricia robinson,patricia.robinson@corporate.net,cable management kit, ACCESSORIES ,1.0,19.08,19.08,East,PayPal,Shipped
ORD-2024-3124,26/03/2024,margaret murphy,margaret.murphy@outlook.com,Wireless Ergonomic Mouse,Accessories,3.0,50.13,150.39,Central,Debit Card,Cancelled
ORD-2024-2607,2023.07.16,Karen Hernandez,karen.hernandez@corporate.net,Laser Printer Pro,Office Supplies,2.0,286.71,573.42,West,Bank Transfer,Refunded
ORD-2024-1813,2023-02-13,William Lopez,william.lopez@retailhub.org,ADJUSTABLE STANDING DESK,Furniture,1.0,500.95,500.95,  east  ,PayPal,Refunded
ORD-2024-1737,2023-03-25,Thomas Kim,,Cable Management Kit,Accessories,1.0,19.08,19.08,East,Bank Transfer,Refunded
ORD-2024-2088,invalid_date,Patricia Nguyen,patricia.nguyen@gmail.com,Executive Leather Notebook,Office Supplies,,21.06,,North,PayPal,Shipped
ORD-2024-1319,2023.08.02,Kenji Patel,  kenji.patel@example.com  ,HD Webcam 1080p,Accessories,1.0,68.56,68.56,North,Debit Card,
ORD-2024-1927,30/03/2024,Charles Robinson,charles.robinson@outlook.com,Wireless Ergonomic Mouse,Accessories,5.0,47.66,238.3,EAST,Debit Card,Completed
ORD-2024-3074,2023-07-30,MICHELLE LEWIS,michelle.lewis@gmail.com,Laser Printer Pro,Office Supplies,1.0,265.21,265.21,North,Credit Card,refunded
ORD-2024-2773,2023-06-10,Tariq Sato,tariq.sato@yahoo.com,Cable Management Kit,Accessories,4.0,17.71,70.84,East,Cash on Delivery,Pending
ORD-2024-1809,,William Nguyen,william.nguyen@corporate.net,Desk LED Lamp,Office Supplies,1.0,28.72,28.72,North,Debit Card,Shipped
ORD-2024-2886,2023-04-28,Patricia Chen,  patricia.chen@example.com  ,Laser Printer Pro,Office Supplies,3.0,272.7,818.1,East,Debit Card,Cancelled
ORD-2024-1344,2024-01-03,Michael Hernandez,michael.hernandez@outlook.com,Laser Printer Pro,Office Supplies,2.0,,,SOUTH,PayPal,
ORD-2024-1399,2023-07-11,Sandra Lopez,sandra.lopez@retailhub.org,Executive Leather Notebook,Office Supplies,1.0,22.18,22.18,South,PayPal,Pending
ORD-2024-1585,2024-01-26,Matthew Rodriguez,matthew.rodriguez@corporate.net,Smart Water Bottle,Office Supplies,1.0,33.5,33.5,Central,,Shipped
ORD-2024-2703,22/04/2023,Betty Wright,betty.wright@yahoo.com,Desk LED Lamp,Office Supplies,1.0,30.63,30.63,West,Cash on Delivery,Completed
ORD-2024-1293,2024-03-08,John Wright,john.wright@retailhub.org,executive leather notebook,Office Supplies,1.0,21.02,21.02,East,Bank Transfer,Cancelled
ORD-2024-2345,2023-02-16,Charles Kim,charles.kim@gmail.com,Smart Water Bottle,Office Supplies,1.0,34.03,34.03,East,,Completed
ORD-2024-2103,2024-03-05,Sofia Torres,sofia.torres@corporate.net,4K Ultra HD Monitor 27-inch,Electronics,4.0,400.84,1603.36,North,Bank Transfer,Shipped
ORD-2024-2160,18/01/2024,Sarah Tanaka,sarah.tanaka@corporate.net,Mechanical Gaming Keyboard,Accessories,4.0,120.41,481.64,East,Debit Card,Shipped
ORD-2024-1142,2023.01.30,Margaret Davis,margaret.davis@outlook.com,adjustable standing desk,Furniture,1.0,500.15,500.15,South,Bank Transfer,Completed
ORD-2024-2005,2023-06-28,David King,david.king@gmail.com,Adjustable Standing Desk,Furniture,3.0,518.82,1556.46,South,Debit Card,Refunded
ORD-2024-1003,2023-01-24,Emma Jackson,emma.jackson@gmail.com,Filing Cabinet 3-Drawer,Furniture,1.0,175.8,175.8,Central,Debit Card,Shipped
ORD-2024-1577,2023-03-30,James Martin,james.martin@outlook.com,Cable Management Kit,Accessories,2.0,17.74,35.48,Central,Credit Card,Completed
ORD-2024-2534,2023-03-25,John Sanchez,  john.sanchez@example.com  ,Mechanical Gaming Keyboard,Accessories,4.0,117.05,468.2,South,Pay-Pal,Refunded
ORD-2024-1340,2024-01-12,Linda King,linda.king@techfirm.io,HD Webcam 1080p,accessories,3.0,71.29,213.87,South,PayPal,Shipped
ORD-2024-1875,2024-02-22,Paul King,paul.king@gmail.com,ultrabook pro 15,Electronics,2.0,1307.64,2615.28,CENTRAL,Bank Transfer,Completed
ORD-2024-1266,2024-01-06,Yuki Jackson,yuki.jackson@outlook.com,Bluetooth Conference Speaker,Electronics,3.0,153.59,460.77,East,Credit Card,Cancelled
ORD-2024-1377,2023-12-07,Matthew Anderson,matthew.anderson@gmail.com,Cable Management Kit,Accessories,3.0,19.05,57.15,North,Credit Card,Refunded
ORD-2024-2929,2023-01-12,Elizabeth Moore,elizabeth.moore@techfirm.io,Executive Leather Notebook,office supplies,1.0,22.81,22.81,East,Bank Transfer,Completed
ORD-2024-1440,2023-10-21,Donald Moore,  donald.moore@example.com  ,Adjustable Standing Desk,Furniture,1.0,490.28,490.28,Central,Credit Card,Refunded
ORD-2024-1272,,Joshua Garcia,joshua.garcia@gmail.com,  Desk LED Lamp  ,Office Supplies,1.0,28.87,28.87,North,PayPal,Completed
ORD-2024-1245,"Mar 31, 2024",Karen Anderson,karen.anderson@retailhub.org,HD Webcam 1080p,Accessories,2.0,68.73,137.46,Central,Bank Transfer,Completed
ORD-2024-2437,2024-01-31,Mary Johnson,mary.johnson@outlook.com,Adjustable Standing Desk,Furniture,1.0,509.67,509.67,Central,Cash on Delivery,Pending
ORD-2024-2274,"Mar 13, 2023",Andrew Lewis,andrew.lewis@retailhub.org,Desk LED Lamp,Office Supplies,4.0,30.4,121.6,Central,Cash on Delivery,Cancelled
ORD-2024-1817,04/02/2024,Michelle Jones,michelle.jones@corporate.net,Executive Leather Notebook,Office Supplies,4.0,21.86,87.44,South,Debit Card,Completed
ORD-2024-2565,2024-03-07,Mark Williams,mark.williams@gmail.com,Laser Printer Pro,Office Supplies,3.0,269.63,808.89,North,Debit Card,Refunded
ORD-2024-1608,2023.04.17,Donna O'Connor,donna.oconnor@techfirm.io,Wireless Ergonomic Mouse,Accessories,1.0,48.48,48.48,West,Credit Card,Completed
ORD-2024-1416,"Feb 04, 2023",Joshua Nguyen,joshua.nguyen@retailhub.org,USB-C Multi-Port Hub,Accessories,,,,North,Cash on Delivery,Refunded
ORD-2024-1274,2023-02-14,Barbara Chen,barbara.chen@retailhub.org,Cable Management Kit,Accessories,3.0,18.56,55.68,West,Credit Card,Cancelled
ORD-2024-2976,29/05/2023,James Lee,james.lee@retailhub.org,Cable Management Kit,Accessories,1.0,-9.25,-9.25,Central,Debit Card,Completed
ORD-2024-1251,2024-01-14,Susan Wright,susan.wright@corporate.net,Ergonomic Office Chair,Furniture,5.0,243.88,1219.4,Central,Cash on Delivery,Completed
ORD-2024-1414,"Feb 22, 2024",Emily Sharma,emily.sharma@techfirm.io,Filing Cabinet 3-Drawer,  Furniture  ,1.0,178.23,178.23,West,Bank Transfer,Pending
ORD-2024-2293,"Dec 14, 2023",Aarav Jones,aarav.jones@yahoo.com,Laser Printer Pro,office supplies,1.0,268.74,268.74,EAST,PayPal,Completed
ORD-2024-2547,"Apr 29, 2024",Sarah Thompson,sarah.thompson@yahoo.com,4K Ultra HD Monitor 27-inch,Electronics,8.0,389.75,3118.0,West,Debit Card,Refunded
ORD-2024-1311,2023-01-12,Joseph King,joseph.king@outlook.com,Smart Water Bottle,Office Supplies,2.0,35.24,70.48,East,Bank Transfer,Completed
ORD-2024-1782,"Jul 07, 2023",William Torres,,Wireless Ergonomic Mouse, ACCESSORIES ,1.0,50.28,50.28,North,Debit Card,Completed
ORD-2024-1766,"Jun 28, 2023",Joseph Lewis,joseph.lewis@corporate.net,Filing Cabinet 3-Drawer,Furniture,1.0,182.6,182.6,Central,PayPal,Pending
ORD-2024-1426,27/12/2023,Ashley Lopez,  ashley.lopez@example.com  ,Noise-Canceling Headphones, ELECTRONICS ,3.0,207.99,623.97,Central,PayPal,Completed
ORD-2024-3135,2024-04-21,Sofia Brown,sofia.brown@corporate.net,Mechanical Gaming Keyboard,  Accessories  ,2.0,,,West,Bank Transfer,Cancelled
ORD-2024-1840,"Jan 19, 2024",Mary Garcia,mary.garcia@retailhub.org,  Noise-Canceling Headphones  ,Electronics,2.0,191.61,383.22,Central,PayPal,Shipped
ORD-2024-2926,2023-03-15,Elizabeth Chen,elizabeth.chen@techfirm.io,Noise-Canceling Headphones,  Electronics  ,3.0,206.42,619.26,East,PayPal,Refunded
ORD-2024-2603,,Kimberly Lee,kimberly.lee@techfirm.io,Desk LED Lamp,Office Supplies,1.0,28.19,28.19,,PayPal,Completed
ORD-2024-1966,19/11/2023,,steven.jones@gmail.com,Smart Water Bottle,Office Supplies,1.0,35.84,35.84,South,Credit Card,Completed
ORD-2024-2640,21/09/2023,  James   Gonzalez  ,james.gonzalez@techfirm.io,USB-C Multi-Port Hub,Accessories,1.0,38.32,38.32,Central,Bank Transfer,Pending
ORD-2024-2513,2024.03.28,Carlos Clark,carlos.clark@corporate.net,  Ergonomic Office Chair  ,Furniture,4.0,250.42,1001.68,Central,Debit Card,Completed
ORD-2024-1527,2023-06-15,Emma Kim,  emma.kim@example.com  ,Adjustable Standing Desk,Furniture,5.0,486.55,2432.75,West,Debit Card,Completed
ORD-2024-2594,2023-10-31,Lisa Jones,lisa.jones@gmail.com,adjustable standing desk,Furniture,-1.0,518.92,-518.92,South,Debit Card,Shipped
ORD-2024-1894,"Aug 12, 2023",William Martinez,william.martinez@techfirm.io,Mechanical Gaming Keyboard,Accessories,5.0,122.27,611.35,Central,Bank Transfer,Completed
ORD-2024-1183,2024-05-04,Fatima Garcia,fatima.garcia@gmail.com,Filing Cabinet 3-Drawer,Furniture,2.0,178.58,357.16,South,Credit Card,Shipped
ORD-2024-1171,invalid_date,Joshua Martin,joshua.martin@outlook.com,Laser Printer Pro,Office Supplies,1.0,279.58,279.58,North,Bank Transfer,Refunded
ORD-2024-1998,11/11/2023,John Brown,,Wireless Ergonomic Mouse,Accessories,2.0,48.64,97.28,South,Debit Card,Pending
ORD-2024-2434,2023-04-18,Elizabeth Johnson,elizabeth.johnson@techfirm.io,Bluetooth Conference Speaker,Electronics,3.0,148.73,446.19,North,Debit Card,Refunded
ORD-2024-1188,27/02/2024,Joseph Robinson,joseph.robinson@techfirm.io,Executive Leather Notebook,Office Supplies,1.0,20.9,20.9,East,Bank Transfer,Completed
ORD-2024-1620,2024-04-18,  Yuki   Torres  ,yuki.torres@yahoo.com,Desk LED Lamp,,4.0,29.62,118.48,East,PayPal,Shipped
ORD-2024-3007,2023-02-07,YUKI SMITH,yuki.smith@outlook.com,Laser Printer Pro,Office Supplies,1.0,292.89,292.89,West,PayPal,Pending
ORD-2024-1159,32/01/2024,Mark Kim,mark.kim@corporate.net,Executive Leather Notebook,Office Supplies,4.0,22.17,88.68,West,  Credit Card  ,
ORD-2024-1880,2023-11-07,Jessica Williams,jessica.williams@yahoo.com,Wireless Ergonomic Mouse,Accessories,1.0,51.64,51.64,East,Bank Transfer,
ORD-2024-1273,2024-05-05,Steven Miller,steven.miller@outlook.com,HD Webcam 1080p,Accessories,1.0,69.78,69.78,South,,Completed
ORD-2024-1615,"Apr 17, 2024",Donald Rodriguez,,Laser Printer Pro,Office Supplies,2.0,277.28,554.56,East,Bank Transfer,Shipped
ORD-2024-2834,"Jan 22, 2023",yuki flores,  yuki.flores@example.com  ,  Filing Cabinet 3-Drawer  ,Furniture,3.0,172.09,516.27,North,Bank Transfer,Cancelled
ORD-2024-2890,2023-12-18,William Flores,william_flores@,UltraBook Pro 15,Electronics,4.0,1247.25,4989.0,South,Credit Card,Completed
ORD-2024-2954,2023.02.02,Liam Wright,liam.wright@outlook.com,Executive Leather Notebook,Office Supplies,10.0,21.28,212.8,Central,Cash on Delivery,Cancelled
ORD-2024-1372,invalid_date,Jessica Murphy,jessica.murphy@retailhub.org,USB-C Multi-Port Hub,Accessories,3.0,40.85,122.55,East,PayPal,Pending
ORD-2024-1223,"Mar 20, 2024",Barbara O'Connor,barbara.oconnor@yahoo.com,  Ergonomic Office Chair  ,Furniture,2.0,247.33,494.66,North,Cash on Delivery,Completed
ORD-2024-1594,2024-02-28,Anthony Sharma,anthony.sharma@corporate.net,UltraBook Pro 15,Electronics,1.0,1299.86,1299.86,West,Credit Card,Refunded
ORD-2024-3131,2023-07-05,  Richard   Kim  ,richard.kim@corporate.net,DESK LED LAMP, OFFICE SUPPLIES ,,29.84,,South,Credit Card,Pending
ORD-2024-1768,2024.04.16,ASHLEY KING,ashley.king@outlook.com,Laser Printer Pro,,1.0,286.37,286.37,Central,Cash on Delivery,Refunded
ORD-2024-2913,2023-01-05,,liam.jackson@yahoo.com,UltraBook Pro 15,Electronics,1.0,1287.93,1287.93,South,Cash on Delivery,pending
ORD-2024-1137,22/12/2023,John Anderson,john.anderson@gmail.com,4K Ultra HD Monitor 27-inch,Electronics,3.0,374.73,1124.19,Central,Debit Card,Cancelled
ORD-2024-1519,19/02/2023,Mark Al-Mansoor,mark.al-mansoor@retailhub.org,Bluetooth Conference Speaker,Electronics,1.0,,,West,PayPal,Pending
ORD-2024-1846,2023-03-05,William Walker,william.walker@gmail.com,Adjustable Standing Desk, FURNITURE ,8.0,517.06,,South,Debit Card,Completed
ORD-2024-1335,2023-07-06,Richard Young,richard.young@gmail.com,Noise-Canceling Headphones, ELECTRONICS ,1.0,204.81,204.81,North,Bank Transfer,Refunded
ORD-2024-2030,2024-99-99,Sarah Martin,sarah_martin@,Cable Management Kit,Accessories,2.0,18.48,36.96,North,Credit Card,refunded
ORD-2024-2375,2023-09-23,Ashley Jackson,ashley.jackson@gmail.com,4K Ultra HD Monitor 27-inch,Electronics,1.0,383.08,383.08,North,Cash on Delivery,Cancelled
ORD-2024-2246,2023-06-26,Kimberly Chen,kimberly.chen@gmail.com,Wireless Ergonomic Mouse,Accessories,2.0,47.67,95.34,EAST,paypal,Cancelled
ORD-2024-1832,"Aug 26, 2023",Tariq White,tariq.white@yahoo.com,Filing Cabinet 3-Drawer,Furniture,-2.0,180.19,-360.38,West,Debit Card,Completed
ORD-2024-1711,2023-01-11,Kenji White,  kenji.white@example.com  ,  Executive Leather Notebook  ,Office Supplies,1.0,22.83,22.83,Central,PayPal,Shipped
ORD-2024-1016,2024-04-08,Patricia Garcia,patricia.garcia@gmail.com,UltraBook Pro 15,  Electronics  ,1.0,1326.73,1326.73,  south  ,Bank Transfer,Shipped
ORD-2024-1943,2024-02-31,,joseph.harris@techfirm.io,Desk LED Lamp,Office Supplies,2.0,28.21,56.42,North,Bank Transfer,Shipped
ORD-2024-2104,2023-07-27,William Johnson,william.johnson@techfirm.io,USB-C Multi-Port Hub,accessories,8.0,41.95,335.6,,Debit Card,Cancelled
ORD-2024-2823,,Sandra Flores,sandra.flores@techfirm.io,Cable Management Kit,Accessories,-1.0,18.1,-18.1,East,Cash on Delivery,Cancelled
ORD-2024-2997,2023-10-10,David Martinez,david.martinez@gmail.com,Ergonomic Office Chair,Furniture,1.0,243.61,243.61,North,bank transfer,Cancelled
ORD-2024-1571,2024-04-20,,elizabeth.martinez@outlook.com,Mechanical Gaming Keyboard, ACCESSORIES ,1.0,117.43,117.43,  central  ,Cash on Delivery,Pending
ORD-2024-1655,2023-10-22,Kimberly Sanchez,kimberly.sanchez@outlook.com,smart water bottle,Office Supplies,2.0,34.57,69.14,East,Debit Card,Cancelled
ORD-2024-1837,2024-04-29,  Jessica   Rodriguez  ,jessica.rodriguez@gmail.com,Ergonomic Office Chair,Furniture,4.0,241.82,967.28,Central,Cash on Delivery,Refunded
ORD-2024-2287,30/01/2023,Joshua Thomas,joshua.thomas@retailhub.org,Ergonomic Office Chair,Furniture,1.0,246.54,246.54,South,Credit Card,Pending
ORD-2024-1466,2024-02-23,joshua gonzalez,,USB-C Multi-Port Hub,Accessories,3.0,40.99,,  west  ,,Completed
ORD-2024-2051,2024-02-26,Priya Scott,priya.scott@gmail.com,Filing Cabinet 3-Drawer,  Furniture  ,1.0,188.59,188.59,East,Bank Transfer,Cancelled
ORD-2024-1200,2023-07-28,Aarav Sanchez,aarav.sanchez@com,UltraBook Pro 15,Electronics,2.0,1244.43,2488.86,  east  ,Bank Transfer,Cancelled
ORD-2024-2038,11/04/2024,Steven Martinez,steven.martinez@techfirm.io,Cable Management Kit,Accessories,1.0,17.84,17.84,North,Bank Transfer,Cancelled
ORD-2024-2419,2024-02-08,Jennifer Thompson,jennifer.thompson@yahoo.com,Adjustable Standing Desk,Furniture,2.0,494.14,,South,Credit Card,Completed
ORD-2024-2250,2023-04-17,Thomas Thompson,,Bluetooth Conference Speaker,Electronics,1.0,145.12,145.12,Central,PayPal,Shipped
ORD-2024-1863,2023-07-16,Fatima Taylor,fatima.taylor@outlook.com,Cable Management Kit,  Accessories  ,1.0,18.29,18.29,Central,Cash on Delivery,Refunded
ORD-2024-2334,2023-10-20,Tariq Williams,tariq.williams@outlook.com,Ergonomic Office Chair,Furniture,1.0,257.5,257.5,South,PayPal,Shipped
ORD-2024-2059,2023-06-08,Jennifer Smith,jennifer.smith@outlook.com,Executive Leather Notebook,Office Supplies,2.0,22.63,45.26,West,Bank Transfer,Completed
ORD-2024-2537,32/01/2024,joshua taylor,joshua.taylor@retailhub.org,USB-C Multi-Port Hub,Accessories,1.0,38.34,38.34,  east  ,PayPal,Refunded
ORD-2024-2107,2023-10-24,  Liam   Brown  ,liam.brown@outlook.com,Ergonomic Office Chair,Furniture,1.0,256.86,256.86,CENTRAL,Cash on Delivery,Completed
ORD-2024-1592,2024-01-05,Jennifer Ramirez,jennifer.ramirez@techfirm.io,HD Webcam 1080p,Accessories,3.0,65.89,197.67,West,PayPal,Completed
ORD-2024-2010,2023-03-10,  Christopher   Thompson  ,christopher.thompson@gmail.com,Wireless Ergonomic Mouse,Accessories,1.0,48.11,48.11,SOUTH,Cash on Delivery,Completed
ORD-2024-2658,24/09/2023,Liam Clark,liam.clark@yahoo.com,HD Webcam 1080p,Accessories,2.0,70.38,140.76,West,Cash on Delivery,Cancelled
ORD-2024-2678,2024-05-10,ANDREW THOMAS,andrew.thomas@gmail.com,Bluetooth Conference Speaker,Electronics,3.0,149.72,449.16,West,Cash on Delivery,Cancelled
ORD-2024-2574,2023-02-19,Carlos Al-Mansoor,carlos.al-mansoor@techfirm.io,Adjustable Standing Desk,,1.0,483.94,483.94,West,Bank Transfer,Pending
ORD-2024-3038,2023-01-06,Paul Miller,paul.miller@corporate.net,HD Webcam 1080p,Accessories,1.0,70.36,70.36,WEST,PayPal,pending
ORD-2024-2166,10/07/2023,kimberly o'connor,kimberly.oconnor@yahoo.com,Desk LED Lamp,Office Supplies,4.0,29.25,117.0,West,PayPal,Shipped
ORD-2024-1044,2024.03.21,Kenji Thomas,kenji.thomas@corporate.net,Wireless Ergonomic Mouse,Accessories,1.0,51.45,51.45,North,Debit Card,Completed
ORD-2024-2227,2023-11-24,David King,,UltraBook Pro 15,  Electronics  ,1.0,1315.23,1315.23,West,PayPal,Shipped
ORD-2024-1275,2023-02-19,Sofia Patel,sofia.patel@yahoo.com,USB-C Multi-Port Hub,Accessories,1.0,41.66,41.66,East,Credit Card,Completed
ORD-2024-2731,2024-02-17,Charles Johnson,charles.johnson@retailhub.org,Smart Water Bottle,  Office Supplies  ,2.0,33.68,67.36,North,Credit Card,Completed
ORD-2024-1102,2024-01-03,Jennifer Allen,,Ergonomic Office Chair,Furniture,1746.0,245.19,,North,Debit Card,Cancelled
ORD-2024-2405,2023-10-14,Anthony Wilson,anthony.wilson@retailhub.org,Ergonomic Office Chair,Furniture,2.0,250.47,500.94,North,PayPal,Refunded
ORD-2024-2713,2024-03-07,Sandra Williams,sandra.williams@retailhub.org,Adjustable Standing Desk,Furniture,2.0,518.3,1036.6,Central,Bank Transfer,Pending
ORD-2024-3001,2023.04.29,  Joseph   Wright  ,joseph.wright@yahoo.com,Ergonomic Office Chair,Furniture,2.0,241.86,483.72,North,PayPal,Pending
ORD-2024-1108,2023-06-03,Elizabeth Robinson,elizabeth.robinson@corporate.net,Ergonomic Office Chair,Furniture,1.0,246.77,246.77,North,Debit Card,Completed
ORD-2024-2555,"Nov 18, 2023",Sarah Gonzalez,sarah.gonzalez@corporate.net,  Wireless Ergonomic Mouse  ,Accessories,5.0,50.79,253.95,East,Debit Card,Pending
ORD-2024-1498,2024.04.05,Christopher Rodriguez,christopher.rodriguez@yahoo.com,HD Webcam 1080p,Accessories,3.0,68.77,206.31,West,Bank Transfer,Pending
ORD-2024-2181,2023-12-22,MARK JACKSON,mark.jackson@techfirm.io,Ergonomic Office Chair,Furniture,1.0,260.85,260.85,East,Credit Card,Refunded
ORD-2024-2518,28/07/2023,John White,john.white@yahoo.com,Ergonomic Office Chair,Furniture,8.0,238.2,1905.6,Central,,Completed
ORD-2024-2847,19/09/2023,Betty Hill,betty.hill@gmail.com,Ergonomic Office Chair,Furniture,4.0,251.44,1005.76,Central,Bank Transfer,Refunded
ORD-2024-1856,2023-12-09,Charles Nguyen,  charles.nguyen@example.com  ,Cable Management Kit, ACCESSORIES ,1.0,19.14,19.14,South,Debit Card,Refunded
ORD-2024-2191,2023-04-02,Richard Smith,,  Noise-Canceling Headphones  ,Electronics,1.0,208.8,208.8,,PayPal,Completed
ORD-2024-2412,2023-06-25,Aarav White,aarav.white@gmail.com,Laser Printer Pro,Office Supplies,1.0,292.21,292.21,West,Credit Card,Pending
ORD-2024-3051,2023-09-02,LINDA MOORE,linda.moore@corporate.net,wireless ergonomic mouse,Accessories,1.0,49.33,49.33,North,Debit Card,Refunded
ORD-2024-2990,32/01/2024,Paul Allen,paul.allen@outlook.com,Adjustable Standing Desk,Furniture,1.0,489.36,489.36,Central,Debit Card,Shipped
ORD-2024-2674,2023-03-16,Yuki King,yuki.king@yahoo.com,Filing Cabinet 3-Drawer,Furniture,1.0,176.95,176.95,,Credit Card,Pending
ORD-2024-1941,2024-01-22,Thomas Martinez,thomas.martinez@retailhub.org,Ergonomic Office Chair,Furniture,4.0,261.45,1045.8,Central,Bank Transfer,Completed
ORD-2024-1713,2023-02-27,Sarah Nguyen,sarah.nguyen@yahoo.com,Smart Water Bottle,Office Supplies,1.0,34.93,34.93,Central,Credit Card,Shipped
ORD-2024-1073,2023-03-17,Jennifer Anderson,jennifer.anderson@gmail.com,  Laser Printer Pro  ,Office Supplies,10.0,265.84,2658.4,East,PayPal,cancelled
ORD-2024-1501,"Jan 03, 2024",Sandra Torres,sandra.torres@techfirm.io,Mechanical Gaming Keyboard,Accessories,1.0,120.79,120.79,North,Cash on Delivery,Cancelled
ORD-2024-2429,2024.01.11,Elizabeth Young,elizabeth.young@techfirm.io,4K Ultra HD Monitor 27-inch,Electronics,8.0,374.01,2992.08,North,Debit Card,Refunded
ORD-2024-2376,2023-08-24,Priya Moore,priya.moore@corporate.net,Adjustable Standing Desk,Furniture,1.0,479.53,479.53,South,Debit Card,Cancelled
ORD-2024-1874,2023-03-24,  Linda   Lopez  ,linda.lopez@corporate.net,Laser Printer Pro,Office Supplies,1.0,273.87,273.87,,Credit Card,Refunded
ORD-2024-1482,2023-11-29,Linda Torres,linda.torres@outlook.com,Filing Cabinet 3-Drawer,Furniture,1.0,182.23,182.23,  west  ,Bank Transfer,Completed
ORD-2024-2264,2023-01-26,Yuki Anderson,yuki.anderson@gmail.com,USB-C Multi-Port Hub,Accessories,2.0,41.23,82.46,West,Bank Transfer,Refunded
ORD-2024-1507,2023-08-28,  Richard   Young  ,richard.young@techfirm.io,Smart Water Bottle,Office Supplies,1.0,36.45,36.45,West,Debit Card,Cancelled
ORD-2024-1940,2024-04-17,Thomas Wright,thomas.wright@corporate.net,Noise-Canceling Headphones,Electronics,1.0,194.29,194.29,South,Debit Card,
ORD-2024-3086,2024-04-07,Emma Smith,emma.smith@outlook.com,UltraBook Pro 15,Electronics,3.0,1279.77,3839.31,,Bank Transfer,Pending
ORD-2024-2357,2024-03-03,Matthew Al-Mansoor,matthew.al-mansoor@yahoo.com,Bluetooth Conference Speaker,Electronics,1.0,149.38,149.38,North,Credit Card,Shipped
ORD-2024-2571,2023-09-12,Barbara Perez,barbara.perez@gmail.com,USB-C Multi-Port Hub,Accessories,3.0,38.2,114.6,South,Bank Transfer,Completed
ORD-2024-3066,2024.02.21,PATRICIA AL-MANSOOR,patricia.al-mansoor@gmail.com,Cable Management Kit,Accessories,2.0,17.63,35.26,South,Cash on Delivery,Shipped
ORD-2024-2559,2023-03-30,Aarav Thomas,aarav.thomas@yahoo.com,Noise-Canceling Headphones,Electronics,3.0,207.14,621.42,Central,PayPal,shipped
ORD-2024-3033,2023-10-30,Liam Hernandez,liam.hernandez@retailhub.org,Bluetooth Conference Speaker, ELECTRONICS ,3.0,154.73,464.19,North,Credit Card,Cancelled
ORD-2024-2690,2023-12-21,Fatima Walker,fatima.walker@corporate.net,Desk LED Lamp,Office Supplies,1.0,28.63,28.63,North,Wire Transfer,Refunded
ORD-2024-2115,"Oct 25, 2023",Ashley Tanaka,ashley.tanaka@gmail.com,HD Webcam 1080p,Accessories,8.0,66.44,531.52,West,Debit Card,Shipped
ORD-2024-1312,2023-03-17,Sandra Hernandez,sandra.hernandez@techfirm.io,Desk LED Lamp,Office Supplies,5.0,28.5,142.5,Central,Bank Transfer,Shipped
ORD-2024-2377,2023.12.13,Richard Ramirez,richard.ramirez@retailhub.org,Bluetooth Conference Speaker,Electronics,-1.0,143.53,-143.53,North,PayPal,Completed
ORD-2024-1406,2023-11-24,  Jennifer   Hernandez  ,jennifer.hernandez@gmail.com,  Executive Leather Notebook  ,Office Supplies,1.0,21.54,21.54,East,PayPal,Cancelled
ORD-2024-2935,2023-13-45,Steven Taylor,steven.taylor@techfirm.io,Adjustable Standing Desk,Furniture,1.0,513.26,513.26,South,Bank Transfer,Pending
ORD-2024-2682,2023.12.08,Mary Thompson,mary.thompson@retailhub.org,Cable Management Kit,Accessories,1.0,18.66,18.66,South,Credit Card,Pending
ORD-2024-2358,2023-05-06,Robert Ramirez,robert.ramirez@corporate.net,Desk LED Lamp,Office Supplies,1.0,28.08,28.08,Central,Bank Transfer,Refunded
ORD-2024-2468,2023-07-20,Sandra Smith,sandra.smith@yahoo.com,Bluetooth Conference Speaker,Electronics,1.0,155.68,155.68,South,Credit Card,Pending
ORD-2024-2998,2024-03-08,Donna Young,donna_young@,  Mechanical Gaming Keyboard  ,Accessories,1.0,118.58,118.58,North,PayPal,Completed
ORD-2024-1310,2024.04.04,,  john.miller@example.com  ,Ergonomic Office Chair,Furniture,2.0,261.73,523.46,East,Credit Card,Completed
ORD-2024-1227,2023-03-04,Sofia Hill,sofia.hill@retailhub.org,Adjustable Standing Desk,Furniture,2.0,496.35,992.7,West,PayPal,Pending
ORD-2024-1744,2024-02-19,Steven Martin,steven.martin@corporate.net,Laser Printer Pro,Office Supplies,1.0,271.77,271.77,North,CREDIT_CARD,Cancelled
ORD-2024-1807,2023-02-04,Richard Gonzalez,  richard.gonzalez@example.com  ,Ergonomic Office Chair,Furniture,1.0,261.51,261.51,North,PayPal,Shipped
ORD-2024-3015,2023-06-12,Carlos Sanchez,carlos.sanchez@techfirm.io,ergonomic office chair,Furniture,1671.0,259.55,433708.05,NORTH,Debit Card,Completed
ORD-2024-1991,2024-02-31,Sofia Thompson,sofia.thompson@corporate.net,4K Ultra HD Monitor 27-inch,Electronics,2.0,,,East,Credit Card,Refunded
ORD-2024-2454,2024-01-03,Richard Murphy,richard.murphy@techfirm.io,Filing Cabinet 3-Drawer,Furniture,2.0,182.85,365.7,North,Credit Card,Shipped
ORD-2024-2811,09/01/2024,Michelle Thompson,michelle.thompson@yahoo.com,HD Webcam 1080p,Accessories,1.0,66.76,66.76,Central,PayPal,Pending
ORD-2024-2095,2023-02-02,James Hill,james.hill@outlook.com,Smart Water Bottle,Office Supplies,1.0,34.37,34.37,,PayPal,Completed
ORD-2024-2421,2023-09-10,Fatima Chen,fatima.chen@corporate.net,Bluetooth Conference Speaker,Electronics,2.0,144.99,289.98,East,PayPal,Refunded
ORD-2024-2068,25/01/2024,Sandra White,sandra.white@techfirm.io,4K Ultra HD Monitor 27-inch,electronics,3.0,403.9,1211.7,Central,Debit Card,Pending
ORD-2024-1149,2023.02.16,Sofia Martin,sofia.martin@gmail.com,Noise-Canceling Headphones,Electronics,1.0,200.22,200.22,South,,Refunded
ORD-2024-1866,2023-01-23,Christopher Scott,christopher.scott@retailhub.org,UltraBook Pro 15,Electronics,3.0,1269.07,3807.21,North,Bank Transfer,Refunded
ORD-2024-2291,2023-01-01,Charles Thompson,charles.thompson@retailhub.org,Mechanical Gaming Keyboard,Accessories,1.0,,,North,Cash on Delivery,Refunded
ORD-2024-3146,2023.02.16,  Aarav   Smith  ,aarav.smith@outlook.com,Executive Leather Notebook,Office Supplies,8.0,21.13,169.04,East,PayPal,Shipped
ORD-2024-1292,,John Torres,john.torres@gmail.com,Executive Leather Notebook,Office Supplies,2.0,22.44,44.88,Central,Cash on Delivery,Cancelled
ORD-2024-1693,09/10/2023,RICHARD NGUYEN,richard.nguyen@corporate.net,UltraBook Pro 15,electronics,2.0,1286.62,2573.24,,Debit Card,Cancelled
ORD-2024-1819,"Mar 27, 2023",Paul Lopez,paul.lopez@outlook.com,HD Webcam 1080p,Accessories,2.0,67.99,135.98,South,PayPal,Refunded
ORD-2024-1705,2023-06-05,paul sharma,paul.sharma@gmail.com,  UltraBook Pro 15  ,  Electronics  ,3.0,1267.94,3803.82,East,Credit Card,Pending
ORD-2024-2087,2024.03.26,James Garcia,james.garcia@yahoo.com,USB-C Multi-Port Hub,accessories,1.0,,,,Cash on Delivery,cancelled
ORD-2024-3022,2023-02-16,Sarah Williams,sarah.williams@retailhub.org,Filing Cabinet 3-Drawer,Furniture,4.0,,,North,PayPal,Completed
ORD-2024-2101,2023-06-05,William Al-Mansoor,william.al-mansoor@techfirm.io,Executive Leather Notebook,,3.0,22.77,68.31,Central,Credit Card,Completed
ORD-2024-1576,2024-04-04,Donna Kim,donna.kim@retailhub.org,Filing Cabinet 3-Drawer,Furniture,1195.0,180.02,215123.9,  west  ,debit card,Cancelled
ORD-2024-1558,27/12/2023,Donald Young,donald.young@gmail.com,Desk LED Lamp,Office Supplies,1.0,28.98,28.98,West,Bank Transfer,Pending
ORD-2024-2305,"Feb 09, 2024",Anthony Thompson,  anthony.thompson@example.com  ,4K Ultra HD Monitor 27-inch,Electronics,,377.77,,East,PayPal,Cancelled
ORD-2024-1702,2023-11-27,Liam Wright,liam.wright@gmail.com,Smart Water Bottle,Office Supplies,2.0,36.16,72.32,South,PayPal,Cancelled
ORD-2024-2646,2023-08-12,David Nguyen,david.nguyen@techfirm.io,Smart Water Bottle,Office Supplies,2.0,35.99,71.98,EAST,PayPal,refunded
ORD-2024-2363,2023-11-18,Thomas Ramirez,,Mechanical Gaming Keyboard,Accessories,1.0,115.87,115.87,,Cash on Delivery,Pending
ORD-2024-2506,2023-12-13,Michael Young,michael.young@retailhub.org,  Adjustable Standing Desk  , FURNITURE ,1.0,508.29,508.29,Central,Credit Card,
ORD-2024-2594,2023-10-31,Lisa Jones,lisa.jones@gmail.com,adjustable standing desk,Furniture,-1.0,518.92,-518.92,South,Debit Card,Shipped
ORD-2024-1050,2023-06-08,Robert Nguyen,robert.nguyen@outlook.com,Smart Water Bottle,Office Supplies,2.0,35.11,70.22,East,Cash on Delivery,Pending
ORD-2024-1749,2024-01-22,CHARLES PEREZ,charles.perez@gmail.com,Executive Leather Notebook,Office Supplies,4.0,22.93,91.72,East,Credit Card,Refunded
ORD-2024-2369,2023-08-11,Emma Lee,emma.lee@com,Bluetooth Conference Speaker,Electronics,3.0,154.0,462.0,Central,Cash on Delivery,Cancelled
ORD-2024-3000,2023-06-24,Tariq Tanaka,tariq.tanaka@gmail.com,  Executive Leather Notebook  ,Office Supplies,1.0,22.72,22.72,Central,Debit Card,Completed
ORD-2024-1168,2023-05-18,joshua patel,joshua.patel@corporate.net,Executive Leather Notebook,Office Supplies,2.0,21.58,43.16,Central,Credit Card,Shipped
ORD-2024-1731,2024-05-07,Kimberly Thompson,kimberly.thompson@retailhub.org,Filing Cabinet 3-Drawer,Furniture,2.0,185.48,370.96,East,Credit Card,Cancelled
ORD-2024-2203,03/11/2023,David Murphy,david.murphy@techfirm.io,  Desk LED Lamp  ,Office Supplies,2.0,30.96,61.92,West,Debit Card,Refunded
ORD-2024-1287,2023-01-28,liam davis,liam.davis@corporate.net,Desk LED Lamp,Office Supplies,1.0,29.18,29.18,West,,Pending
ORD-2024-2211,2023-06-04,Linda Tanaka,linda.tanaka@techfirm.io,Desk LED Lamp,Office Supplies,1.0,30.12,30.12,East,debit,Shipped
ORD-2024-2897,"Jul 22, 2023",Ashley O'Connor,ashley.oconnor@outlook.com,Filing Cabinet 3-Drawer,Furniture,1.0,172.04,172.04,West,PayPal,
ORD-2024-2026,2023.10.19,John Walker,john.walker@outlook.com,USB-C Multi-Port Hub,Accessories,1.0,41.42,41.42,East,Cash on Delivery,
ORD-2024-1629,,RICHARD LOPEZ,richard.lopez@yahoo.com,Adjustable Standing Desk,,4.0,517.44,2069.76,South,Bank Transfer,Completed
ORD-2024-1599,2023-10-19,Sofia Garcia,sofia.garcia.company,Filing Cabinet 3-Drawer,Furniture,1.0,186.73,186.73,South,Bank Transfer,Completed
ORD-2024-2918,"Jul 17, 2023",  Nancy   White  ,  nancy.white@example.com  ,  4K Ultra HD Monitor 27-inch  ,,2.0,369.88,739.76,East,,Pending
ORD-2024-1378,2023-10-05,Patricia Torres,patricia.torres@techfirm.io,ultrabook pro 15,Electronics,1.0,1266.88,1266.88,West,Debit Card,Cancelled
ORD-2024-2938,2024-01-31,Lisa Tanaka,lisa.tanaka@corporate.net,  Executive Leather Notebook  ,Office Supplies,3.0,22.2,66.6,North,Bank Transfer,Completed
ORD-2024-2394,2023-08-23,Carlos Ramirez,carlos@@domain.com,USB-C Multi-Port Hub,Accessories,3.0,40.85,122.55,South,Cash on Delivery,Completed
ORD-2024-2878,2024.02.16,Sarah Sato,sarah.sato@corporate.net,Mechanical Gaming Keyboard,Accessories,1.0,124.63,124.63,Central,Bank Transfer,Shipped
ORD-2024-2232,2024-02-31,Michelle Jackson,michelle.jackson@retailhub.org,4K Ultra HD Monitor 27-inch,Electronics,1.0,386.2,386.2,West,Cash on Delivery,Completed
ORD-2024-2538,2023-12-30,John Gonzalez,john.gonzalez@techfirm.io,Laser Printer Pro,Office Supplies,1.0,271.72,271.72,  north  ,PayPal,Shipped
ORD-2024-2780,2023-02-05,Joshua Hill,joshua.hill@gmail.com,4K Ultra HD Monitor 27-inch,Electronics,2.0,381.81,763.62,  east  ,Credit Card,Completed
ORD-2024-1042,2023-04-26,Linda Robinson,linda.robinson@yahoo.com,Executive Leather Notebook,Office Supplies,1.0,21.94,21.94,South,Debit Card,Shipped
ORD-2024-2356,2023.10.15,Daniel Garcia,daniel.garcia@yahoo.com,Wireless Ergonomic Mouse,Accessories,2.0,47.53,95.06,Central,Debit Card,Cancelled
ORD-2024-3101,2023-08-03,Kimberly King,kimberly.king@gmail.com,Smart Water Bottle,Office Supplies,2.0,35.82,71.64,SOUTH,Credit Card,Pending
ORD-2024-2546,2023-05-27,Paul Al-Mansoor,paul.al-mansoor@retailhub.org,Adjustable Standing Desk,Furniture,4.0,481.14,1924.56,Central,PayPal,Refunded
ORD-2024-2299,2023-04-17,Richard Wright,richard.wright@retailhub.org,Desk LED Lamp, OFFICE SUPPLIES ,1.0,30.14,30.14,North,Cash on Delivery,Shipped
ORD-2024-2194,2023.02.21,Priya Lopez,priya.lopez@gmail.com,Noise-Canceling Headphones,Electronics,4.0,195.62,782.48,Central,Bank Transfer,Cancelled
ORD-2024-2848,2024-01-21,Aarav Hill,aarav.hill@gmail.com,Laser Printer Pro, OFFICE SUPPLIES ,2.0,270.77,541.54,South,Bank Transfer,Completed
ORD-2024-1887,2023-11-25,Donna Allen,donna.allen@outlook.com,Laser Printer Pro,Office Supplies,1.0,276.45,276.45,North,,Completed
ORD-2024-1610,2023-12-14,Karen Sharma,karen.sharma@yahoo.com,  Executive Leather Notebook  ,Office Supplies,2.0,22.57,45.14,  west  ,Debit Card,Shipped
ORD-2024-2484,2023-09-20,Priya Scott,priya.scott@techfirm.io,4K Ultra HD Monitor 27-inch,Electronics,8.0,396.65,3173.2,Central,,Cancelled
ORD-2024-2883,2024-02-04,Lisa Brown,lisa.brown@techfirm.io,Laser Printer Pro,Office Supplies,2.0,275.84,551.68,Central,Credit Card,Pending
ORD-2024-2688,2023-06-18,Barbara Ramirez,,HD Webcam 1080p,Accessories,2.0,69.4,138.8,Central,Bank Transfer,Shipped
ORD-2024-2457,2024-01-06,Betty Sanchez,betty.sanchez@yahoo.com,Bluetooth Conference Speaker,Electronics,1.0,,,West,Credit Card,completed
ORD-2024-2692,2024-99-99,Paul Lee,paul.lee@outlook.com,USB-C Multi-Port Hub,Accessories,1.0,41.13,41.13,West,Debit Card,Refunded
ORD-2024-1494,2024-03-04,christopher wilson,christopher.wilson@com,  Ergonomic Office Chair  ,Furniture,1.0,256.05,256.05,East,PayPal,Refunded
ORD-2024-2561,2023-02-07,James Young,james.young@corporate.net,4K ULTRA HD MONITOR 27-INCH,Electronics,1.0,407.2,407.2,South,DEBIT_CARD,Pending
ORD-2024-1278,2023-06-07,  John   Hill  ,john.hill@corporate.net,Smart Water Bottle,Office Supplies,3.0,36.41,109.23,,Cash on Delivery,Cancelled
ORD-2024-1758,06/07/2023,Karen Murphy,karen@@domain.com,Smart Water Bottle,office supplies,2.0,33.6,67.2,East,Credit Card,Shipped
ORD-2024-3119,2023-02-18,Steven Garcia,steven.garcia@corporate.net,Noise-Canceling Headphones,Electronics,2.0,190.52,,North,PayPal,Shipped
ORD-2024-1359,2023.04.19,Tariq Hill,tariq.hill@corporate.net,  UltraBook Pro 15  ,electronics,2.0,1347.93,2695.86,West,Debit Card,Cancelled
ORD-2024-2840,2023-08-21,Linda Hernandez,linda.hernandez@outlook.com,Mechanical Gaming Keyboard,Accessories,8.0,120.74,965.92,East,Credit Card,Refunded
ORD-2024-1237,2024.02.09,Robert Nguyen,robert.nguyen@techfirm.io,Ergonomic Office Chair,furniture,1.0,260.76,260.76,North,PayPal,Completed
ORD-2024-1552,2023.05.26,Charles Moore,charles.moore@yahoo.com,Desk LED Lamp,Office Supplies,1.0,28.85,28.85,Central,Credit Card,Completed
ORD-2024-1521,2023-10-17,  Nancy   Brown  ,nancy.brown@techfirm.io,Wireless Ergonomic Mouse,Accessories,8.0,51.96,415.68,East,Credit Card,Refunded
ORD-2024-2262,09/01/2024,Priya Al-Mansoor,priya.al-mansoor@outlook.com,Laser Printer Pro,Office Supplies,3.0,270.65,,North,Debit Card,refunded
ORD-2024-1209,2024-02-23,Ashley Walker,ashley_walker@,Cable Management Kit, ACCESSORIES ,1.0,18.25,18.25,  south  ,Bank Transfer,Cancelled
ORD-2024-2642,2023-03-05,William Wilson,william.wilson@yahoo.com,Filing Cabinet 3-Drawer,Furniture,4.0,175.42,701.68,East,PayPal,
ORD-2024-1882,2023-11-05,Mark Chen,  mark.chen@example.com  ,Smart Water Bottle,Office Supplies,2.0,35.56,71.12,Central,Cash on Delivery,Refunded
ORD-2024-1721,23/05/2023,  Paul   Moore  ,  paul.moore@example.com  ,Laser Printer Pro,Office Supplies,1.0,282.47,282.47,South,Debit Card,Pending
ORD-2024-2018,2023-10-30,Kimberly Jones,kimberly.jones@corporate.net,Cable Management Kit,Accessories,3.0,18.1,54.3,,Credit Card,Refunded
ORD-2024-2850,2023-08-27,Priya Johnson,priya.johnson@outlook.com,USB-C Multi-Port Hub,,1.0,,,West,Bank Transfer,Pending
ORD-2024-2651,2023-10-08,Andrew Al-Mansoor,andrew.al-mansoor@outlook.com,4K Ultra HD Monitor 27-inch,  Electronics  ,1.0,402.44,402.44,Central,Credit Card,Cancelled
ORD-2024-1059,"Oct 15, 2023",Linda Clark,linda.clark@corporate.net,Wireless Ergonomic Mouse,Accessories,2.0,50.77,101.54,  central  ,Bank Transfer,Cancelled
ORD-2024-1632,2024-01-11,Kimberly Hill,kimberly.hill@techfirm.io,Wireless Ergonomic Mouse,Accessories,5.0,49.36,246.8,Central,PayPal,Refunded
ORD-2024-2875,24/02/2024,Tariq Ramirez,tariq.ramirez@yahoo.com,BLUETOOTH CONFERENCE SPEAKER,Electronics,1.0,151.22,151.22,Central,,Refunded
ORD-2024-2248,2023-05-25,Ashley Lewis,ashley.lewis.company,Wireless Ergonomic Mouse,Accessories,1.0,50.13,50.13,West,Cash on Delivery,Pending
ORD-2024-1593,2023-11-06,Barbara Sato,barbara_sato@,UltraBook Pro 15,Electronics,2.0,1317.52,2635.04,East,Debit Card,Refunded
ORD-2024-2867,2024-04-29,Ashley Jones,ashley.jones@yahoo.com,UltraBook Pro 15,  Electronics  ,2.0,1327.25,2654.5,NORTH,Debit Card,Shipped
ORD-2024-1364,2024-02-12,William Flores,william.flores@gmail.com,executive leather notebook,Office Supplies,1.0,23.09,23.09,North,Bank Transfer,Pending
ORD-2024-2801,2023.10.07,Sofia Murphy,sofia.murphy@corporate.net,Filing Cabinet 3-Drawer,  Furniture  ,4.0,173.0,692.0,East,PayPal,Cancelled
ORD-2024-1506,2023-10-23,Ashley Moore,ashley.moore@yahoo.com,Mechanical Gaming Keyboard,Accessories,2.0,121.41,242.82,North,cash on delivery,Shipped
ORD-2024-2054,01/02/2024,Richard Young,richard.young@corporate.net,Laser Printer Pro,office supplies,1.0,265.47,265.47,East,Debit Card,shipped
ORD-2024-2610,2023-01-29,christopher wilson,christopher.wilson@yahoo.com,Filing Cabinet 3-Drawer,Furniture,3.0,178.12,534.36,West,Credit Card,Pending
ORD-2024-2324,2023-13-45,Kimberly Taylor,kimberly.taylor@corporate.net,4K Ultra HD Monitor 27-inch,Electronics,1.0,394.94,394.94,West,Credit Card,Pending
ORD-2024-3113,2024-02-17,Betty Moore,betty_moore@,Ergonomic Office Chair,Furniture,1.0,243.17,243.17,Central,Bank Transfer,Refunded
ORD-2024-1734,,Donald Jones,donald.jones@techfirm.io,  Adjustable Standing Desk  ,furniture,2.0,499.47,998.94,West,Debit Card,Refunded
ORD-2024-2431,2024-01-01,James Kim,james.kim@retailhub.org,Desk LED Lamp,Office Supplies,1.0,29.4,29.4,North,PayPal,cancelled
ORD-2024-3114,2023-08-08,Ashley Al-Mansoor,ashley.al-mansoor@retailhub.org,Wireless Ergonomic Mouse,Accessories,2.0,50.67,101.34,Central,Debit Card,Pending
ORD-2024-2487,"Sep 22, 2023",Aarav Sharma,aarav.sharma@gmail.com,Cable Management Kit,Accessories,1.0,18.16,18.16,West,Debit Card,Cancelled
ORD-2024-2564,2023-03-17,Lisa Kim,lisa.kim@yahoo.com,Bluetooth Conference Speaker,Electronics,4.0,156.08,624.32,,Cash on Delivery,
ORD-2024-2086,2024-02-07,  William   Scott  ,william.scott@outlook.com,UltraBook Pro 15,Electronics,3.0,1287.74,3863.22,West,Cash on Delivery,Pending
ORD-2024-1119,2023-09-20,Mary Garcia,  mary.garcia@example.com  ,Smart Water Bottle,,3.0,35.21,105.63,Central,Cash on Delivery,Pending
ORD-2024-2469,2023-07-23,Robert Murphy,robert.murphy@techfirm.io,Adjustable Standing Desk,Furniture,2.0,519.41,1038.82,North,Debit Card,Completed
ORD-2024-1707,2024-04-30,Ashley Johnson,ashley.johnson@gmail.com,Executive Leather Notebook,office supplies,4.0,21.11,84.44,Central,Credit Card,Refunded
ORD-2024-2581,25/10/2023,Joshua Smith,joshua.smith@corporate.net,UltraBook Pro 15,Electronics,1.0,1355.11,1355.11,Central,PayPal,Refunded
ORD-2024-1746,"Apr 09, 2023",Patricia Williams,patricia.williams@corporate.net,Adjustable Standing Desk,Furniture,3.0,496.49,1489.47,West,Debit Card,Shipped
ORD-2024-1523,2023-05-14,Sofia Lewis,sofia.lewis@corporate.net,Ergonomic Office Chair,Furniture,2.0,256.03,512.06,East,Credit Card,Cancelled
ORD-2024-2398,2024.01.24,James Hill,james.hill@corporate.net,Bluetooth Conference Speaker,,3.0,144.26,432.78,West,debit card,Refunded
ORD-2024-2090,2024-03-01,Donald Ramirez,donald.ramirez@yahoo.com,  Bluetooth Conference Speaker  ,Electronics,1.0,142.89,142.89,South,PayPal,Shipped
ORD-2024-2360,2023-02-14,John Chen,john.chen@corporate.net,Adjustable Standing Desk,Furniture,3.0,504.84,1514.52,South,Cash on Delivery,Pending
ORD-2024-1514,2023-03-17,Joseph Tanaka,joseph.tanaka@gmail.com,USB-C Multi-Port Hub,Accessories,1.0,41.67,41.67,  east  ,Debit Card,Cancelled
ORD-2024-1082,"Dec 08, 2023",John Scott,john.scott@yahoo.com,Adjustable Standing Desk,Furniture,1.0,513.49,,East,Debit Card,Completed
ORD-2024-2860,07/04/2023,Susan Torres,susan.torres@outlook.com,Noise-Canceling Headphones,,3.0,202.69,608.07,Central,PayPal,Refunded
ORD-2024-2133,"Oct 23, 2023",Ashley Harris,ashley.harris@corporate.net,Adjustable Standing Desk,Furniture,5.0,522.76,2613.8,Central,PayPal,Refunded
ORD-2024-2209,2024-02-09,Susan Rodriguez,  susan.rodriguez@example.com  ,Desk LED Lamp,Office Supplies,1.0,30.58,30.58,Central,Credit Card,Completed
ORD-2024-1915,2023.09.24,Thomas Robinson,thomas.robinson@retailhub.org,  Ergonomic Office Chair  ,Furniture,1.0,255.33,255.33,West,PayPal,Refunded
ORD-2024-1381,2023-10-11,Donald Johnson,donald.johnson@gmail.com,HD Webcam 1080p,Accessories,3.0,66.42,199.26,Central,PayPal,Shipped
ORD-2024-2221,2023-11-25,Mary Sato,mary.sato@techfirm.io,4K Ultra HD Monitor 27-inch,electronics,2.0,386.85,773.7,West,Credit Card,Pending
ORD-2024-3002,2023-09-08,Lisa Jackson,  lisa.jackson@example.com  ,Filing Cabinet 3-Drawer,Furniture,2.0,185.64,371.28,East,PayPal,Refunded
ORD-2024-1085,2023-10-31,Elizabeth Hernandez,elizabeth.hernandez@techfirm.io,Smart Water Bottle,Office Supplies,1.0,35.5,35.5,Central,Credit Card,Refunded
ORD-2024-2985,2023-11-20,Steven Flores,  steven.flores@example.com  ,USB-C Multi-Port Hub,accessories,2.0,38.14,76.28,North,Bank Transfer,Cancelled
ORD-2024-1673,2023-01-09,Donna Clark,donna.clark@outlook.com,Noise-Canceling Headphones,Electronics,1.0,193.29,193.29,East,Cash on Delivery,Pending
ORD-2024-1775,2024-04-05,Donna Perez,donna.perez@techfirm.io,Noise-Canceling Headphones,Electronics,3.0,195.16,585.48,North,Bank Transfer,Refunded
ORD-2024-1330,01/03/2024,Sofia Johnson,sofia.johnson@retailhub.org,Smart Water Bottle,Office Supplies,1.0,35.94,35.94,West,Bank Transfer,Refunded
ORD-2024-1007,2024-03-21,Aarav Allen,aarav.allen@yahoo.com,UltraBook Pro 15,Electronics,1.0,1339.87,1339.87,Central,Credit Card,Completed
ORD-2024-2217,2023-05-23,Elizabeth King,elizabeth.king@techfirm.io,  Desk LED Lamp  ,Office Supplies,-5.0,29.81,-149.05,North,PayPal,Completed
ORD-2024-2592,2023-01-09,Kenji Miller,  kenji.miller@example.com  ,USB-C Multi-Port Hub,  Accessories  ,1.0,41.84,41.84,East,CREDIT_CARD,Completed
ORD-2024-1910,2024-04-27,emily brown,emily.brown@corporate.net,Executive Leather Notebook,Office Supplies,10.0,22.43,224.3,South,Debit Card,Pending
ORD-2024-1469,2023-04-26,Sofia Harris,sofia.harris@gmail.com,Executive Leather Notebook,office supplies,8.0,22.25,178.0,North,Debit Card,Cancelled
ORD-2024-1182,2023-08-22,Charles Taylor,  charles.taylor@example.com  ,Adjustable Standing Desk,Furniture,2.0,479.83,959.66,North,PayPal,Cancelled
ORD-2024-1165,2023-06-13,John Garcia,john.garcia@outlook.com,HD Webcam 1080p,Accessories,,69.6,,North,PayPal,Refunded
ORD-2024-2533,15/08/2023,Steven White,steven.white@outlook.com,Mechanical Gaming Keyboard,Accessories,2.0,123.72,247.44,North,Debit Card,Refunded
ORD-2024-1452,01/07/2023,Daniel Kim,daniel.kim@gmail.com,Laser Printer Pro,office supplies,1.0,278.65,278.65,South,Bank Transfer,Cancelled
ORD-2024-2825,2023-12-26,Steven Hernandez,steven@@domain.com,Executive Leather Notebook,Office Supplies,2.0,21.36,42.72,,Credit Card,refunded
ORD-2024-1491,2024-04-19,Aarav Lewis,aarav.lewis@retailhub.org,Desk LED Lamp,Office Supplies,2.0,30.55,61.1,West,Cash on Delivery,
ORD-2024-2738,13/03/2023,Thomas Johnson,thomas.johnson@outlook.com,Bluetooth Conference Speaker,Electronics,-4.0,153.97,-615.88,South,Bank Transfer,Cancelled
ORD-2024-2756,2023-01-21,Donna Gonzalez,,Cable Management Kit,Accessories,1.0,18.67,18.67,South,PayPal,Shipped
ORD-2024-1288,2024-05-07,Robert Miller,robert.miller@corporate.net,HD Webcam 1080p,Accessories,2.0,70.88,141.76,Central,Debit Card,Shipped
ORD-2024-2667,2024-03-20,Margaret Clark,margaret.clark@corporate.net,Wireless Ergonomic Mouse,  Accessories  ,1.0,52.09,52.09,North,Cash on Delivery,pending
ORD-2024-1088,2023-09-13,Sandra Young,sandra.young@gmail.com,Filing Cabinet 3-Drawer,Furniture,1.0,179.9,179.9,West,Credit Card,Cancelled
ORD-2024-2618,2023-01-17,Paul Thompson,  paul.thompson@example.com  ,Noise-Canceling Headphones,Electronics,1.0,195.49,195.49,North,Bank Transfer,Cancelled
ORD-2024-1803,2023-05-04,Emma Martin,emma.martin@gmail.com,UltraBook Pro 15,Electronics,1.0,1301.8,1301.8,West,credit card,Cancelled
ORD-2024-2139,2023-10-05,Mark Smith,mark.smith@yahoo.com,Laser Printer Pro,Office Supplies,1.0,275.26,275.26,SOUTH,Credit Card,Completed
ORD-2024-2065,2023-01-27,CARLOS AL-MANSOOR,carlos.al-mansoor@techfirm.io,Filing Cabinet 3-Drawer,Furniture,1485.0,184.98,274695.3,North,Debit Card,Cancelled
ORD-2024-2072,"Mar 27, 2024",Fatima Flores,fatima.flores@gmail.com,USB-C Multi-Port Hub,Accessories,1.0,38.71,38.71,Central,Cash on Delivery,Completed
ORD-2024-3018,2024-04-29,JOSHUA SATO,joshua.sato@corporate.net,Smart Water Bottle,Office Supplies,3.0,36.69,110.07,East,Bank Transfer,Cancelled
ORD-2024-2294,2023-02-21,WILLIAM MARTINEZ,william.martinez@retailhub.org,Adjustable Standing Desk,Furniture,-5.0,508.24,-2541.2,West,Cash on Delivery,Completed
ORD-2024-2775,2023-12-11,Sarah Smith,sarah.smith@outlook.com,Smart Water Bottle,Office Supplies,1.0,36.38,36.38,Central,Bank Transfer,pending
ORD-2024-2570,2023-02-01,Daniel Wilson,daniel.wilson@corporate.net,Noise-Canceling Headphones,Electronics,10.0,200.61,2006.1,Central,PayPal,Shipped
ORD-2024-2285,2023-10-29,Patricia Ramirez,  patricia.ramirez@example.com  ,Laser Printer Pro,Office Supplies,2.0,267.11,534.22,East,Bank Transfer,Refunded
ORD-2024-2319,"Mar 06, 2023",Aarav Martinez,aarav.martinez@retailhub.org,Adjustable Standing Desk,Furniture,1.0,499.87,499.87,East,Bank Transfer,Refunded
ORD-2024-2955,2023-08-12,Lisa Perez,lisa.perez@yahoo.com,Bluetooth Conference Speaker,  Electronics  ,2.0,154.51,309.02,South,Debit Card,Shipped
ORD-2024-1328,11/12/2023,Mark King,  mark.king@example.com  ,Ergonomic Office Chair,Furniture,3.0,241.71,725.13,South,Cash on Delivery,Cancelled
ORD-2024-2361,2023-02-06,Emma Patel,emma.patel@techfirm.io,Filing Cabinet 3-Drawer,Furniture,3.0,171.89,515.67,Central,Credit Card,Cancelled
ORD-2024-1443,"Dec 22, 2023",Daniel Hill,daniel.hill@gmail.com,Wireless Ergonomic Mouse,Accessories,4.0,50.5,202.0,South,Cash on Delivery,Pending
ORD-2024-1835,"Apr 15, 2023",Karen Moore,karen.moore@retailhub.org,Cable Management Kit,Accessories,3.0,19.32,57.96,East,Cash on Delivery,Completed
ORD-2024-2500,2023-04-01,Susan Lewis,susan.lewis@corporate.net,Executive Leather Notebook,Office Supplies,,,,Central,Bank Transfer,Cancelled
ORD-2024-2056,2023-12-16,John Ramirez,  john.ramirez@example.com  ,Bluetooth Conference Speaker,Electronics,1.0,143.27,143.27,South,Credit Card,Completed
ORD-2024-1833,20/07/2023,Barbara Chen,barbara.chen@corporate.net,ADJUSTABLE STANDING DESK,Furniture,3.0,520.25,1560.75,North,PayPal,Refunded
ORD-2024-2526,2023-12-28,Susan Brown,susan.brown@yahoo.com,Ergonomic Office Chair,Furniture,1.0,245.29,245.29,South,Bank Transfer,Cancelled
ORD-2024-1349,13/10/2023,Nancy Thomas,nancy.thomas@techfirm.io,  Wireless Ergonomic Mouse  ,Accessories,8.0,48.15,385.2,SOUTH,Debit Card,Pending
ORD-2024-2126,invalid_date,paul murphy,paul.murphy@gmail.com,Smart Water Bottle,Office Supplies,3.0,34.53,103.59,  west  ,Cash On Delivery,
ORD-2024-1178,2023-08-22,Joshua King,joshua.king@yahoo.com,Smart Water Bottle,Office Supplies,1.0,36.09,,South,Credit Card,Shipped
ORD-2024-2620,"Jan 08, 2024",Daniel White,daniel.white@retailhub.org,Bluetooth Conference Speaker,Electronics,1.0,144.49,144.49,West,Cash on Delivery,Cancelled
ORD-2024-2129,2023-12-30,Susan Kim,susan.kim@yahoo.com,  Noise-Canceling Headphones  ,Electronics,1.0,200.01,200.01,WEST,Debit Card,Refunded
ORD-2024-2855,2024.03.02,Lisa Wilson,lisa.wilson@retailhub.org,4K Ultra HD Monitor 27-inch,  Electronics  ,1.0,386.99,386.99,North,Bank Transfer,shipped
ORD-2024-1087,2024-01-25,Emily Miller,emily.miller@outlook.com,Cable Management Kit,accessories,1.0,18.03,18.03,East,Bank Transfer,Shipped
ORD-2024-2672,invalid_date,Tariq Sato,tariq.sato@gmail.com,Laser Printer Pro,Office Supplies,3.0,267.37,802.11,West,Debit Card,Shipped
ORD-2024-3149,2024-02-05,MICHELLE JACKSON,michelle.jackson@techfirm.io,Adjustable Standing Desk,Furniture,2.0,502.82,1005.64,North,PayPal,Pending
ORD-2024-2934,2023-04-06,  Tariq   Al-Mansoor  ,tariq.al-mansoor@retailhub.org,Laser Printer Pro,Office Supplies,4.0,278.62,1114.48,South,Credit Card,Completed
ORD-2024-1458,2023-12-05,Susan Jackson,susan.jackson@gmail.com,Laser Printer Pro,Office Supplies,1.0,265.43,265.43,East,Bank Transfer,Refunded
ORD-2024-1778,23/09/2023,Mark Jones,mark.jones@gmail.com,Smart Water Bottle,Office Supplies,1.0,-17.5,,,Credit Card,Shipped
ORD-2024-2494,2023-04-19,Margaret Smith,margaret.smith@techfirm.io,Desk LED Lamp,Office Supplies,2.0,28.59,57.18,WEST,,Shipped
ORD-2024-1643,2023.10.03,michelle al-mansoor,  michelle.al-mansoor@example.com  ,Filing Cabinet 3-Drawer,  Furniture  ,1.0,177.92,177.92,East,Credit Card,Shipped
ORD-2024-3106,2023-08-05,Tariq Clark,tariq.clark@corporate.net,MECHANICAL GAMING KEYBOARD,Accessories,1.0,120.21,120.21,North,Debit Card,Shipped
ORD-2024-1055,2023-06-18,Joshua Smith,joshua.smith@yahoo.com,HD Webcam 1080p,accessories,1.0,70.99,70.99,,cash on delivery,Cancelled
ORD-2024-2436,2023-09-17,Fatima Williams,fatima.williams@techfirm.io,Noise-Canceling Headphones,Electronics,1.0,192.65,192.65,North,Bank Transfer,Shipped
ORD-2024-2781,2023-08-04,BARBARA LOPEZ,barbara.lopez@corporate.net,Smart Water Bottle, OFFICE SUPPLIES ,4.0,34.13,136.52,East,PayPal,Refunded
ORD-2024-2732,2024-02-31,Jessica Murphy,jessica.murphy@gmail.com,Wireless Ergonomic Mouse,  Accessories  ,2.0,50.72,101.44,South,Bank Transfer,Refunded
ORD-2024-1644,2023-08-15,  Jessica   Scott  ,jessica.scott@gmail.com,Executive Leather Notebook,Office Supplies,4.0,22.69,90.76,North,Cash on Delivery,Cancelled
ORD-2024-2281,07/04/2023,Fatima Kim,  fatima.kim@example.com  ,USB-C Multi-Port Hub,Accessories,4.0,38.73,154.92,Central,Cash on Delivery,Pending
ORD-2024-2199,2024-03-18,Anthony Gonzalez,anthony.gonzalez@yahoo.com,Smart Water Bottle,Office Supplies,2.0,34.75,69.5,,Debit Card,Refunded
ORD-2024-1678,2023-04-09,Richard Chen,richard.chen@yahoo.com,Executive Leather Notebook,Office Supplies,1.0,20.91,20.91,South,Debit Card,Completed
ORD-2024-1222,"Mar 22, 2024",Joseph Gonzalez,joseph.gonzalez@outlook.com,Ergonomic Office Chair,furniture,8.0,237.66,1901.28,West,Bank Transfer,Refunded
ORD-2024-1114,2024-02-12,Lisa Sanchez,lisa.sanchez@retailhub.org,USB-C Multi-Port Hub,Accessories,10.0,38.12,381.2,West,CREDIT_CARD,Cancelled
ORD-2024-2186,2023-04-21,EMILY LEE,emily.lee@outlook.com,SMART WATER BOTTLE,Office Supplies,5.0,35.98,179.9,Central,PayPal,Refunded
ORD-2024-1988,2023-09-23,Nancy Wilson,nancy.wilson@techfirm.io,4K Ultra HD Monitor 27-inch,Electronics,1.0,369.93,369.93,Central,Credit Card,Shipped
ORD-2024-2893,2023.02.02,Joshua Jackson,joshua.jackson@retailhub.org,Adjustable Standing Desk,Furniture,1.0,481.63,481.63,Central,Bank Transfer,shipped
ORD-2024-2197,2023-02-01,Anthony Clark,anthony.clark@outlook.com,USB-C Multi-Port Hub,Accessories,1.0,41.1,41.1,West,Bank Transfer,Pending
ORD-2024-1175,29/08/2023,Aarav Nguyen,aarav.nguyen@corporate.net,Noise-Canceling Headphones,Electronics,1.0,207.03,207.03,West,Cash on Delivery,Shipped
ORD-2024-2868,2024-01-22,KAREN MURPHY,karen.murphy@retailhub.org,DESK LED LAMP,Office Supplies,2.0,29.76,59.52,South,Debit Card,Cancelled
ORD-2024-1590,"Oct 05, 2023",Charles Thompson,charles.thompson@outlook.com,Wireless Ergonomic Mouse,Accessories,-4.0,47.91,-191.64,West,Bank Transfer,Cancelled
ORD-2024-2019,12/04/2024,Daniel Gonzalez,daniel.gonzalez@corporate.net,UltraBook Pro 15,  Electronics  ,1.0,1240.13,1240.13,South,PayPal,Refunded
ORD-2024-2849,"Aug 05, 2023",Jessica Smith,jessica.smith@outlook.com,Filing Cabinet 3-Drawer,Furniture,,174.66,,  central  ,Debit Card,Shipped
ORD-2024-1019,18/03/2024,Emma Moore,emma.moore@retailhub.org,Smart Water Bottle,office supplies,1.0,34.18,34.18,East,Debit Card,Refunded
ORD-2024-1424,2024-05-13,Kimberly Gonzalez,kimberly.gonzalez@corporate.net,HD Webcam 1080p,Accessories,4.0,70.61,282.44,North,Debit Card,Pending
ORD-2024-1881,21/09/2023,Betty Lewis,betty.lewis@gmail.com,Laser Printer Pro,Office Supplies,5.0,272.35,1361.75,South,Bank Transfer,Cancelled
ORD-2024-1286,2024.02.18,Kenji Thomas,kenji.thomas@gmail.com,Smart Water Bottle,Office Supplies,4.0,35.88,143.52,West,PayPal,Pending
ORD-2024-2874,2023-07-02,Daniel Lewis,daniel.lewis@outlook.com,Ergonomic Office Chair,Furniture,2.0,251.83,503.66,  central  ,Credit Card,Completed
ORD-2024-1429,2024-03-20,Kenji O'Connor,kenji.oconnor@techfirm.io,Executive Leather Notebook,Office Supplies,,22.97,,East,Bank Transfer,Shipped
ORD-2024-2790,2023-06-05,Betty Harris,betty.harris@yahoo.com,Laser Printer Pro,Office Supplies,2.0,279.5,559.0,East,Credit Card,Pending
ORD-2024-2467,2023-08-28,Fatima Robinson,fatima.robinson@yahoo.com,Bluetooth Conference Speaker,Electronics,1.0,151.14,151.14,East,Credit Card,Shipped
ORD-2024-1670,06/03/2024,Michelle Lee,michelle.lee@corporate.net,Smart Water Bottle,Office Supplies,2.0,33.78,67.56,Central,Debit Card,Cancelled
ORD-2024-1032,2023-07-01,Nancy Moore,nancy.moore@outlook.com,UltraBook Pro 15,Electronics,1.0,1266.23,1266.23,West,Credit Card,Cancelled
ORD-2024-3127,2023-10-03,Carlos Johnson,carlos.johnson@yahoo.com,4K Ultra HD Monitor 27-inch,Electronics,2.0,400.64,801.28,East,Debit Card,Cancelled
ORD-2024-1723,2023.04.24,Michelle Hernandez,michelle.hernandez@outlook.com,  4K Ultra HD Monitor 27-inch  ,Electronics,4.0,386.91,1547.64,West,Cash on Delivery,Cancelled
ORD-2024-1952,2023-05-29,Michelle Scott,michelle.scott@techfirm.io,Filing Cabinet 3-Drawer,Furniture,1.0,184.56,184.56,East,Bank Transfer,Completed
ORD-2024-2579,2023-08-01,Emma Tanaka,emma.tanaka@corporate.net,Wireless Ergonomic Mouse,Accessories,2312.0,47.57,109981.84,West,Cash on Delivery,Shipped
ORD-2024-2344,2023-12-27,Barbara Martin,  barbara.martin@example.com  ,Bluetooth Conference Speaker,Electronics,3.0,150.31,450.93,Central,Cash on Delivery,Pending
ORD-2024-1215,"May 10, 2023",Paul Ramirez,paul.ramirez@retailhub.org,Filing Cabinet 3-Drawer,Furniture,2.0,180.98,361.96,East,Cash on Delivery,Completed
ORD-2024-2365,2023-11-21,ASHLEY RODRIGUEZ,ashley.rodriguez@yahoo.com,Filing Cabinet 3-Drawer,Furniture,2.0,183.43,366.86,East,PayPal,Pending
ORD-2024-2084,2023-10-29,margaret thompson,margaret.thompson@gmail.com,Adjustable Standing Desk,Furniture,8.0,518.13,4145.04,East,Debit Card,Refunded
ORD-2024-2818,2023-07-11,Andrew Davis,andrew.davis@gmail.com,Cable Management Kit,accessories,5.0,18.55,92.75,Central,PayPal,cancelled
ORD-2024-2106,2024-02-05,sofia murphy,sofia.murphy@gmail.com,Laser Printer Pro,Office Supplies,,291.66,,South,Bank Transfer,Refunded
ORD-2024-1327,,  Christopher   Young  ,christopher.young@techfirm.io,Desk LED Lamp,Office Supplies,1.0,29.29,29.29,West,Bank Transfer,Cancelled
ORD-2024-1561,2023-01-19,  Liam   King  ,liam.king@corporate.net,Wireless Ergonomic Mouse,Accessories,3.0,48.85,146.55,West,Bank Transfer,Completed
ORD-2024-2314,2023.11.27,Sarah Miller,sarah.miller@retailhub.org,USB-C Multi-Port Hub, ACCESSORIES ,1.0,39.73,39.73,,Bank Transfer,Shipped
ORD-2024-1701,"Mar 16, 2023",Aarav Thompson,aarav.thompson@outlook.com,Cable Management Kit,Accessories,2.0,18.83,37.66,North,PayPal,Pending
ORD-2024-2035,2023-06-03,Jennifer Scott,jennifer.scott@corporate.net,  USB-C Multi-Port Hub  ,,4.0,39.1,156.4,North,PayPal,Completed
ORD-2024-2908,2024-01-18,Robert Lewis,,USB-C Multi-Port Hub,Accessories,1665.0,41.09,68414.85,West,Cash on Delivery,Shipped
ORD-2024-1342,2023-01-18,Carlos Brown,carlos.brown@yahoo.com,HD Webcam 1080p,Accessories,1.0,66.39,66.39,West,,Pending
ORD-2024-1148,2023-12-25,Christopher Lee,christopher.lee@yahoo.com,Ergonomic Office Chair,Furniture,1.0,247.65,247.65,South,Cash on Delivery,Completed
ORD-2024-2407,2023-04-02,Karen Perez,karen.perez@gmail.com,Ergonomic Office Chair,Furniture,1.0,249.72,249.72,North,Debit Card,Shipped
ORD-2024-2650,2024.03.23,  Charles   Chen  ,charles.chen@corporate.net,Ergonomic Office Chair,Furniture,1.0,252.88,,EAST,Bank Transfer,Pending
ORD-2024-1967,08/03/2023,Patricia Davis,patricia.davis@gmail.com,USB-C Multi-Port Hub,Accessories,3.0,38.19,114.57,North,Credit Card,Cancelled
ORD-2024-1156,2024-99-99,Yuki Martinez,yuki.martinez@outlook.com,Mechanical Gaming Keyboard,Accessories,1.0,115.16,115.16,West,PayPal,Refunded
ORD-2024-2415,2023-04-25,SOFIA PATEL,sofia.patel@techfirm.io,Wireless Ergonomic Mouse,Accessories,2.0,48.12,96.24,North,Credit Card,Completed
ORD-2024-2223,2024-02-31,Fatima Brown,fatima.brown@yahoo.com,USB-C Multi-Port Hub,Accessories,1.0,38.57,38.57,West,Credit Card,Refunded
ORD-2024-2785,2024-03-14,Charles Jones,charles.jones@retailhub.org,Noise-Canceling Headphones,Electronics,1.0,191.31,191.31,West,Cash on Delivery,Refunded
ORD-2024-2411,2023-02-07,Robert Davis,robert.davis@retailhub.org,bluetooth conference speaker,Electronics,2.0,153.94,307.88,West,Debit Card,Completed
ORD-2024-2660,"Mar 28, 2023",Kimberly Lewis,kimberly.lewis@outlook.com,Filing Cabinet 3-Drawer,Furniture,2.0,172.64,345.28,West,PayPal,Pending
ORD-2024-2414,2023-12-29,Donald Hernandez,donald.hernandez@yahoo.com,Desk LED Lamp,Office Supplies,2.0,29.49,58.98,East,Bank Transfer,Pending
ORD-2024-3071,23/01/2024,Donna Taylor,donna.taylor@corporate.net,4K Ultra HD Monitor 27-inch,Electronics,1.0,389.71,389.71,North,Debit Card,Completed
ORD-2024-2265,2023-06-05,Kenji Taylor,kenji.taylor@outlook.com,USB-C MULTI-PORT HUB,Accessories,1.0,40.18,40.18,South,,Shipped
ORD-2024-3064,2023.09.06,carlos allen,carlos.allen@com,HD WEBCAM 1080P,Accessories,1.0,69.66,69.66,South,PayPal,Cancelled
ORD-2024-3084,2023-05-22,Sofia Thomas,sofia.thomas@gmail.com,Desk LED Lamp,Office Supplies,2.0,30.23,60.46,WEST,,Refunded
ORD-2024-3126,2023-03-29,Sandra Sharma,sandra.sharma@yahoo.com,Executive Leather Notebook,Office Supplies,1.0,22.03,22.03,North,BANK_TRANSFER,Shipped
ORD-2024-2911,2023-07-01,Donna Brown,donna.brown@corporate.net,cable management kit,Accessories,1.0,18.45,18.45,East,  PayPal  ,Completed
ORD-2024-1939,2024-02-29,matthew williams,matthew.williams@yahoo.com,FILING CABINET 3-DRAWER,Furniture,10.0,188.32,1883.2,South,Cash on Delivery,Cancelled
ORD-2024-2915,2023.12.16,Michelle Johnson,michelle.johnson@outlook.com,  Bluetooth Conference Speaker  ,Electronics,1.0,152.0,152.0,North,PayPal,Completed
ORD-2024-1347,2023-01-08,Margaret Robinson,margaret.robinson@yahoo.com,Noise-Canceling Headphones,Electronics,1.0,192.56,192.56,East,PayPal,Cancelled
ORD-2024-2643,2023-11-26,Daniel Moore,daniel.moore@yahoo.com,Cable Management Kit,Accessories,4.0,18.24,72.96,East,,Completed
ORD-2024-1615,"Apr 17, 2024",Donald Rodriguez,,Laser Printer Pro,Office Supplies,2.0,277.28,554.56,East,Bank Transfer,Shipped
ORD-2024-1386,2023-04-30,Lisa Williams,lisa.williams@retailhub.org,  Noise-Canceling Headphones  ,Electronics,1.0,199.96,199.96,Central,Debit Card,Completed
ORD-2024-2205,2024-01-10,liam o'connor,liam.oconnor@outlook.com,HD Webcam 1080p,Accessories,2.0,72.15,144.3,East,debit,Pending
ORD-2024-2243,27/02/2023,DAVID MARTINEZ,david.martinez@gmail.com,Desk LED Lamp,Office Supplies,1.0,29.63,29.63,West,Debit Card,Refunded
ORD-2024-1244,2024-03-08,Liam Sharma,liam.sharma@techfirm.io,USB-C Multi-Port Hub,Accessories,5.0,41.84,209.2,North,Debit Card,
ORD-2024-2138,2024-03-29,Charles O'Connor,charles.oconnor@yahoo.com,Adjustable Standing Desk,Furniture,2.0,489.76,979.52,,Cash on Delivery,Pending
ORD-2024-1937,2023-03-07,Michelle Thompson,michelle.thompson@retailhub.org,Noise-Canceling Headphones,  Electronics  ,2.0,194.49,388.98,Central,Credit Card,Cancelled
ORD-2024-2749,2023-11-02,Kenji Lee,kenji.lee@yahoo.com,USB-C Multi-Port Hub,Accessories,5.0,40.05,200.25,West,Debit Card,
ORD-2024-1313,2023-10-15,Carlos Lee,carlos.lee@corporate.net,Adjustable Standing Desk,  Furniture  ,,512.4,,East,Debit Card,Pending
ORD-2024-3148,2024-02-10,Margaret Lee,margaret.lee@gmail.com,Executive Leather Notebook,Office Supplies,,21.47,,East,Credit Card,Pending
ORD-2024-1969,2023.08.21,Mary White,mary.white@gmail.com,Filing Cabinet 3-Drawer,Furniture,1.0,177.88,177.88,North,PayPal,Pending
ORD-2024-1661,2023-01-19,Michael Davis,michael.davis@yahoo.com,Mechanical Gaming Keyboard,Accessories,2.0,115.23,230.46,CENTRAL,PayPal,Pending
ORD-2024-2765,2024-04-22,Donald Kim,donald.kim@outlook.com,Executive Leather Notebook, OFFICE SUPPLIES ,1.0,22.94,22.94,West,Bank Transfer,Completed
ORD-2024-1371,2023-09-19,Kimberly Perez,kimberly.perez@gmail.com,HD Webcam 1080p,Accessories,10.0,65.96,659.6,East,Credit Card,Refunded
ORD-2024-1567,2023-08-03,Charles Davis,charles.davis@retailhub.org,HD Webcam 1080p,Accessories,2.0,69.16,138.32,East,Bank Transfer,Shipped
ORD-2024-2889,2023-06-13,Joseph Martinez,joseph.martinez@gmail.com,Adjustable Standing Desk,Furniture,3.0,491.34,1474.02,North,Credit Card,Completed
ORD-2024-1825,2023-12-23,donald scott,donald.scott@yahoo.com,  Executive Leather Notebook  ,Office Supplies,2.0,22.59,45.18,East,Cash on Delivery,Pending
ORD-2024-1983,2024-01-08,Kimberly Walker,kimberly.walker@retailhub.org,UltraBook Pro 15,Electronics,1.0,1333.21,1333.21,South,,Pending
ORD-2024-2121,2023-07-25,James Garcia,james.garcia@retailhub.org,UltraBook Pro 15,Electronics,2.0,1362.15,2724.3,East,Credit Card,Pending
ORD-2024-1814,2023-11-30,Barbara Jones,barbara.jones@techfirm.io,Filing Cabinet 3-Drawer,Furniture,2.0,183.26,366.52,Central,Debit Card,Shipped
ORD-2024-1779,2024-01-23,aarav nguyen,aarav.nguyen@corporate.net,4K Ultra HD Monitor 27-inch,Electronics,1.0,407.23,,East,Credit Card,Refunded
ORD-2024-2053,2023-11-03,Yuki Anderson,yuki.anderson@gmail.com,  Laser Printer Pro  ,Office Supplies,2.0,269.36,538.72,Central,Cash on Delivery,Cancelled
ORD-2024-2386,05/05/2024,Elizabeth Williams,elizabeth.williams@techfirm.io,Filing Cabinet 3-Drawer,Furniture,1.0,171.8,171.8,West,Bank Transfer,Pending
ORD-2024-2014,2023-11-16,Sandra Lee,sandra.lee@techfirm.io,Desk LED Lamp,Office Supplies,8.0,-14.75,-118.0,South,PayPal,
ORD-2024-2302,2023-12-16,Priya Anderson,priya.anderson@gmail.com,Bluetooth Conference Speaker,Electronics,3.0,155.68,467.04,West,Cash on Delivery,Shipped
ORD-2024-2619,29/06/2023,  Thomas   Lopez  ,thomas.lopez@retailhub.org,USB-C Multi-Port Hub,Accessories,3.0,40.83,122.49,East,Debit Card,Cancelled
ORD-2024-1127,2023-10-31,James Chen,james.chen@retailhub.org,Mechanical Gaming Keyboard,Accessories,1.0,114.89,114.89,East,Debit Card,Completed
ORD-2024-1888,2023-08-23,BETTY LOPEZ,betty.lopez@outlook.com,Smart Water Bottle,Office Supplies,1.0,,,West,Cash on Delivery,Completed
ORD-2024-2008,2023-12-03,Fatima Torres,fatima.torres@gmail.com,Cable Management Kit, ACCESSORIES ,2.0,18.36,36.72,East,Bank Transfer,Refunded
ORD-2024-1356,"Sep 01, 2023",joshua ramirez,joshua.ramirez@outlook.com,Adjustable Standing Desk,Furniture,-3.0,507.8,-1523.4,West,Debit Card,Cancelled
ORD-2024-2778,"Jun 14, 2023",Michael Jackson,  michael.jackson@example.com  ,Filing Cabinet 3-Drawer,furniture,1.0,184.88,184.88,East,Credit Card,Completed
ORD-2024-1683,"May 19, 2023",Mary Young,mary.young@techfirm.io,HD Webcam 1080p,Accessories,1.0,66.65,66.65,NORTH,Wire Transfer,Shipped
ORD-2024-2819,2024-02-21,William Taylor,william.taylor@gmail.com,UltraBook Pro 15,electronics,8.0,1266.01,10128.08,West,Bank Transfer,Completed
ORD-2024-2942,2024-01-03,mary johnson,mary.johnson@techfirm.io,Laser Printer Pro,Office Supplies,1.0,274.07,274.07,Central,Credit Card,Cancelled
ORD-2024-1985,2024-01-02,Elizabeth Al-Mansoor,elizabeth.al-mansoor@corporate.net,Filing Cabinet 3-Drawer,Furniture,4.0,179.06,716.24,Central,PayPal,Shipped
ORD-2024-2710,2023-11-09,Betty Gonzalez,betty.gonzalez@techfirm.io,Laser Printer Pro,Office Supplies,1.0,287.7,287.7,Central,Bank Transfer,Pending
ORD-2024-1141,2023-12-26,Aarav Wright,aarav.wright@gmail.com,DESK LED LAMP,Office Supplies,1.0,29.75,29.75,North,Cash on Delivery,Shipped
ORD-2024-2927,2023-13-45,Jennifer Kim,jennifer.kim@outlook.com,Laser Printer Pro,Office Supplies,4.0,275.95,1103.8,Central,PayPal,
ORD-2024-2582,2023-07-02,aarav moore,aarav.moore@gmail.com,UltraBook Pro 15,Electronics,1.0,1326.93,1326.93,Central,Bank Transfer,Cancelled
ORD-2024-2255,2024-03-10,Carlos Lewis,  carlos.lewis@example.com  ,Laser Printer Pro,Office Supplies,2.0,284.85,569.7,West,Cash on Delivery,Refunded
ORD-2024-3118,"Oct 30, 2023",Priya Jackson,priya.jackson@techfirm.io,HD Webcam 1080p,Accessories,1.0,71.3,71.3,North,PayPal,Shipped
ORD-2024-1842,,David Kim,david.kim@techfirm.io,Cable Management Kit,Accessories,3.0,-9.25,-27.75,East,Credit Card,Cancelled
ORD-2024-2390,2023-08-22,SARAH ALLEN,sarah.allen@techfirm.io,USB-C Multi-Port Hub,Accessories,3.0,38.76,116.28,North,Cash on Delivery,Pending
ORD-2024-3040,2024-04-18,John Anderson,john.anderson@gmail.com,Desk LED Lamp,Office Supplies,1.0,28.08,28.08,East,Bank Transfer,Pending
ORD-2024-1712,2023-02-14,Carlos Gonzalez,carlos.gonzalez@outlook.com,HD Webcam 1080p,Accessories,2.0,65.82,131.64,West,,Completed
ORD-2024-2164,"Jan 13, 2024",Sofia King,sofia.king@techfirm.io,Ergonomic Office Chair,Furniture,4.0,257.64,1030.56,South,PayPal,Cancelled
ORD-2024-2991,2023-03-19,William Lewis,william.lewis@corporate.net,Ergonomic Office Chair,Furniture,1.0,245.88,245.88,North,Bank Transfer,Refunded
ORD-2024-1011,2023.08.05,Sandra Thomas,,  4K Ultra HD Monitor 27-inch  ,Electronics,8.0,402.56,3220.48,South,Credit Card,Completed
ORD-2024-2656,2023-09-17,PRIYA SATO,  priya.sato@example.com  ,Bluetooth Conference Speaker,Electronics,1.0,154.08,154.08,East,debit,Shipped
ORD-2024-2290,2024-01-10,  Joseph   Flores  ,  joseph.flores@example.com  ,USB-C Multi-Port Hub,Accessories,1.0,39.73,39.73,East,Debit Card,Cancelled
ORD-2024-1755,2024-02-02,Susan Hernandez,susan.hernandez@techfirm.io,Mechanical Gaming Keyboard,Accessories,5.0,120.19,600.95,East,Credit Card,shipped
ORD-2024-1627,2023-06-09,Thomas Rodriguez,thomas.rodriguez@techfirm.io,4K Ultra HD Monitor 27-inch,Electronics,1.0,374.6,374.6,North,Cash on Delivery,Refunded
ORD-2024-2316,2023-06-22,Sarah Smith,sarah.smith@gmail.com,Desk LED Lamp,Office Supplies,3.0,29.4,88.2,South,Bank Transfer,Refunded
ORD-2024-1130,2023.09.08,Andrew Johnson,andrew.johnson@gmail.com,HD Webcam 1080p,Accessories,2.0,68.97,137.94,East,Bank Transfer,Completed
ORD-2024-1844,2024-99-99,Richard Al-Mansoor,richard.al-mansoor@outlook.com,Filing Cabinet 3-Drawer, FURNITURE ,2.0,174.85,349.7,South,Debit Card,Completed
ORD-2024-1324,2023-01-17,steven nguyen,  steven.nguyen@example.com  ,  HD Webcam 1080p  ,Accessories,,66.4,,Central,PayPal,Completed
ORD-2024-2288,2023-05-30,Tariq Jackson,tariq.jackson@gmail.com,Noise-Canceling Headphones,Electronics,1.0,191.64,191.64,South,Debit Card,Completed
ORD-2024-1015,"Dec 27, 2023",PRIYA KING,priya.king@outlook.com,4K Ultra HD Monitor 27-inch,  Electronics  ,1.0,380.14,380.14,South,Bank Transfer,Pending
ORD-2024-2661,2023-01-06,Aarav Harris,aarav.harris@gmail.com,Filing Cabinet 3-Drawer,Furniture,1.0,180.34,180.34,Central,PayPal,Shipped
ORD-2024-1216,2024.01.18,  Kenji   Hernandez  ,kenji.hernandez@outlook.com,Wireless Ergonomic Mouse,Accessories,,48.22,,West,Bank Transfer,Completed
ORD-2024-2234,2023-11-20,  Nancy   Thomas  ,nancy.thomas@corporate.net,4K Ultra HD Monitor 27-inch,Electronics,1.0,389.65,389.65,West,Cash on Delivery,Pending
ORD-2024-2488,"Sep 27, 2023",Susan Martin,susan.martin@retailhub.org,  Noise-Canceling Headphones  ,Electronics,3.0,199.26,597.78,South,Credit Card,Completed
ORD-2024-2551,"Feb 05, 2024",Nancy Chen,nancy.chen@outlook.com,HD Webcam 1080p,Accessories,1.0,71.93,71.93,South,Credit Card,Completed
ORD-2024-1865,03/06/2023,Linda Nguyen,linda.nguyen@yahoo.com,Bluetooth Conference Speaker,Electronics,1.0,144.6,144.6,West,Credit Card,Shipped
ORD-2024-1517,"Jan 26, 2023",Daniel Jackson,daniel.jackson@techfirm.io,Ergonomic Office Chair,Furniture,3.0,260.45,781.35,,Cash on Delivery,Completed
ORD-2024-1598,2024-01-26,Barbara Sato,barbara.sato@retailhub.org,Laser Printer Pro,Office Supplies,2.0,282.35,564.7,West,Bank Transfer,Shipped
ORD-2024-1196,2023.01.21,christopher hill,christopher.hill@techfirm.io,Desk LED Lamp,Office Supplies,3.0,28.67,86.01,CENTRAL,Debit Card,Completed
ORD-2024-1289,2023-06-10,Sofia Smith,sofia.smith@com,4K Ultra HD Monitor 27-inch,Electronics,1.0,-194.5,-194.5,CENTRAL,PayPal,Completed
ORD-2024-1951,2023-11-29,Andrew Al-Mansoor,andrew.al-mansoor@gmail.com,Bluetooth Conference Speaker,Electronics,1.0,143.95,143.95,East,Credit Card,Refunded
ORD-2024-2395,2023.04.27,Thomas Nguyen,thomas.nguyen@retailhub.org,Cable Management Kit,Accessories,10.0,18.2,182.0,East,Credit Card,Cancelled
ORD-2024-2630,2023-05-04,William Hill,william.hill@outlook.com,Filing Cabinet 3-Drawer,Furniture,1.0,,,East,Credit Card,Cancelled
ORD-2024-1550,2023-05-29,Kenji Rodriguez,kenji.rodriguez@techfirm.io,Mechanical Gaming Keyboard,,2.0,117.35,234.7,East,Credit Card,Cancelled
ORD-2024-1157,2023-12-22,Michelle Thompson,michelle.thompson@yahoo.com,Filing Cabinet 3-Drawer,Furniture,3.0,188.07,564.21,Central,,Refunded
ORD-2024-1420,2023-02-10,Lisa Sanchez,lisa.sanchez@corporate.net,Laser Printer Pro,Office Supplies,1.0,288.88,288.88,Central,Debit Card,Pending
ORD-2024-1923,25/04/2024,Ashley Smith,ashley.smith@techfirm.io,Bluetooth Conference Speaker,Electronics,1.0,154.62,154.62,West,Credit Card,Cancelled
ORD-2024-1478,"May 04, 2023",ANDREW TORRES,andrew.torres@corporate.net,  Wireless Ergonomic Mouse  ,accessories,10.0,52.28,522.8,West,PayPal,Completed
ORD-2024-2252,2024-04-06,Barbara Walker,barbara.walker@techfirm.io,USB-C Multi-Port Hub, ACCESSORIES ,3.0,39.27,117.81,East,PayPal,
ORD-2024-1554,18/03/2024,Sarah Kim,sarah.kim@gmail.com,USB-C Multi-Port Hub,Accessories,1.0,40.04,40.04,East,Credit Card,Refunded
ORD-2024-1391,2023-11-17,michael sato,,Filing Cabinet 3-Drawer,Furniture,4.0,182.22,728.88,West,Debit Card,Completed
ORD-2024-1579,2023-05-13,Thomas Garcia,thomas.garcia@outlook.com,Cable Management Kit,Accessories,5.0,17.86,89.3,West,Bank Transfer,Refunded
ORD-2024-3024,2023-03-05,Kenji Robinson,kenji.robinson@outlook.com,Mechanical Gaming Keyboard,Accessories,3.0,115.93,347.79,West,PayPal,Completed
ORD-2024-2567,2023-07-22,Sarah Garcia,sarah.garcia@techfirm.io,4K Ultra HD Monitor 27-inch,Electronics,2.0,,,North,Bank Transfer,Shipped
ORD-2024-2946,2024-04-12,Aarav Sato,aarav.sato@gmail.com,LASER PRINTER PRO,Office Supplies,1.0,292.85,292.85,West,Cash on Delivery,Pending
ORD-2024-1821,2023-03-29,Donna Anderson,donna.anderson@techfirm.io,bluetooth conference speaker,Electronics,1.0,147.05,,Central,Cash on Delivery,Refunded
ORD-2024-3108,2023-02-24,Daniel Tanaka,daniel.tanaka@outlook.com,Desk LED Lamp,Office Supplies,1771.0,30.59,54174.89,West,PayPal,Completed
ORD-2024-2007,2023.02.12,SUSAN SHARMA,susan.sharma@outlook.com,Laser Printer Pro,office supplies,1.0,278.77,278.77,East,Credit Card,Refunded
ORD-2024-2242,2023-08-16,elizabeth al-mansoor,elizabeth.al-mansoor@retailhub.org,HD Webcam 1080p,Accessories,1.0,65.63,65.63,South,Debit Card,Completed
ORD-2024-1665,"May 09, 2023",Aarav Robinson,aarav.robinson@corporate.net,Bluetooth Conference Speaker,Electronics,8.0,145.38,1163.04,West,PayPal,cancelled
ORD-2024-2782,2024-02-18,Donna Garcia,donna.garcia@retailhub.org,UltraBook Pro 15,Electronics,5.0,1286.73,6433.65,West,Debit Card,Cancelled
ORD-2024-1143,2024-01-30,Nancy Ramirez,,Mechanical Gaming Keyboard,Accessories,1960.0,115.4,226184.0,North,Debit Card,
ORD-2024-3121,2023-08-14,Kimberly Young,kimberly.young@retailhub.org,Noise-Canceling Headphones,Electronics,1.0,192.13,192.13,East,Debit Card,Shipped
ORD-2024-2396,2024-01-07,linda wright,linda.wright@gmail.com,Smart Water Bottle,Office Supplies,2017.0,35.29,71179.93,East,Cash on Delivery,Completed
ORD-2024-1422,2023-07-16,priya nguyen,priya.nguyen@gmail.com,Filing Cabinet 3-Drawer,Furniture,8.0,184.52,1476.16,East,Cash on Delivery,Shipped
ORD-2024-1800,2024-01-27,Mary Patel,mary.patel@outlook.com,USB-C Multi-Port Hub,Accessories,2.0,38.97,77.94,Central,Bank Transfer,Pending
ORD-2024-1616,2024-01-31,Kenji Chen,kenji.chen@outlook.com,Cable Management Kit,Accessories,1.0,17.94,17.94,Central,Credit Card,Cancelled
ORD-2024-1296,2023-01-19,ASHLEY PATEL,ashley.patel@techfirm.io,Wireless Ergonomic Mouse,Accessories,,52.01,,North,PayPal,Completed
ORD-2024-1402,2023-06-04,Emma Sato,emma.sato@techfirm.io,Ergonomic Office Chair,Furniture,5.0,,,East,Cash on Delivery,Refunded
ORD-2024-1089,2023-03-10,Fatima White,fatima.white@corporate.net,Wireless Ergonomic Mouse,Accessories,1.0,51.31,51.31,Central,Credit Card,Pending
ORD-2024-3112,2023-04-09,Emily Wright,emily.wright@techfirm.io,Executive Leather Notebook,Office Supplies,1.0,22.38,22.38,Central,PayPal,Completed
ORD-2024-2998,2024-03-08,Donna Young,donna_young@,  Mechanical Gaming Keyboard  ,Accessories,1.0,118.58,118.58,North,PayPal,Completed
ORD-2024-1132,2023-11-20,Michelle Rodriguez,michelle.rodriguez@gmail.com,Bluetooth Conference Speaker,Electronics,8.0,150.08,1200.64,North,Cash on Delivery,Pending
ORD-2024-2613,2023-11-04,Lisa Murphy,lisa.murphy@techfirm.io,Laser Printer Pro,Office Supplies,1.0,279.33,279.33,South,Debit Card,Cancelled
ORD-2024-2425,2023-10-31,Lisa White,lisa.white@yahoo.com,Wireless Ergonomic Mouse,Accessories,1.0,52.38,52.38,North,PayPal,Pending
ORD-2024-2589,01/01/2023,Joseph Allen,joseph.allen@gmail.com,Adjustable Standing Desk,Furniture,3.0,,,North,wire,Completed
ORD-2024-2776,2024-99-99,Susan Murphy,susan.murphy@techfirm.io,Wireless Ergonomic Mouse,Accessories,2.0,48.19,96.38,South,Debit Card,
ORD-2024-1725,2023-03-28,Susan Wilson,susan.wilson@yahoo.com,Desk LED Lamp,Office Supplies,8.0,29.69,237.52,NORTH,Bank Transfer,Completed
ORD-2024-2346,,Tariq Clark,tariq.clark@retailhub.org,Smart Water Bottle,Office Supplies,1.0,34.32,34.32,Central,PayPal,Completed
ORD-2024-1270,2023-10-20,  Barbara   Hill  ,barbara.hill@outlook.com,Smart Water Bottle,Office Supplies,4.0,36.15,144.6,South,Credit Card,Completed
ORD-2024-2609,"May 09, 2023",Joseph Scott,joseph.scott@corporate.net,  Adjustable Standing Desk  ,Furniture,1.0,509.41,509.41,West,Debit Card,Shipped
ORD-2024-1918,2023-09-18,Donald Lopez,donald.lopez@outlook.com,Wireless Ergonomic Mouse,Accessories,3.0,47.5,142.5,East,PayPal,Shipped
ORD-2024-2741,2024-03-07,,steven.davis@retailhub.org,4K Ultra HD Monitor 27-inch,Electronics,4.0,386.64,1546.56,South,Bank Transfer,Shipped
ORD-2024-2558,28/01/2023,James Robinson,james.robinson@yahoo.com,Desk LED Lamp,Office Supplies,1.0,28.15,28.15,Central,Bank Transfer,Pending
ORD-2024-1376,28/06/2023,Robert Clark,robert.clark@corporate.net,Smart Water Bottle,Office Supplies,2.0,35.02,70.04,West,Bank Transfer,Refunded
ORD-2024-1334,2023-12-03,Andrew Allen,andrew.allen@retailhub.org,Executive Leather Notebook,Office Supplies,1.0,22.68,22.68,East,Bank Transfer,Pending
ORD-2024-2367,2023-07-23,Steven Moore,steven.moore@corporate.net,UltraBook Pro 15,Electronics,3.0,1309.03,3927.09,West,Bank Transfer,Refunded
ORD-2024-3067,2023-05-01,Donald Sharma,  donald.sharma@example.com  ,ULTRABOOK PRO 15,Electronics,1.0,1342.51,1342.51,South,PayPal,Pending
ORD-2024-2119,2024-99-99,Andrew Young,andrew.young@techfirm.io,executive leather notebook,Office Supplies,2.0,21.74,43.48,South,Credit Card,Shipped
ORD-2024-1911,2023-10-25,LISA ANDERSON,lisa.anderson@corporate.net,Filing Cabinet 3-Drawer,Furniture,1.0,177.25,,West,PayPal,Shipped
ORD-2024-1777,2023-05-04,Steven Hill,,Mechanical Gaming Keyboard,Accessories,1.0,115.66,115.66,South,PayPal,Completed
ORD-2024-2971,2023-04-15,Emma Kim,emma.kim@outlook.com,Smart Water Bottle,Office Supplies,4.0,35.6,142.4,East,,Shipped
ORD-2024-1329,2024-01-07,Liam Chen,liam.chen@retailhub.org,Filing Cabinet 3-Drawer,Furniture,10.0,173.64,1736.4,West,PayPal,
ORD-2024-2813,2023-05-08,Joseph Lee,joseph.lee@retailhub.org,bluetooth conference speaker,Electronics,3.0,148.31,444.93,West,PayPal,Pending
ORD-2024-1013,2023-02-11,john hill,john.hill@corporate.net,4K Ultra HD Monitor 27-inch,Electronics,1.0,395.12,395.12,East,Bank Transfer,Cancelled
ORD-2024-1898,2023.06.11,Jennifer Murphy,jennifer.murphy@yahoo.com,  Cable Management Kit  ,Accessories,1.0,18.37,18.37,,Credit Card,Refunded
ORD-2024-1172,"Nov 08, 2023",Sofia Miller,sofia.miller@outlook.com,Smart Water Bottle,Office Supplies,4.0,33.77,135.08,Central,Bank Transfer,Completed
ORD-2024-1261,2024-03-27,Thomas Lee,thomas.lee@yahoo.com,4K ULTRA HD MONITOR 27-INCH,Electronics,1.0,397.83,397.83,South,Cash on Delivery,shipped
ORD-2024-2428,2023-12-04,Daniel Tanaka,daniel.tanaka@corporate.net,Mechanical Gaming Keyboard,Accessories,1.0,119.56,119.56,North,Wire Transfer,Completed
ORD-2024-2673,2024.05.12,Richard Torres,richard.torres@yahoo.com,UltraBook Pro 15,Electronics,3.0,1360.87,4082.61,West,Cash on Delivery,Shipped
ORD-2024-1902,2023.08.18,Emily Anderson,emily.anderson@outlook.com,Noise-Canceling Headphones,Electronics,1.0,205.9,205.9,West,Debit Card,pending
ORD-2024-1259,2023-11-25,  Robert   King  ,robert.king@gmail.com,USB-C Multi-Port Hub,Accessories,2.0,40.51,81.02,West,Bank Transfer,Cancelled
ORD-2024-1845,02/02/2024,  Sandra   Davis  ,sandra.davis@outlook.com,Smart Water Bottle,Office Supplies,1.0,34.16,34.16,South,,Cancelled
ORD-2024-1139,2023-11-04,CHARLES AL-MANSOOR,charles.al-mansoor@outlook.com,Noise-Canceling Headphones,Electronics,1.0,207.91,207.91,North,Debit Card,Completed
ORD-2024-1320,2023-03-25,Elizabeth Lee,elizabeth.lee@outlook.com,  Adjustable Standing Desk  ,Furniture,8.0,488.6,3908.8,SOUTH,PayPal,Refunded
ORD-2024-2809,12/04/2024,Liam Moore,liam.moore@corporate.net,Executive Leather Notebook,Office Supplies,5.0,21.64,108.2,North,Credit Card,Completed
ORD-2024-2453,2023.10.26,Aarav Sanchez,aarav.sanchez@corporate.net,4K Ultra HD Monitor 27-inch,Electronics,2.0,387.23,774.46,West,PayPal,Cancelled
ORD-2024-2387,2023-11-11,Karen Miller,  karen.miller@example.com  ,Wireless Ergonomic Mouse,Accessories,2.0,,,East,Debit Card,refunded
ORD-2024-1559,2023-09-06,Nancy Sharma,nancy.sharma@corporate.net,USB-C Multi-Port Hub,Accessories,2.0,40.44,80.88,North,Credit Card,Completed
ORD-2024-1140,2023-07-04,David Harris,david.harris@outlook.com,Adjustable Standing Desk,Furniture,1.0,487.13,487.13,WEST,Debit Card,Cancelled
ORD-2024-1113,2024-99-99,ANTHONY SMITH,anthony.smith@techfirm.io,  Desk LED Lamp  ,Office Supplies,3.0,28.34,85.02,South,Bank Transfer,Pending
ORD-2024-1532,2023-05-01,Andrew Flores,andrew.flores@gmail.com,Bluetooth Conference Speaker,Electronics,2.0,149.77,299.54,North,Cash on Delivery,Pending
ORD-2024-1225,20/10/2023,Andrew Sato,  andrew.sato@example.com  ,HD Webcam 1080p,Accessories,1.0,70.65,70.65,,Debit Card,Pending
ORD-2024-1724,2024-03-11,Matthew Johnson,matthew.johnson@retailhub.org,Executive Leather Notebook,Office Supplies,1.0,21.75,21.75,South,Debit Card,Cancelled
ORD-2024-3036,2024-04-15,David Williams,david.williams@corporate.net,Adjustable Standing Desk,Furniture,1.0,487.52,487.52,East,cod,Refunded
ORD-2024-2737,2023-07-17,Steven Rodriguez,steven.rodriguez@yahoo.com,Cable Management Kit,Accessories,2.0,19.21,38.42,East,Cash on Delivery,
ORD-2024-1326,2024-03-11,Lisa Al-Mansoor,lisa.al-mansoor@gmail.com,Adjustable Standing Desk,Furniture,2.0,512.04,1024.08,Central,Bank Transfer,Refunded
ORD-2024-2489,2023-09-09,Susan Harris,susan.harris@yahoo.com,Smart Water Bottle,Office Supplies,2.0,33.7,67.4,North,PayPal,Shipped
ORD-2024-2698,19/05/2023,Susan Sato,susan.sato@retailhub.org,UltraBook Pro 15,Electronics,3.0,1352.61,4057.83,Central,Debit Card,Pending
ORD-2024-1715,2023-07-20,Joseph Murphy,joseph.murphy@techfirm.io,Laser Printer Pro,Office Supplies,2.0,286.62,573.24,,PayPal,Completed
ORD-2024-1847,"Jun 25, 2023",William Sato,william@@domain.com,Wireless Ergonomic Mouse,  Accessories  ,5.0,49.97,249.85,East,Bank Transfer,Pending
ORD-2024-1194,2023.07.19,Kenji Jackson,,Filing Cabinet 3-Drawer,Furniture,1.0,171.22,171.22,West,Bank Transfer,Refunded
ORD-2024-1574,"Nov 07, 2023",Priya Moore,priya.moore@retailhub.org,HD Webcam 1080p, ACCESSORIES ,1.0,68.8,68.8,South,Debit Card,Completed
ORD-2024-1947,2023-12-12,Sandra Perez,sandra.perez@techfirm.io,Executive Leather Notebook,Office Supplies,2.0,22.29,44.58,East,Debit Card,Cancelled
ORD-2024-1504,2024-03-07,MICHELLE MILLER,,ultrabook pro 15,Electronics,3.0,1246.43,3739.29,Central,Credit Card,Completed
ORD-2024-2382,2023-11-19,Matthew White,matthew.white@retailhub.org,Smart Water Bottle,Office Supplies,1.0,35.11,35.11,East,Cash on Delivery,Shipped
ORD-2024-2379,2024-05-01,Kimberly Johnson,kimberly.johnson@retailhub.org,UltraBook Pro 15,Electronics,1.0,1316.75,1316.75,South,Credit Card,Pending
ORD-2024-1646,2023-02-09,David Lee,david.lee@yahoo.com,ERGONOMIC OFFICE CHAIR,Furniture,3.0,240.11,720.33,East,Debit Card,Shipped
ORD-2024-1004,2023-08-25,Aarav Al-Mansoor,aarav.al-mansoor@gmail.com,USB-C Multi-Port Hub,Accessories,1.0,40.26,40.26,West,Cash on Delivery,Shipped
ORD-2024-2466,2024-05-03,,jessica.robinson@retailhub.org,Filing Cabinet 3-Drawer,,1.0,180.62,,East,Debit Card,Cancelled
ORD-2024-1468,05/05/2023,Kenji Moore,kenji.moore@gmail.com,4K Ultra HD Monitor 27-inch,electronics,1.0,,,South,PayPal,Pending
ORD-2024-1006,"Sep 28, 2023",Emily Smith,  emily.smith@example.com  ,HD Webcam 1080p,Accessories,1.0,,,East,PayPal,Completed
ORD-2024-3133,2023-01-01,yuki king,yuki.king@corporate.net,Ergonomic Office Chair, FURNITURE ,2.0,259.18,518.36,North,Credit Card,Completed
ORD-2024-1548,2023-07-29,Elizabeth Torres,elizabeth.torres@yahoo.com,Adjustable Standing Desk,,1.0,520.46,520.46,North,Credit Card,Completed
ORD-2024-1229,2023.03.27,Mary Rodriguez,mary.rodriguez@retailhub.org,Mechanical Gaming Keyboard,Accessories,5.0,114.17,570.85,North,Debit Card,Cancelled
ORD-2024-2064,32/01/2024,  Sofia   Wilson  ,sofia.wilson@retailhub.org,Noise-Canceling Headphones,Electronics,5.0,203.78,1018.9,Central,Debit Card,Refunded
ORD-2024-1543,2023-10-04,Joshua Thomas,,cable management kit, ACCESSORIES ,2.0,18.83,37.66,East,Bank Transfer,Pending
ORD-2024-1243,2023-08-01,Emma Sharma,emma.sharma@retailhub.org,Laser Printer Pro,Office Supplies,1.0,269.46,269.46,East,Debit Card,Pending
ORD-2024-1899,"Feb 07, 2024",Yuki Lee,yuki.lee@retailhub.org,Ergonomic Office Chair,Furniture,2.0,258.93,517.86,East,Credit Card,Completed
ORD-2024-2336,2023-09-14,Tariq Sanchez,tariq.sanchez@gmail.com,4K Ultra HD Monitor 27-inch,Electronics,8.0,380.31,3042.48,East,Cash on Delivery,Refunded
ORD-2024-2161,2023-07-05,SARAH KING,sarah.king@gmail.com,Cable Management Kit,Accessories,2.0,18.52,37.04,West,PayPal,Completed
ORD-2024-3076,08/01/2023,Sandra Thompson,  sandra.thompson@example.com  ,  UltraBook Pro 15  ,Electronics,1.0,1361.6,1361.6,Central,Cash on Delivery,Completed
ORD-2024-2728,2023.08.26,Karen Harris,karen.harris@techfirm.io,Executive Leather Notebook,Office Supplies,2.0,22.31,44.62,South,Credit Card,Cancelled
ORD-2024-1843,2023-11-30,  Karen   King  ,karen.king@outlook.com,adjustable standing desk,Furniture,2.0,481.07,962.14,,PayPal,Cancelled
ORD-2024-2799,2024-04-10,Linda White,linda.white@retailhub.org,Executive Leather Notebook,Office Supplies,8.0,22.47,179.76,,PayPal,Pending
ORD-2024-2362,2024.02.06,Robert Garcia,robert.garcia@corporate.net,Ergonomic Office Chair,Furniture,1.0,256.12,256.12,South,Cash on Delivery,Refunded
ORD-2024-1277,16/07/2023,Susan Al-Mansoor,susan.al-mansoor@corporate.net,Smart Water Bottle,Office Supplies,1.0,35.26,35.26,West,Credit Card,Shipped
ORD-2024-1662,2023-01-23,Elizabeth Perez,elizabeth.perez@yahoo.com,Bluetooth Conference Speaker,Electronics,1578.0,145.9,230230.2,South,Cash on Delivery,
ORD-2024-2423,"Aug 05, 2023",Barbara Martinez,barbara.martinez@outlook.com,UltraBook Pro 15,Electronics,3.0,1266.41,3799.23,North,PayPal,Shipped
ORD-2024-1315,2023-08-17,Christopher Brown,christopher.brown@techfirm.io,USB-C Multi-Port Hub,Accessories,1.0,40.7,40.7,West,Bank Transfer,Refunded
ORD-2024-1692,2023-11-27,Mary Brown,mary.brown@corporate.net,  Wireless Ergonomic Mouse  ,Accessories,8.0,49.09,392.72,West,,Cancelled
ORD-2024-2783,2024-04-16,  Carlos   Walker  ,carlos.walker@yahoo.com,Noise-Canceling Headphones,Electronics,-1.0,207.94,-207.94,South,Cash on Delivery,Cancelled
ORD-2024-1425,21/02/2024,Tariq Wilson,tariq.wilson@outlook.com,UltraBook Pro 15,Electronics,,1325.51,,East,PayPal,Shipped
ORD-2024-1595,10/05/2024,Ashley Scott,  ashley.scott@example.com  ,Bluetooth Conference Speaker,Electronics,2.0,150.27,300.54,West,Credit Card,Pending
ORD-2024-1914,2023-06-21,Andrew Scott,andrew.scott@outlook.com,ADJUSTABLE STANDING DESK,Furniture,1.0,476.37,476.37,South,PayPal,Pending
ORD-2024-1623,2023-01-04,Anthony Sanchez,  anthony.sanchez@example.com  ,Bluetooth Conference Speaker,Electronics,4.0,156.45,625.8,West,Credit Card,Pending
ORD-2024-2380,2023-04-03,Carlos Clark,carlos.clark@techfirm.io,HD Webcam 1080p,Accessories,2.0,68.24,136.48,  south  ,PayPal,Shipped
ORD-2024-2235,2024.03.09,KAREN GONZALEZ,karen_gonzalez@,Cable Management Kit,Accessories,3.0,18.86,56.58,North,Bank Transfer,Refunded
ORD-2024-1228,2023-08-04,Andrew Sanchez,,Adjustable Standing Desk,Furniture,3.0,493.78,1481.34,East,Debit Card,Cancelled
ORD-2024-2320,2023-07-15,Michelle Taylor,michelle.taylor@outlook.com,Desk LED Lamp,Office Supplies,1.0,28.42,28.42,,Credit Card,Pending
ORD-2024-2170,32/01/2024,  Betty   Garcia  ,betty.garcia@retailhub.org,4K Ultra HD Monitor 27-inch,Electronics,2.0,382.53,765.06,Central,Debit Card,Refunded
ORD-2024-2621,2023-04-01,Sandra Ramirez,sandra.ramirez@outlook.com,Noise-Canceling Headphones,Electronics,4.0,199.66,798.64,EAST,Debit Card,
ORD-2024-2608,2023.03.15,Liam Young,liam.young@outlook.com,Desk LED Lamp,  Office Supplies  ,1.0,29.4,29.4,South,Bank Transfer,shipped
ORD-2024-1067,2023-08-25,Tariq Williams,tariq.williams@retailhub.org,Noise-Canceling Headphones,Electronics,1.0,207.93,207.93,Central,Credit Card,Cancelled
ORD-2024-1025,11/02/2023,Joseph Harris,joseph.harris@gmail.com,Laser Printer Pro,Office Supplies,1.0,290.29,290.29,Central,Credit Card,Pending
ORD-2024-2236,2023-12-04,Matthew Harris,matthew.harris@corporate.net,hd webcam 1080p,Accessories,2.0,69.48,138.96,South,PayPal,completed
ORD-2024-1145,2023-02-05,Charles Martin,charles.martin@gmail.com,Bluetooth Conference Speaker,Electronics,2.0,150.37,300.74,South,Debit Card,Shipped
ORD-2024-1537,2024-01-07,Elizabeth Williams,elizabeth.williams@retailhub.org,Cable Management Kit,,1.0,18.13,18.13,CENTRAL,Credit Card,Cancelled
ORD-2024-1812,2023-09-10,Donna Wright,donna.wright@retailhub.org,4K Ultra HD Monitor 27-inch,Electronics,5.0,385.31,1926.55,North,Credit Card,Shipped
ORD-2024-2983,2023.02.22,Mary Anderson,mary.anderson@corporate.net,4K Ultra HD Monitor 27-inch,Electronics,1.0,379.71,379.71,East,Credit Card,Pending
ORD-2024-1086,2023-05-29,Karen Walker,karen.walker@corporate.net,Desk LED Lamp,Office Supplies,1.0,29.03,29.03,East,Bank Transfer,Shipped
ORD-2024-2573,2023-05-18,Mark Miller,mark.miller@retailhub.org,Bluetooth Conference Speaker,Electronics,5.0,147.3,,West,Bank Transfer,Shipped
ORD-2024-2675,2023-10-06,emma lee,emma.lee@yahoo.com,Desk LED Lamp,Office Supplies,10.0,28.73,287.3,East,PayPal,Completed
ORD-2024-2267,2023-09-18,Betty Rodriguez,betty.rodriguez@yahoo.com,Laser Printer Pro,Office Supplies,2.0,267.5,535.0,South,Cash on Delivery,Shipped
ORD-2024-1485,2023-06-13,joshua harris,joshua.harris@corporate.net,Executive Leather Notebook,Office Supplies,,21.83,,South,Credit Card,Completed
ORD-2024-2881,2024-04-11,Sarah Perez,,Adjustable Standing Desk,Furniture,5.0,512.26,2561.3,West,PayPal,Shipped
ORD-2024-3103,2023-06-08,Mark King,mark.king@outlook.com,UltraBook Pro 15,Electronics,1.0,1250.18,1250.18,East,Bank Transfer,Pending
ORD-2024-2623,invalid_date,Barbara Murphy,barbara.murphy@corporate.net,Adjustable Standing Desk,Furniture,1.0,,,West,Cash on Delivery,Pending
ORD-2024-2684,2024.05.12,Betty Thomas,betty.thomas@techfirm.io,Cable Management Kit,Accessories,2.0,17.67,35.34,East,Debit Card,Cancelled
ORD-2024-1363,2023-08-18,Mary Hernandez,mary.hernandez@outlook.com,Cable Management Kit,Accessories,1.0,19.13,19.13,East,Cash on Delivery,Pending
ORD-2024-2906,2023-11-25,Steven White,steven.white@techfirm.io,Mechanical Gaming Keyboard,Accessories,1.0,117.68,117.68,East,PayPal,Pending
ORD-2024-2359,2023-06-16,  Donald   Perez  ,donald.perez@retailhub.org,NOISE-CANCELING HEADPHONES,Electronics,2.0,201.94,403.88,Central,Debit Card,Pending
ORD-2024-2027,2023.04.03,Donna Moore,donna.moore@retailhub.org,UltraBook Pro 15,Electronics,3.0,1258.43,3775.29,South,Bank Transfer,Shipped
ORD-2024-2031,2024-01-13,Kimberly Gonzalez,kimberly.gonzalez@retailhub.org,Ergonomic Office Chair,Furniture,1.0,248.42,248.42,Central,PayPal,Refunded
ORD-2024-2460,07/02/2023,Carlos Taylor,carlos.taylor@corporate.net,USB-C Multi-Port Hub,Accessories,1.0,39.67,39.67,North,Debit Card,Shipped
ORD-2024-2602,2023.07.13,Ashley Murphy,ashley.murphy@gmail.com,ADJUSTABLE STANDING DESK,Furniture,8.0,509.82,4078.56,South,Bank Transfer,Cancelled
ORD-2024-2269,2023.10.26,Christopher Torres,christopher.torres@outlook.com,Executive Leather Notebook,  Office Supplies  ,2.0,21.55,43.1,Central,Debit Card,
ORD-2024-1666,2023-12-30,  Joseph   Sanchez  ,joseph.sanchez@yahoo.com,Filing Cabinet 3-Drawer,Furniture,1.0,177.53,177.53,Central,PayPal,Refunded
ORD-2024-1365,2023.12.13,Steven Williams,steven.williams@gmail.com,usb-c multi-port hub,Accessories,1.0,38.18,38.18,South,Debit Card,Completed
ORD-2024-2240,2023-11-11,Emma Wilson,emma.wilson@yahoo.com,mechanical gaming keyboard,accessories,3.0,113.58,340.74,West,Credit Card,Pending
ORD-2024-1078,2024-03-19,Sarah Davis,sarah.davis@corporate.net,Cable Management Kit,Accessories,2.0,19.28,38.56,West,debit card,Pending
ORD-2024-1028,2023-01-27,Daniel Anderson,daniel.anderson@retailhub.org,Wireless Ergonomic Mouse,Accessories,1.0,48.12,48.12,South,Bank Transfer,Shipped
ORD-2024-2704,2023.11.19,EMMA HERNANDEZ,emma.hernandez@yahoo.com,HD Webcam 1080p,Accessories,1.0,68.21,68.21,South,Debit Card,Cancelled
ORD-2024-1526,2024-04-14,Donald Harris,donald.harris@yahoo.com,hd webcam 1080p,Accessories,1.0,68.34,68.34,South,Credit Card,Cancelled
ORD-2024-1726,2023-09-09,mark ramirez,mark.ramirez@yahoo.com,HD Webcam 1080p,Accessories,1.0,70.0,70.0,North,Bank Transfer,shipped
ORD-2024-1056,2023-08-18,  Steven   Nguyen  ,steven.nguyen@techfirm.io,Wireless Ergonomic Mouse,Accessories,1.0,47.65,47.65,West,Cash on Delivery,Cancelled
ORD-2024-1639,2023-07-04,Yuki Hill,yuki.hill@retailhub.org,Wireless Ergonomic Mouse,Accessories,2.0,52.19,104.38,West,Credit Card,Shipped
ORD-2024-1303,11/07/2023,Fatima Gonzalez,fatima.gonzalez@yahoo.com,smart water bottle,Office Supplies,1079.0,34.88,37635.52,South,Debit Card,Refunded
ORD-2024-1719,2023-11-03,Nancy Lopez,nancy.lopez@outlook.com,USB-C Multi-Port Hub,Accessories,2.0,39.01,78.02,West,Cash on Delivery,
ORD-2024-1625,2024-04-24,Elizabeth Murphy,elizabeth.murphy@outlook.com,4K Ultra HD Monitor 27-inch,,1.0,402.28,402.28,,Cash on Delivery,shipped
ORD-2024-1008,2024-05-15,  Emma   Rodriguez  ,emma.rodriguez@techfirm.io,Adjustable Standing Desk,Furniture,1.0,510.47,510.47,East,Debit Card,Shipped
ORD-2024-1804,2023.09.15,Jennifer Tanaka,jennifer.tanaka@gmail.com,Wireless Ergonomic Mouse,Accessories,2127.0,48.96,104137.92,East,COD,Refunded
ORD-2024-2050,2023.12.24,Joshua Lewis,joshua.lewis@techfirm.io,WIRELESS ERGONOMIC MOUSE,Accessories,-1.0,52.08,-52.08,  north  ,Cash on Delivery,Refunded
ORD-2024-1337,2023-05-18,Paul Flores,paul.flores@techfirm.io,Wireless Ergonomic Mouse,Accessories,1.0,48.99,48.99,North,Cash on Delivery,Pending
ORD-2024-1048,2024-04-05,Charles Sato,,Bluetooth Conference Speaker,Electronics,2.0,146.05,292.1,North,Debit Card,Pending
ORD-2024-2755,2023-08-21,John Hernandez,john.hernandez@gmail.com,Laser Printer Pro,Office Supplies,2.0,289.99,579.98,West,Bank Transfer,Pending
ORD-2024-1107,21/05/2023,Donna Murphy,donna.murphy@corporate.net,  Executive Leather Notebook  ,Office Supplies,1.0,22.43,22.43,South,Cash on Delivery,Shipped
ORD-2024-1350,2024-03-25,Jennifer Lee,jennifer.lee@outlook.com,4K Ultra HD Monitor 27-inch,Electronics,8.0,383.58,3068.64,East,Bank Transfer,Cancelled
ORD-2024-2080,2023.12.26,Donald White,donald.white@corporate.net,HD Webcam 1080p,  Accessories  ,2.0,68.19,136.38,North,Cash on Delivery,Shipped
ORD-2024-1239,"Jun 28, 2023",Sandra Moore,sandra.moore@techfirm.io,ADJUSTABLE STANDING DESK,  Furniture  ,1.0,474.09,474.09,South,Debit Card,Refunded
ORD-2024-1214,2024-04-10,Charles Hill,charles.hill@yahoo.com,UltraBook Pro 15,Electronics,1.0,,,East,Credit Card,Refunded
ORD-2024-2145,2023.03.11,Barbara Johnson,barbara.johnson@gmail.com,Mechanical Gaming Keyboard,Accessories,1.0,115.18,115.18,North,Debit Card,Refunded
ORD-2024-2477,2023-11-28,Karen Thomas,karen.thomas@gmail.com,Desk LED Lamp,Office Supplies,3.0,29.78,89.34,  north  ,PayPal,Pending
ORD-2024-2341,15/04/2023,susan white,susan.white@gmail.com,Ergonomic Office Chair,Furniture,5.0,245.45,1227.25,Central,Debit Card,Shipped
ORD-2024-1794,2024-03-23,Kimberly Wilson,kimberly.wilson@techfirm.io,Mechanical Gaming Keyboard,Accessories,2.0,124.76,249.52,South,Bank Transfer,Cancelled
ORD-2024-2097,2024-04-03,Sandra Rodriguez,sandra.rodriguez@yahoo.com,Filing Cabinet 3-Drawer,Furniture,1.0,186.87,186.87,Central,Debit Card,completed
ORD-2024-3003,2024-03-03,Donald Thompson,donald.thompson@outlook.com,UltraBook Pro 15,Electronics,2.0,1236.76,2473.52,North,Credit Card,Completed
ORD-2024-1634,2023-11-01,Patricia O'Connor,patricia.oconnor@yahoo.com,USB-C Multi-Port Hub,  Accessories  ,2.0,39.39,78.78,South,Credit Card,Refunded
ORD-2024-2873,2024-03-22,Sarah O'Connor,sarah.oconnor@yahoo.com,Filing Cabinet 3-Drawer,Furniture,1.0,181.36,181.36,East,Bank Transfer,Cancelled
ORD-2024-2978,2023.10.24,BETTY HARRIS,betty.harris@corporate.net,4K ULTRA HD MONITOR 27-INCH,Electronics,8.0,394.75,,East,  Credit Card  ,Pending
ORD-2024-1524,2023-07-08,Betty Harris,  betty.harris@example.com  ,Laser Printer Pro,  Office Supplies  ,1.0,281.25,281.25,Central,Bank Transfer,Cancelled
ORD-2024-1233,2023-09-22,Michelle Al-Mansoor,michelle.al-mansoor@retailhub.org,HD Webcam 1080p,Accessories,1.0,69.81,69.81,South,PayPal,refunded
ORD-2024-1645,2023-10-12,Andrew Gonzalez,andrew.gonzalez@techfirm.io,Filing Cabinet 3-Drawer,Furniture,3.0,188.66,565.98,East,PayPal,Pending
ORD-2024-2787,2023-06-23,Donna Sharma,donna.sharma@corporate.net,Ergonomic Office Chair,Furniture,-1.0,260.88,-260.88,CENTRAL,Credit Card,Shipped
ORD-2024-1534,2023.06.30,Margaret Brown,  margaret.brown@example.com  ,UltraBook Pro 15,Electronics,3.0,1363.81,,North,Pay-Pal,Completed
ORD-2024-2980,2024-02-08,Susan Scott,susan.scott@yahoo.com,Adjustable Standing Desk,Furniture,3.0,500.2,1500.6,East,PayPal,Refunded
ORD-2024-1604,"Dec 11, 2023",  Tariq   Al-Mansoor  ,tariq.al-mansoor@corporate.net,HD Webcam 1080p,,1.0,67.34,67.34,Central,Debit Card,Pending
ORD-2024-2422,2024.03.18,,kenji.thompson@retailhub.org,USB-C Multi-Port Hub,Accessories,4.0,38.88,,East,PayPal,shipped
ORD-2024-2075,2023-04-06,Lisa Martin,lisa.martin@gmail.com,HD Webcam 1080p,Accessories,-2.0,66.63,-133.26,South,,Completed
ORD-2024-2550,2023-07-09,Paul Davis,paul.davis@retailhub.org,Filing Cabinet 3-Drawer, FURNITURE ,1.0,187.5,187.5,North,Debit Card,Completed
ORD-2024-1061,2023-04-21,  Sandra   Perez  ,sandra.perez@outlook.com,Mechanical Gaming Keyboard,  Accessories  ,1.0,118.82,118.82,West,Debit Card,Cancelled
ORD-2024-2490,2024-04-21,Betty Lee,betty.lee@outlook.com,Smart Water Bottle,Office Supplies,1.0,33.91,33.91,West,Bank Transfer,Refunded
ORD-2024-1093,28/12/2023,Susan Scott,susan.scott@techfirm.io,Filing Cabinet 3-Drawer,Furniture,1.0,184.89,184.89,East,PayPal,Pending
ORD-2024-1667,2023-04-10,Fatima Tanaka,fatima.tanaka@corporate.net,Laser Printer Pro,Office Supplies,2.0,277.67,555.34,Central,PayPal,Refunded
ORD-2024-2311,"Nov 03, 2023",Thomas Miller,thomas.miller@techfirm.io,HD Webcam 1080p,accessories,3.0,65.61,196.83,West,Bank Transfer,Refunded
ORD-2024-2917,2024-04-28,Tariq Ramirez,tariq.ramirez@retailhub.org,UltraBook Pro 15,Electronics,8.0,-650.0,-5200.0,North,Cash on Delivery,Refunded
ORD-2024-1281,2024-03-06,  Charles   Tanaka  ,charles.tanaka@com,Ergonomic Office Chair,Furniture,10.0,253.55,2535.5,Central,Debit Card,Refunded
ORD-2024-2315,2023-06-01,  Emily   Moore  ,emily.moore@gmail.com,Adjustable Standing Desk,Furniture,1.0,489.4,489.4,North,Debit Card,Completed
ORD-2024-1360,"Feb 16, 2024",DAVID RODRIGUEZ,  david.rodriguez@example.com  ,UltraBook Pro 15,Electronics,,1253.86,,Central,Bank Transfer,Shipped
ORD-2024-2331,05/03/2024,Mark Martin,mark.martin@corporate.net,Laser Printer Pro,Office Supplies,1.0,280.07,280.07,Central,Debit Card,Cancelled
ORD-2024-2804,2023-05-24,Patricia Tanaka,patricia.tanaka@outlook.com,UltraBook Pro 15,Electronics,1.0,1293.05,1293.05,East,Debit Card,Completed
ORD-2024-1848,2023-08-15,Emma Thompson,emma.thompson@yahoo.com,USB-C Multi-Port Hub,Accessories,3.0,38.0,114.0,NORTH,Debit Card,Shipped
ORD-2024-2207,2023-03-19,Anthony Clark,anthony.clark@techfirm.io,Wireless Ergonomic Mouse, ACCESSORIES ,1.0,48.1,48.1,Central,Bank Transfer,Pending
ORD-2024-2629,"Jan 12, 2024",Mark Patel,mark.patel@outlook.com,HD Webcam 1080p,Accessories,4.0,67.2,268.8,East,PayPal,Pending
ORD-2024-1111,2024-04-23,Fatima Clark,fatima.clark@yahoo.com,Filing Cabinet 3-Drawer,Furniture,5.0,184.73,923.65,West,Bank Transfer,Refunded
ORD-2024-1043,18/03/2024,Emma Clark,emma.clark@outlook.com,UltraBook Pro 15,Electronics,10.0,1254.31,12543.1,Central,Cash on Delivery,Pending
ORD-2024-1126,2023-01-12,Priya Miller,priya.miller@retailhub.org,USB-C Multi-Port Hub,Accessories,1.0,41.18,41.18,West,Debit Card,Cancelled
ORD-2024-1205,2023-09-07,Barbara Patel,barbara.patel@yahoo.com,Noise-Canceling Headphones,Electronics,1.0,,,North,Debit Card,Refunded
ORD-2024-1053,2023-07-18,Carlos Murphy,carlos.murphy@techfirm.io,Ergonomic Office Chair,Furniture,2.0,244.48,488.96,West,Bank Transfer,Pending
ORD-2024-1546,2023-08-30,Kimberly Lewis,kimberly.lewis@techfirm.io,Desk LED Lamp,Office Supplies,8.0,28.95,231.6,West,Cash on Delivery,Pending
ORD-2024-1069,2023-02-11,Elizabeth Thompson,elizabeth.thompson@retailhub.org,filing cabinet 3-drawer,Furniture,2.0,176.9,353.8,Central,Cash on Delivery,Completed
ORD-2024-2339,"Feb 04, 2023",Daniel Jones,  daniel.jones@example.com  ,Filing Cabinet 3-Drawer,Furniture,4.0,181.62,726.48,Central,Bank Transfer,Pending
ORD-2024-2832,2023-10-16,Donald Lee,donald.lee@outlook.com,Mechanical Gaming Keyboard,Accessories,4.0,116.48,465.92,North,Cash on Delivery,Completed
ORD-2024-1184,2023-02-23,Donna Walker,donna.walker@yahoo.com,Filing Cabinet 3-Drawer,Furniture,4.0,187.04,748.16,West,Credit Card,Pending
ORD-2024-1138,2023-06-29,  Aarav   Murphy  ,aarav.murphy@retailhub.org,Cable Management Kit,accessories,3.0,18.29,54.87,South,Credit Card,Refunded
ORD-2024-1900,2024-05-06,Fatima Allen,fatima.allen@yahoo.com,Desk LED Lamp,office supplies,3.0,28.79,86.37,Central,Cash on Delivery,Shipped
ORD-2024-1797,2023-10-25,Charles Jackson,charles.jackson@retailhub.org,Cable Management Kit,Accessories,3.0,18.73,56.19,Central,Bank Transfer,Refunded
ORD-2024-1133,2024-03-19,Kenji Rodriguez,kenji.rodriguez@yahoo.com,Filing Cabinet 3-Drawer,Furniture,1.0,182.4,182.4,  central  ,Bank Transfer,Cancelled
ORD-2024-1081,"Nov 29, 2023",Linda Johnson,linda.johnson@corporate.net,4K Ultra HD Monitor 27-inch,Electronics,10.0,405.2,4052.0,North,Cash on Delivery,Pending
ORD-2024-3049,2023-08-10,betty o'connor,betty.oconnor@techfirm.io,4K Ultra HD Monitor 27-inch,Electronics,4.0,391.99,1567.96,West,Debit Card,Completed
ORD-2024-2824,2023.03.28,paul ramirez,paul.ramirez@techfirm.io,Bluetooth Conference Speaker,Electronics,3.0,150.48,451.44,West,PayPal,Cancelled
ORD-2024-1542,2023-05-13,David Anderson,david.anderson@techfirm.io,Wireless Ergonomic Mouse,Accessories,2.0,49.08,98.16,East,Credit Card,Pending
ORD-2024-2887,2023-11-12,,matthew.martinez@gmail.com,4K Ultra HD Monitor 27-inch,Electronics,1.0,407.77,407.77,NORTH,Cash on Delivery,Pending
ORD-2024-1984,2023-05-07,Michelle Rodriguez,michelle.rodriguez@corporate.net,4K Ultra HD Monitor 27-inch,Electronics,8.0,402.74,3221.92,East,Cash on Delivery,Completed
ORD-2024-1166,2024-01-24,Michael Miller,  michael.miller@example.com  ,Desk LED Lamp,Office Supplies,1.0,29.71,29.71,West,Debit Card,Cancelled
ORD-2024-1249,2023.05.07,Sarah Ramirez,sarah.ramirez@gmail.com,4K Ultra HD Monitor 27-inch,Electronics,1.0,370.49,370.49,Central,Cash on Delivery,Cancelled
ORD-2024-2332,2023-05-16,Emma White,emma.white@retailhub.org,USB-C Multi-Port Hub,Accessories,1.0,38.75,38.75,North,PayPal,Cancelled
ORD-2024-1447,2023-09-02,Thomas Smith,thomas.smith@retailhub.org,Ergonomic Office Chair,Furniture,5.0,246.74,1233.7,West,PayPal,Pending
ORD-2024-2353,2023-11-18,Margaret Rodriguez,margaret.rodriguez@techfirm.io,Cable Management Kit,Accessories,10.0,18.73,187.3,North,PayPal,Shipped
ORD-2024-1859,01/10/2023,Liam Davis,liam.davis@outlook.com,USB-C Multi-Port Hub,Accessories,1.0,,,North,Credit Card,Pending
ORD-2024-2478,2023-09-17,Barbara Robinson,barbara.robinson@techfirm.io,Adjustable Standing Desk,Furniture,1.0,522.42,,East,Debit Card,Refunded
ORD-2024-1098,2024-03-11,Sarah Gonzalez,sarah.gonzalez@retailhub.org,Cable Management Kit,Accessories,,18.12,,South,Cash on Delivery,Refunded
ORD-2024-3115,2023-02-22,James Clark,james.clark@retailhub.org,  Mechanical Gaming Keyboard  ,Accessories,1.0,120.86,120.86,North,Bank Transfer,Shipped
ORD-2024-1806,10/12/2023,DAVID THOMPSON,david.thompson@retailhub.org,Executive Leather Notebook,Office Supplies,5.0,22.14,110.7,EAST,,Pending
ORD-2024-1738,2024-03-31,Tariq Perez,tariq.perez@yahoo.com,HD Webcam 1080p,Accessories,3.0,67.43,202.29,West,DEBIT_CARD,Pending
ORD-2024-2482,2024-99-99,Richard Moore,richard.moore@gmail.com,Ergonomic Office Chair,Furniture,2.0,237.67,475.34,West,Credit Card,Refunded
ORD-2024-1103,2023-06-26,Paul Brown,,  Executive Leather Notebook  ,Office Supplies,3.0,22.32,66.96,West,Cash on Delivery,Refunded
ORD-2024-1435,"Nov 03, 2023",  Steven   Al-Mansoor  ,steven.al-mansoor@retailhub.org,Executive Leather Notebook,Office Supplies,8.0,22.68,181.44,South,Credit Card,Shipped
ORD-2024-1075,2024-03-04,JOSHUA WRIGHT,joshua.wright@yahoo.com,Ergonomic Office Chair,,2.0,254.2,508.4,Central,Debit Card,Cancelled
ORD-2024-1578,2023-04-22,Sandra Garcia,sandra.garcia@outlook.com,Noise-Canceling Headphones,Electronics,1.0,195.53,195.53,South,PayPal,Pending
ORD-2024-2413,2024.04.13,Emily Robinson,emily.robinson@yahoo.com,filing cabinet 3-drawer,Furniture,2.0,174.19,348.38,West,PayPal,Cancelled
ORD-2024-2481,2023-02-14,James Scott,james.scott@outlook.com,Cable Management Kit,,4.0,19.36,77.44,South,Debit Card,Cancelled
ORD-2024-2231,2023-10-24,ELIZABETH ANDERSON,elizabeth.anderson@outlook.com,noise-canceling headphones,Electronics,2.0,208.27,416.54,EAST,Cash on Delivery,Shipped
ORD-2024-1919,"Jan 31, 2023",Sarah Moore,sarah.moore@yahoo.com,Ergonomic Office Chair,Furniture,1.0,261.4,261.4,North,Credit Card,Shipped
ORD-2024-2327,2023-01-29,Sofia Thomas,sofia.thomas@corporate.net,Laser Printer Pro,Office Supplies,1.0,267.04,267.04,Central,Debit Card,Cancelled
ORD-2024-3030,2024-02-19,Mark Jones,mark.jones@gmail.com,Cable Management Kit,Accessories,2.0,19.06,38.12,East,Cash on Delivery,Shipped
ORD-2024-2988,2023-01-02,Ashley Jackson,ashley.jackson@corporate.net,HD Webcam 1080p,Accessories,,70.34,,South,Bank Transfer,Cancelled
ORD-2024-2916,2024-02-22,Margaret Harris,margaret.harris@outlook.com,Desk LED Lamp,Office Supplies,1.0,30.89,30.89,Central,Bank Transfer,Shipped
ORD-2024-1763,2023.10.23,  Priya   Nguyen  ,priya.nguyen@yahoo.com,Wireless Ergonomic Mouse,Accessories,-1.0,48.16,-48.16,Central,,Completed
ORD-2024-1990,2023-10-21,Carlos Williams,carlos.williams@techfirm.io,USB-C Multi-Port Hub,Accessories,4.0,40.2,160.8,North,Cash on Delivery,Completed
ORD-2024-1389,2024-05-15,John Thomas,john.thomas@gmail.com,  4K Ultra HD Monitor 27-inch  ,Electronics,,405.92,,South,PayPal,Completed
ORD-2024-1236,"Apr 24, 2024",AARAV KIM,aarav.kim@techfirm.io,4K Ultra HD Monitor 27-inch,Electronics,4.0,378.02,1512.08,East,,Cancelled
ORD-2024-2786,2023-07-04,Anthony Lee,anthony_lee@,USB-C Multi-Port Hub,Accessories,4.0,40.05,160.2,  central  ,PayPal,Pending
ORD-2024-1268,2023-06-24,Andrew Flores,andrew.flores@yahoo.com,Smart Water Bottle,Office Supplies,2.0,-17.5,-35.0,West,Debit Card,Cancelled
ORD-2024-2330,"May 10, 2023",Charles Wilson,charles.wilson@techfirm.io,Filing Cabinet 3-Drawer,Furniture,2.0,173.7,347.4,West,Credit Card,Shipped
ORD-2024-2472,"Jan 29, 2024",David Rodriguez,david.rodriguez@retailhub.org,  Wireless Ergonomic Mouse  ,Accessories,1.0,47.68,47.68,North,PayPal,Shipped
ORD-2024-1118,01/01/2024,Sarah Martinez,sarah.martinez@yahoo.com,Filing Cabinet 3-Drawer,furniture,,177.47,,South,Cash on Delivery,Refunded
ORD-2024-1128,2023-06-28,,sandra.flores@outlook.com,Mechanical Gaming Keyboard,Accessories,1.0,115.21,115.21,Central,PayPal,Refunded
ORD-2024-1674,2024-01-19,Carlos Robinson,carlos.robinson@gmail.com,Ergonomic Office Chair,Furniture,,245.06,,West,Credit Card,Pending
ORD-2024-1250,2023-01-23,Joseph Gonzalez,joseph.gonzalez@retailhub.org,mechanical gaming keyboard, ACCESSORIES ,5.0,123.33,,North,Cash on Delivery,
ORD-2024-2798,2023-12-24,JAMES AL-MANSOOR,  james.al-mansoor@example.com  ,Mechanical Gaming Keyboard,Accessories,8.0,122.58,980.64,Central,PayPal,Refunded
ORD-2024-1628,2023.02.23,Thomas Lopez,thomas.lopez@retailhub.org,Cable Management Kit,Accessories,4.0,17.82,71.28,Central,Credit Card,Cancelled
ORD-2024-1095,2024-05-04,Daniel Lewis,daniel.lewis@yahoo.com,Noise-Canceling Headphones,Electronics,1.0,204.77,204.77,CENTRAL,PayPal,cancelled
ORD-2024-2455,2023-05-21,Linda O'Connor,linda.oconnor@corporate.net,Wireless Ergonomic Mouse,Accessories,1.0,51.61,51.61,North,Bank Transfer,
ORD-2024-1034,2023-05-22,Liam King,liam.king@yahoo.com,Desk LED Lamp,Office Supplies,,28.83,,Central,PayPal,Cancelled
ORD-2024-3079,15/01/2023,Carlos Hernandez,carlos.hernandez@yahoo.com,Wireless Ergonomic Mouse,Accessories,4.0,48.23,192.92,North,PayPal,Cancelled
ORD-2024-2974,2023-05-28,,  fatima.torres@example.com  ,executive leather notebook,Office Supplies,1.0,20.98,20.98,South,,Refunded
ORD-2024-1449,2023-10-11,James Ramirez,james.ramirez@yahoo.com,Executive Leather Notebook,Office Supplies,2.0,20.93,41.86,North,Debit Card,Shipped
ORD-2024-1717,2023-03-12,Jennifer Al-Mansoor,jennifer.al-mansoor@techfirm.io,Mechanical Gaming Keyboard,Accessories,1.0,117.27,117.27,Central,Bank Transfer,Pending
ORD-2024-2491,2023-06-18,Donna Thomas,donna.thomas@outlook.com,Cable Management Kit, ACCESSORIES ,1.0,18.44,18.44,East,Bank Transfer,Cancelled
ORD-2024-2812,2023-12-25,SOFIA SHARMA,sofia.sharma@outlook.com,UltraBook Pro 15,Electronics,1.0,1327.79,1327.79,West,Bank Transfer,Cancelled
ORD-2024-1001,24/11/2023,Tariq Moore,tariq.moore@gmail.com,Mechanical Gaming Keyboard,,1.0,120.23,120.23,West,Debit Card,Completed
ORD-2024-2645,2024-04-13,Mark O'Connor,mark.oconnor@yahoo.com,Ergonomic Office Chair,Furniture,1.0,240.11,240.11,West,PayPal,Shipped
ORD-2024-2102,2023-05-15,Emily Ramirez,emily.ramirez@techfirm.io,Filing Cabinet 3-Drawer,Furniture,1.0,184.72,184.72,North,Debit Card,Refunded
ORD-2024-2109,2023-12-05,Sandra Martinez,sandra.martinez@outlook.com,Adjustable Standing Desk,Furniture,1.0,495.16,495.16,  central  ,Cash on Delivery,Shipped
ORD-2024-2442,2024-03-04,LINDA WRIGHT,linda.wright@retailhub.org,Filing Cabinet 3-Drawer,Furniture,3.0,175.46,526.38,,,Completed
ORD-2024-1083,"Feb 03, 2023",Yuki Kim,yuki.kim@corporate.net,mechanical gaming keyboard,Accessories,2.0,115.06,230.12,Central,PayPal,Completed
ORD-2024-2519,,Yuki Rodriguez,yuki.rodriguez@yahoo.com,  USB-C Multi-Port Hub  ,Accessories,1.0,40.59,40.59,Central,PayPal,Cancelled
ORD-2024-1677,2023-11-20,Carlos Miller,,Ergonomic Office Chair,Furniture,1.0,237.59,237.59,North,Cash on Delivery,Refunded
ORD-2024-2719,2024-05-06,Liam Al-Mansoor,liam.al-mansoor@corporate.net,Filing Cabinet 3-Drawer, FURNITURE ,3.0,181.06,543.18,Central,Cash on Delivery,Cancelled
ORD-2024-2047,2023-12-04,Charles Patel,charles.patel@gmail.com,Executive Leather Notebook,Office Supplies,1.0,22.79,22.79,East,Bank Transfer,Refunded
ORD-2024-1771,"Feb 17, 2023",  Jessica   Flores  ,jessica.flores@techfirm.io,  USB-C Multi-Port Hub  ,Accessories,2.0,38.02,76.04,South,Bank Transfer,Refunded
ORD-2024-2430,2024-01-11,Kimberly Sato,kimberly.sato@techfirm.io,Wireless Ergonomic Mouse,Accessories,1.0,51.28,51.28,West,Credit Card,
ORD-2024-2510,2024-02-14,Karen Flores,karen.flores@gmail.com,HD Webcam 1080p,Accessories,1.0,67.88,67.88,North,Cash on Delivery,Pending
ORD-2024-2871,"Mar 04, 2023",karen scott,karen.scott@yahoo.com,USB-C Multi-Port Hub,accessories,2.0,39.74,79.48,West,PAYPAL,Shipped
ORD-2024-2766,2023-09-09,Charles Torres,charles.torres@techfirm.io,Ergonomic Office Chair,Furniture,2.0,244.39,488.78,Central,Credit Card,Refunded
ORD-2024-1405,"Jun 03, 2023",Mary Torres,mary.torres@yahoo.com,Smart Water Bottle,Office Supplies,2.0,34.58,69.16,WEST,Credit Card,Cancelled
ORD-2024-3047,"Dec 05, 2023",Nancy O'Connor,nancy.oconnor@corporate.net,USB-C Multi-Port Hub,Accessories,3.0,41.36,124.08,West,Cash on Delivery,Cancelled
ORD-2024-2532,2023-07-07,Carlos Flores,carlos.flores@techfirm.io,Desk LED Lamp,Office Supplies,2.0,29.11,58.22,South,Cash on Delivery,Completed
ORD-2024-2583,2024.02.22,Sarah Clark,sarah.clark@outlook.com,HD Webcam 1080p,Accessories,8.0,70.85,566.8,East,Debit Card,
ORD-2024-1105,"Aug 24, 2023",Sarah Gonzalez,sarah.gonzalez@gmail.com,Wireless Ergonomic Mouse,Accessories,4.0,,,North,Cash on Delivery,Completed
ORD-2024-1689,2023.10.12,Mark O'Connor,mark.oconnor@corporate.net,HD Webcam 1080p,Accessories,2.0,65.67,131.34,West,Bank Transfer,Cancelled
ORD-2024-2544,2023-11-10,emma wilson,emma.wilson@corporate.net,  UltraBook Pro 15  ,Electronics,5.0,1360.81,6804.05,South,PayPal,Cancelled
ORD-2024-1827,2024-02-08,,michelle.jackson@techfirm.io,4K Ultra HD Monitor 27-inch,Electronics,1.0,402.65,402.65,EAST,PayPal,Shipped
ORD-2024-2241,2024-05-12,Andrew Robinson,andrew.robinson@gmail.com,Desk LED Lamp, OFFICE SUPPLIES ,,29.83,,East,PayPal,Shipped
ORD-2024-1063,31/03/2023,Paul Chen,paul.chen@retailhub.org,BLUETOOTH CONFERENCE SPEAKER,Electronics,-1.0,142.71,-142.71,West,Cash on Delivery,Cancelled
ORD-2024-2306,2023-04-13,William Hill,william.hill@outlook.com,Cable Management Kit,Accessories,1.0,18.7,18.7,Central,debit card,Refunded
ORD-2024-1853,22/01/2024,Linda Brown,linda.brown@corporate.net,4K Ultra HD Monitor 27-inch,,1.0,399.44,399.44,Central,Bank Transfer,Pending
ORD-2024-2600,2023-02-13,DANIEL GONZALEZ,daniel.gonzalez@outlook.com,executive leather notebook,Office Supplies,2.0,22.47,44.94,North,Cash on Delivery,Cancelled
ORD-2024-2263,2023.10.29,Emily Lewis,emily.lewis@outlook.com,Wireless Ergonomic Mouse,Accessories,1.0,47.81,47.81,South,Credit Card,Shipped
ORD-2024-1224,2023-01-07,  Matthew   Nguyen  ,matthew.nguyen@outlook.com,Adjustable Standing Desk,Furniture,2.0,498.94,997.88,East,Cash on Delivery,Shipped
ORD-2024-1146,32/01/2024,Mary Anderson,mary.anderson@retailhub.org,UltraBook Pro 15,,4.0,1248.5,4994.0,West,PayPal,Completed
ORD-2024-2089,2023-10-03,David Hernandez,david.hernandez@gmail.com,USB-C Multi-Port Hub,,-1.0,38.56,-38.56,,Credit Card,Cancelled
ORD-2024-1374,2024-01-10,William Martinez,william.martinez@corporate.net,Ergonomic Office Chair,Furniture,2.0,238.31,476.62,North,Cash on Delivery,Pending
ORD-2024-2685,2023-04-07,  Linda   Scott  ,  linda.scott@example.com  ,Executive Leather Notebook,Office Supplies,2.0,21.72,43.44,East,Bank Transfer,Shipped
ORD-2024-2143,2024-02-31,,andrew.lopez@corporate.net,Executive Leather Notebook,Office Supplies,2.0,21.95,43.9,Central,Cash on Delivery,Completed
ORD-2024-3109,2024-04-11,  Barbara   Chen  ,barbara.chen@techfirm.io,Cable Management Kit,Accessories,2384.0,17.87,42602.08,West,Credit Card,cancelled
ORD-2024-2772,26/05/2023,Kimberly White,kimberly.white@techfirm.io,Cable Management Kit,Accessories,2.0,17.74,35.48,West,Debit Card,Refunded
ORD-2024-2275,,Matthew Wright,matthew.wright@outlook.com,Desk LED Lamp,Office Supplies,3.0,29.96,89.88,West,Debit Card,Pending
ORD-2024-2266,2023-11-06,Steven Jackson,  steven.jackson@example.com  ,4K Ultra HD Monitor 27-inch,  Electronics  ,1.0,398.08,398.08,,Cash on Delivery,Completed
ORD-2024-2894,2023-09-04,Daniel Taylor,daniel.taylor@outlook.com,Ergonomic Office Chair,Furniture,2.0,262.12,524.24,North,Cash on Delivery,Shipped
ORD-2024-2940,2023-06-16,Charles Sharma,charles.sharma@yahoo.com,mechanical gaming keyboard,Accessories,1.0,117.49,117.49,  east  ,Cash on Delivery,Cancelled
ORD-2024-1010,2024-02-06,anthony gonzalez,anthony.gonzalez@outlook.com,Laser Printer Pro,Office Supplies,2138.0,267.8,572556.4,North,PayPal,Shipped
ORD-2024-1450,2024-01-14,Kimberly Sato,kimberly.sato@yahoo.com,USB-C Multi-Port Hub,Accessories,1.0,39.97,39.97,East,PayPal,Completed
ORD-2024-1709,2023-12-01,  Thomas   Nguyen  ,thomas.nguyen@yahoo.com,Cable Management Kit,Accessories,1.0,17.86,17.86,West,Cash on Delivery,Shipped
ORD-2024-1256,"Apr 05, 2023",ELIZABETH KIM,elizabeth.kim@corporate.net,Laser Printer Pro,Office Supplies,2.0,269.29,538.58,North,Debit Card,Refunded
ORD-2024-1883,2023-09-21,Liam Al-Mansoor,liam.al-mansoor@outlook.com,Executive Leather Notebook,  Office Supplies  ,1.0,21.2,21.2,,Debit Card,Cancelled
ORD-2024-1390,"Feb 25, 2024",Jessica Jones,jessica.jones@gmail.com,Cable Management Kit,accessories,868.0,19.22,16682.96,North,Cash on Delivery,refunded
ORD-2024-2552,"Apr 12, 2023",Sofia Moore,sofia.moore@outlook.com,Bluetooth Conference Speaker,Electronics,,141.65,,  central  ,PayPal,Shipped
ORD-2024-1909,2024-03-26,Barbara Wright,barbara.wright@yahoo.com,Bluetooth Conference Speaker,Electronics,-4.0,142.43,-569.72,Central,,Cancelled
ORD-2024-1925,2023-03-27,David Hernandez,david.hernandez@gmail.com,Mechanical Gaming Keyboard,  Accessories  ,1.0,123.43,123.43,East,PayPal,Refunded
ORD-2024-3020,2024-02-12,donald johnson,donald.johnson@techfirm.io,Smart Water Bottle,Office Supplies,1.0,,,South,Bank Transfer,Pending
ORD-2024-2448,2024-01-24,Daniel Anderson,daniel.anderson@techfirm.io,Wireless Ergonomic Mouse,Accessories,1.0,47.9,47.9,East,Credit Card,Shipped
ORD-2024-1461,2023-12-23,Charles Williams,,Noise-Canceling Headphones,Electronics,4.0,193.26,773.04,West,Bank Transfer,Completed
ORD-2024-3061,2023-01-28,,james.kim@yahoo.com,Mechanical Gaming Keyboard,Accessories,1.0,124.86,124.86,West,Debit Card,Pending
ORD-2024-3017,2024-01-21,DONNA LEE,donna@@domain.com,desk led lamp,Office Supplies,10.0,28.33,283.3,West,PayPal,Completed
ORD-2024-2169,2023-08-25,daniel nguyen,daniel.nguyen@gmail.com,Desk LED Lamp,Office Supplies,2.0,30.46,60.92,Central,PayPal,Shipped
ORD-2024-1959,2023-04-17,Mary Martin,mary.martin@techfirm.io,Laser Printer Pro,Office Supplies,1.0,288.24,288.24,East,PayPal,Pending
ORD-2024-1502,2023-06-12,RICHARD GONZALEZ,richard.gonzalez@gmail.com,HD Webcam 1080p,  Accessories  ,1.0,69.53,69.53,Central,Cash on Delivery,Cancelled
ORD-2024-1740,"Feb 01, 2024",Patricia Ramirez,patricia.ramirez@corporate.net,Executive Leather Notebook,Office Supplies,1.0,23.1,23.1,South,PayPal,Refunded
ORD-2024-1041,2023-04-07,Michelle O'Connor,michelle.oconnor@gmail.com,Noise-Canceling Headphones,  Electronics  ,4.0,190.53,762.12,South,Credit Card,Completed
ORD-2024-1869,2023-10-09,Steven Harris,steven.harris@gmail.com,Smart Water Bottle,Office Supplies,2.0,35.4,70.8,North,Cash on Delivery,Shipped
ORD-2024-1732,2023-07-15,Lisa Johnson,lisa.johnson@gmail.com,Noise-Canceling Headphones,Electronics,4.0,204.93,819.72,South,PayPal,Pending
ORD-2024-1540,2023-03-09,Sarah Sato,  sarah.sato@example.com  ,USB-C Multi-Port Hub,Accessories,1.0,39.07,39.07,Central,,Pending
ORD-2024-2202,2023-05-27,Richard Nguyen,richard.nguyen@corporate.net,Filing Cabinet 3-Drawer,Furniture,3.0,182.38,547.14,East,PayPal,Shipped
ORD-2024-2340,28/02/2024,Richard Lee,richard.lee@gmail.com,Adjustable Standing Desk,Furniture,2.0,523.56,1047.12,West,Cash on Delivery,Completed
ORD-2024-1698,2024-04-21,Susan Davis,susan.davis@retailhub.org,UltraBook Pro 15,Electronics,1.0,1294.17,1294.17,East,Debit Card,Shipped
ORD-2024-2949,2024-04-30,Tariq Sato,,FILING CABINET 3-DRAWER,Furniture,2.0,183.05,366.1,West,Cash on Delivery,Pending
ORD-2024-2754,"Sep 30, 2023",sarah flores,sarah.flores@gmail.com,Filing Cabinet 3-Drawer,Furniture,1.0,188.08,188.08,Central,Debit Card,Shipped
ORD-2024-2372,2023-05-19,Fatima Sharma,  fatima.sharma@example.com  ,Smart Water Bottle,Office Supplies,2.0,36.26,72.52,East,Debit Card,Pending
ORD-2024-2146,2023-01-05,Donald Perez,donald.perez@outlook.com,HD Webcam 1080p,  Accessories  ,5.0,68.56,342.8,South,PayPal,Completed
ORD-2024-2032,"Jul 30, 2023",  Margaret   Lopez  ,margaret.lopez@yahoo.com,Mechanical Gaming Keyboard,Accessories,2.0,123.88,247.76,South,Credit Card,Completed
ORD-2024-1373,21/08/2023,Yuki Ramirez,  yuki.ramirez@example.com  ,Wireless Ergonomic Mouse,  Accessories  ,1.0,49.5,49.5,East,Cash on Delivery,Cancelled
ORD-2024-1668,2024.03.31,Matthew King,matthew.king@gmail.com,Noise-Canceling Headphones,Electronics,3.0,193.07,579.21,South,Bank Transfer,Shipped
ORD-2024-2432,2023-11-06,Kimberly O'Connor,kimberly.oconnor@techfirm.io,bluetooth conference speaker,Electronics,2.0,148.43,296.86,East,Cash on Delivery,Refunded
ORD-2024-2808,2023-10-12,Richard Sharma,richard.sharma@outlook.com,Wireless Ergonomic Mouse,Accessories,,50.21,,  south  ,Debit Card,Completed
ORD-2024-1358,2023-05-11,EMMA ALLEN,emma.allen@corporate.net,Adjustable Standing Desk,Furniture,-4.0,488.9,-1955.6,West,Bank Transfer,Shipped
ORD-2024-1968,2023-05-30,Aarav Anderson,aarav.anderson@techfirm.io,HD Webcam 1080p,Accessories,4.0,68.96,275.84,West,Bank Transfer,Refunded
ORD-2024-1784,2024-01-03,kimberly patel,kimberly.patel@yahoo.com,Mechanical Gaming Keyboard,Accessories,3.0,121.23,363.69,East,PayPal,Shipped
ORD-2024-1736,15/03/2023,Richard Garcia,richard.garcia@yahoo.com,  Wireless Ergonomic Mouse  ,,1.0,51.49,51.49,Central,PayPal,
ORD-2024-2354,2024-03-07,Jennifer Miller,jennifer.miller@techfirm.io,  Filing Cabinet 3-Drawer  ,Furniture,1.0,187.24,187.24,North,Credit Card,Completed
ORD-2024-2036,20/04/2024,jennifer lee,jennifer.lee@retailhub.org,Bluetooth Conference Speaker,Electronics,2.0,143.79,,North,  PayPal  ,Pending
ORD-2024-1971,"Sep 12, 2023",Kenji Lopez,kenji.lopez@yahoo.com,Adjustable Standing Desk,Furniture,1.0,520.02,520.02,South,Debit Card,Cancelled
ORD-2024-3073,2024-04-08,Tariq Rodriguez,tariq.rodriguez@yahoo.com,Filing Cabinet 3-Drawer,Furniture,1.0,171.78,171.78,West,Cash on Delivery,Shipped
ORD-2024-2764,2023-02-26,Sandra Patel,sandra.patel@outlook.com,Smart Water Bottle,Office Supplies,1.0,35.65,35.65,West,Cash on Delivery,Cancelled
ORD-2024-3072,15/07/2023,Emily Johnson,emily.johnson@retailhub.org,Smart Water Bottle,Office Supplies,1.0,34.58,34.58,East,Bank Transfer,Pending
ORD-2024-2872,2023-01-31,Kimberly Lewis,kimberly.lewis@gmail.com,Bluetooth Conference Speaker,Electronics,2.0,,,West,Debit Card,Refunded
ORD-2024-2638,2024-99-99,Emma Smith,,Wireless Ergonomic Mouse,Accessories,1.0,51.58,51.58,West,Debit Card,Pending
ORD-2024-2806,2024-04-21,Emily Lopez,  emily.lopez@example.com  ,usb-c multi-port hub,Accessories,1.0,39.01,39.01,West,Credit Card,Refunded
ORD-2024-2329,2023.11.29,Liam Jackson,liam.jackson@outlook.com,Ergonomic Office Chair,Furniture,1.0,249.36,249.36,West,PayPal,Shipped
ORD-2024-2597,invalid_date,Tariq Clark,tariq.clark@retailhub.org,Mechanical Gaming Keyboard,Accessories,1.0,123.57,123.57,East,Bank Transfer,
ORD-2024-2768,2023.05.12,Richard Garcia,richard.garcia@techfirm.io,USB-C Multi-Port Hub,,5.0,40.02,200.1,East,Bank Transfer,Cancelled
ORD-2024-2426,2023-11-09,Liam Jones,liam.jones@gmail.com,Smart Water Bottle,Office Supplies,2.0,36.51,73.02,Central,PayPal,Cancelled
ORD-2024-2465,"Mar 06, 2024",Kenji Thompson,kenji.thompson@retailhub.org,Wireless Ergonomic Mouse,Accessories,1.0,49.88,49.88,East,PayPal,
ORD-2024-2943,16/08/2023,Kenji Tanaka,kenji.tanaka.company,  UltraBook Pro 15  ,Electronics,2.0,1258.83,2517.66,East,Debit Card,Cancelled
ORD-2024-2253,2023-08-28,James Wright,james.wright@yahoo.com,UltraBook Pro 15,Electronics,4.0,1358.51,5434.04,North,Debit Card,Pending
ORD-2024-3009,"Dec 07, 2023",Robert White,robert.white@yahoo.com,ergonomic office chair,Furniture,5.0,249.82,1249.1,South,Credit Card,Cancelled
ORD-2024-3034,2023-12-15,Patricia Patel,patricia.patel@yahoo.com,USB-C MULTI-PORT HUB,Accessories,3.0,41.99,125.97,East,Credit Card,Cancelled
ORD-2024-2237,"Feb 03, 2024",Mary Harris,mary.harris@corporate.net,Filing Cabinet 3-Drawer,Furniture,4.0,177.63,710.52,East,Bank Transfer,Shipped
ORD-2024-1886,2023-09-18,Joshua Tanaka,joshua.tanaka@retailhub.org,Executive Leather Notebook,  Office Supplies  ,3.0,21.74,65.22,SOUTH,Bank Transfer,Shipped
ORD-2024-1080,,Joshua Sato,joshua.sato@com,USB-C Multi-Port Hub,Accessories,2.0,40.71,81.42,North,Debit Card,Pending
ORD-2024-2173,2024.05.13,Daniel Al-Mansoor,daniel.al-mansoor@corporate.net,USB-C Multi-Port Hub,Accessories,2.0,38.39,76.78,East,Credit Card,Completed
ORD-2024-1815,2023-03-06,Robert Perez,robert.perez@retailhub.org,USB-C Multi-Port Hub,Accessories,2.0,40.02,80.04,Central,Debit Card,Completed
ORD-2024-2515,2023-02-10,Ashley Perez,ashley.perez@outlook.com,Ergonomic Office Chair,Furniture,4.0,252.98,1011.92,West,Debit Card,Cancelled
ORD-2024-1672,32/01/2024,Carlos Torres,carlos.torres@gmail.com,BLUETOOTH CONFERENCE SPEAKER,  Electronics  ,1.0,156.34,156.34,East,Credit Card,Cancelled
ORD-2024-2815,2023-04-19,Kimberly Scott,kimberly.scott@yahoo.com,Bluetooth Conference Speaker,Electronics,1.0,152.58,152.58,South,Bank Transfer,Completed
ORD-2024-1058,"Jul 31, 2023",Sandra Sanchez,  sandra.sanchez@example.com  ,Laser Printer Pro,Office Supplies,2.0,267.6,535.2,East,Debit Card,refunded
ORD-2024-1134,2023-06-17,emma kim,emma.kim@retailhub.org,Bluetooth Conference Speaker,Electronics,8.0,148.92,1191.36,Central,Debit Card,Pending
ORD-2024-2141,2023-12-22,sandra nguyen,sandra.nguyen@gmail.com,Mechanical Gaming Keyboard,Accessories,2.0,122.41,244.82,Central,Bank Transfer,Completed
ORD-2024-1934,2023-08-25,Andrew Ramirez,andrew.ramirez@yahoo.com,Noise-Canceling Headphones,electronics,2.0,205.21,410.42,West,Credit Card,
ORD-2024-2996,16/02/2024,Sofia Harris,invalid_email_1996,Adjustable Standing Desk,Furniture,1613.0,-249.5,-402443.5,South,Bank Transfer,Cancelled
ORD-2024-1824,2023.02.19,Margaret Lewis,,HD Webcam 1080p,  Accessories  ,3.0,70.86,212.58,South,Debit Card,Completed
ORD-2024-2433,2024-01-06,Lisa Jones,lisa.jones@corporate.net,4K ULTRA HD MONITOR 27-INCH,Electronics,1.0,383.77,383.77,South,Credit Card,Cancelled
ORD-2024-2614,"Nov 07, 2023",Sandra Ramirez,sandra.ramirez@yahoo.com,Executive Leather Notebook,Office Supplies,-2.0,21.25,-42.5,East,Credit Card,Cancelled
ORD-2024-2215,2023-02-26,James Harris,james.harris@corporate.net,Adjustable Standing Desk,Furniture,3.0,474.31,1422.93,West,Debit Card,pending
ORD-2024-1505,,Karen Jones,karen.jones@corporate.net,HD Webcam 1080p,Accessories,1.0,66.57,66.57,West,Credit Card,Shipped
ORD-2024-2017,2023-10-03,Sandra Rodriguez,sandra.rodriguez@outlook.com,  Noise-Canceling Headphones  ,Electronics,8.0,205.73,1645.84,East,Credit Card,Shipped
ORD-2024-1348,10/02/2024,Charles Taylor,charles.taylor@yahoo.com,Bluetooth Conference Speaker,Electronics,2.0,156.07,312.14,West,Debit Card,Completed
ORD-2024-1387,29/10/2023,John Rodriguez,john.rodriguez@yahoo.com,HD Webcam 1080p,Accessories,2.0,67.3,134.6,West,Credit Card,Pending
ORD-2024-2025,2023-04-15,MATTHEW TORRES,matthew.torres@gmail.com,Filing Cabinet 3-Drawer,Furniture,,176.68,,East,Credit Card,Completed
ORD-2024-2385,2024-04-09,FATIMA TORRES,fatima.torres@retailhub.org,Executive Leather Notebook,Office Supplies,2.0,22.23,,West,Credit Card,Shipped
ORD-2024-1895,2023-06-13,STEVEN RODRIGUEZ,steven.rodriguez@yahoo.com,Bluetooth Conference Speaker,,5.0,150.97,754.85,East,Credit Card,Shipped
ORD-2024-1829,"Jun 05, 2023",Kimberly King,kimberly.king@techfirm.io,Executive Leather Notebook,Office Supplies,5.0,22.88,114.4,East,PayPal,Shipped
ORD-2024-3144,2023-06-05,Sandra Clark,sandra.clark@techfirm.io,HD Webcam 1080p,Accessories,5.0,68.05,340.25,,Cash on Delivery,Pending
ORD-2024-1476,2023-06-06,Margaret Hernandez,  margaret.hernandez@example.com  ,Filing Cabinet 3-Drawer,  Furniture  ,2.0,174.3,348.6,North,Cash on Delivery,Cancelled
ORD-2024-2743,2023-10-10,Steven Garcia,steven.garcia@outlook.com,UltraBook Pro 15,Electronics,2.0,1239.91,2479.82,East,PayPal,Refunded
ORD-2024-2715,2024-99-99,,steven.sanchez@corporate.net,Smart Water Bottle,Office Supplies,4.0,,,Central,Credit Card,Cancelled
ORD-2024-2653,2024-04-09,Patricia Brown,patricia.brown@outlook.com,USB-C Multi-Port Hub,Accessories,1.0,41.68,41.68,West,PayPal,Cancelled
ORD-2024-1653,2024-04-23,Linda Martin,  linda.martin@example.com  ,Adjustable Standing Desk,Furniture,1.0,504.65,504.65,Central,Cash on Delivery,Refunded
ORD-2024-1173,2023-12-02,Charles Taylor,charles.taylor@retailhub.org,Wireless Ergonomic Mouse,Accessories,1.0,50.92,50.92,East,PayPal,Refunded
ORD-2024-2475,invalid_date,fatima patel,fatima.patel@yahoo.com,Laser Printer Pro,Office Supplies,,267.73,,East,Debit Card,Cancelled
ORD-2024-2150,2023-11-21,Betty Taylor,betty.taylor@outlook.com,Cable Management Kit,Accessories,1.0,17.98,17.98,West,Debit Card,Refunded
ORD-2024-1039,2023-04-28,Andrew Nguyen,andrew.nguyen@retailhub.org,HD Webcam 1080p,Accessories,2.0,67.47,134.94,West,Cash on Delivery,Pending
ORD-2024-1714,2024-03-15,Liam Jones,liam.jones@gmail.com,Adjustable Standing Desk,Furniture,1.0,487.15,487.15,East,Credit Card,Pending
ORD-2024-1091,"Oct 31, 2023",Steven Wright,steven.wright@corporate.net,UltraBook Pro 15,Electronics,2.0,1329.28,2658.56,,Debit Card,Completed
ORD-2024-1167,2023-01-20,Nancy Al-Mansoor,nancy.al-mansoor@outlook.com,  Bluetooth Conference Speaker  ,Electronics,1.0,151.92,151.92,South,Cash on Delivery,Pending
ORD-2024-2206,2023-02-15,John Ramirez,john.ramirez@gmail.com,HD Webcam 1080p,accessories,8.0,70.45,563.6,  north  ,BANK_TRANSFER,Completed
ORD-2024-1876,2024-04-21,Mark Rodriguez,mark.rodriguez@outlook.com,Adjustable Standing Desk,Furniture,1.0,484.22,484.22,West,Cash on Delivery,Refunded
ORD-2024-3088,2024-03-25,Sarah Garcia,sarah.garcia@gmail.com,desk led lamp,,4.0,29.89,119.56,East,COD,Shipped
ORD-2024-2984,2023-04-23,David Lewis,david.lewis@corporate.net,Adjustable Standing Desk,Furniture,4.0,498.91,1995.64,East,Bank Transfer,completed
ORD-2024-3143,2024-05-14,,kenji.walker@gmail.com,  USB-C Multi-Port Hub  ,accessories,2410.0,39.64,95532.4,Central,PayPal,Refunded
ORD-2024-2094,2024-02-26,Thomas Lewis,thomas.lewis@yahoo.com,Bluetooth Conference Speaker,Electronics,1.0,143.59,143.59,WEST,Debit Card,Pending
ORD-2024-2156,02/08/2023,BETTY RODRIGUEZ,betty.rodriguez@outlook.com,Smart Water Bottle,Office Supplies,1.0,36.49,36.49,East,Bank Transfer,Shipped
ORD-2024-2325,2023-05-14,Fatima Sato,fatima.sato@yahoo.com,Bluetooth Conference Speaker,Electronics,2.0,,,East,Credit Card,Cancelled
ORD-2024-2611,2024-02-31,james harris,james.harris@outlook.com,Ergonomic Office Chair,Furniture,1.0,245.29,245.29,Central,Cash on Delivery,Completed
ORD-2024-2351,2024-04-06,Robert Perez,robert.perez@retailhub.org,UltraBook Pro 15,  Electronics  ,2.0,,,East,PayPal,Shipped
ORD-2024-1511,"Nov 23, 2023",Joshua Jackson,  joshua.jackson@example.com  ,Executive Leather Notebook,Office Supplies,1.0,21.27,21.27,North,Cash on Delivery,Shipped
ORD-2024-1500,2024-05-05,Donna Clark,donna.clark@retailhub.org,Bluetooth Conference Speaker,electronics,1.0,145.21,145.21,South,Credit Card,
ORD-2024-2925,2024-02-19,Donna Williams,donna.williams@yahoo.com,MECHANICAL GAMING KEYBOARD,Accessories,1.0,125.01,125.01,East,Cash on Delivery,Pending
ORD-2024-2902,2024-05-02,Andrew Clark,,Desk LED Lamp,Office Supplies,1.0,29.35,29.35,  north  ,Bank Transfer,
ORD-2024-2520,2024-03-22,Anthony Gonzalez,anthony.gonzalez@gmail.com,Ergonomic Office Chair,Furniture,2.0,251.43,502.86,North,Cash on Delivery,Pending
ORD-2024-1339,2023-12-04,Priya Williams,priya.williams@gmail.com,Wireless Ergonomic Mouse,accessories,4.0,49.53,198.12,North,PayPal,Refunded
ORD-2024-2947,2023.08.31,Tariq Garcia,tariq.garcia@yahoo.com,Desk LED Lamp,Office Supplies,2.0,30.94,61.88,South,Debit Card,Shipped
ORD-2024-2189,2024-01-06,donald thomas,donald.thomas@gmail.com,SMART WATER BOTTLE, OFFICE SUPPLIES ,2.0,35.46,70.92,,cash on delivery,cancelled
ORD-2024-1029,2023-11-07,  Tariq   Chen  ,tariq.chen@outlook.com,4K Ultra HD Monitor 27-inch,Electronics,5.0,406.17,2030.85,South,Bank Transfer,Refunded
ORD-2024-2541,2024-04-11,James Patel,james.patel@techfirm.io,Mechanical Gaming Keyboard,Accessories,2.0,-59.75,-119.5,,PayPal,
ORD-2024-2218,2024-02-27,Emma Lee,emma.lee@corporate.net,Ergonomic Office Chair,Furniture,5.0,,,East,Bank Transfer,Refunded
ORD-2024-2566,2023-05-19,Sofia Al-Mansoor,sofia.al-mansoor@outlook.com,Cable Management Kit,Accessories,1.0,18.45,18.45,East,Cash on Delivery,Cancelled
ORD-2024-1795,2023-09-18,  Margaret   Torres  ,margaret.torres@corporate.net,Laser Printer Pro,Office Supplies,1.0,272.41,272.41,SOUTH,Debit Card,
ORD-2024-1946,2023-05-05,Margaret Flores,margaret.flores@retailhub.org,Cable Management Kit,Accessories,1.0,18.48,18.48,CENTRAL,PayPal,Cancelled
ORD-2024-2746,2023-12-08,Nancy Wilson,,Bluetooth Conference Speaker,electronics,,149.9,,North,PayPal,refunded
ORD-2024-1170,2024-01-19,JENNIFER JACKSON,,Noise-Canceling Headphones,Electronics,1.0,190.35,190.35,North,PayPal,Refunded
ORD-2024-2836,2024-02-05,Jessica Clark,jessica.clark@corporate.net,Desk LED Lamp,Office Supplies,1.0,30.87,30.87,East,Credit Card,Completed
ORD-2024-2198,2023-04-17,Kenji Al-Mansoor,kenji.al-mansoor@retailhub.org,Smart Water Bottle,  Office Supplies  ,5.0,34.61,173.05,North,Credit Card,Cancelled
ORD-2024-2543,2024-02-27,  Tariq   Wilson  ,tariq_wilson@,Executive Leather Notebook,Office Supplies,2.0,22.54,45.08,West,Credit Card,Refunded
ORD-2024-2254,2023-03-07,Donald Patel,donald.patel@gmail.com,  Wireless Ergonomic Mouse  ,Accessories,1.0,51.78,51.78,East,Credit Card,Cancelled
ORD-2024-2655,"Apr 11, 2024",Donald Scott,donald.scott@retailhub.org,Cable Management Kit,Accessories,4.0,18.71,74.84,West,,Refunded
ORD-2024-1913,2023.07.02,Aarav O'Connor,aarav.oconnor@corporate.net,HD Webcam 1080p,  Accessories  ,1.0,67.07,67.07,East,Bank Transfer,Cancelled
ORD-2024-1492,2024.02.05,Charles Moore,charles.moore@corporate.net,  USB-C Multi-Port Hub  ,Accessories,-1.0,39.49,-39.49,Central,PayPal,Cancelled
ORD-2024-1954,29/03/2023,Patricia Nguyen,patricia.nguyen@techfirm.io,Executive Leather Notebook,Office Supplies,3.0,22.84,68.52,North,Credit Card,Refunded
ORD-2024-2098,2023-03-18,Kenji Hernandez,  kenji.hernandez@example.com  ,Desk LED Lamp,Office Supplies,4.0,28.88,115.52,West,,Shipped
ORD-2024-2033,2023-10-08,Jessica Jackson,jessica.jackson@corporate.net,USB-C Multi-Port Hub,Accessories,,41.06,,North,Credit Card,Completed
ORD-2024-1588,2023-08-05,Karen Ramirez,karen.ramirez@techfirm.io,Cable Management Kit,Accessories,4.0,17.78,71.12,West,Credit Card,Pending
ORD-2024-1751,2023-09-12,Susan Wright,susan.wright@gmail.com,USB-C Multi-Port Hub,Accessories,1.0,38.05,38.05,South,Credit Card,Pending
ORD-2024-1658,2023-04-16,LINDA JACKSON,linda.jackson@outlook.com,Adjustable Standing Desk,Furniture,4.0,481.12,1924.48,West,Bank Transfer,Pending
ORD-2024-1235,2023-02-06,Barbara Gonzalez,barbara.gonzalez@corporate.net,ultrabook pro 15,Electronics,3.0,1330.88,3992.64,North,PayPal,Pending
ORD-2024-1733,2023-09-07,Yuki Robinson,yuki.robinson@yahoo.com,Laser Printer Pro,Office Supplies,2.0,275.49,550.98,West,wire,Refunded
ORD-2024-2343,2023-07-12,,liam.flores@gmail.com,USB-C Multi-Port Hub,Accessories,2.0,38.15,76.3,Central,Wire Transfer,Shipped
ORD-2024-2930,2023-09-16,Kenji Lee,kenji.lee@yahoo.com,Desk LED Lamp,,1.0,28.85,28.85,Central,Debit Card,Refunded
ORD-2024-2157,2023-05-11,SARAH SMITH,sarah.smith@corporate.net,Smart Water Bottle,Office Supplies,4.0,33.45,133.8,East,PayPal,Pending
ORD-2024-2742,2023-04-20,Susan Sanchez,susan.sanchez@corporate.net,filing cabinet 3-drawer,Furniture,3.0,175.97,527.91,West,Bank Transfer,Shipped
ORD-2024-2691,2023-03-14,sandra hernandez,sandra.hernandez@gmail.com,Noise-Canceling Headphones,Electronics,2.0,193.68,387.36,Central,Debit Card,Cancelled
ORD-2024-2923,2023-10-11,Priya Kim,priya.kim@yahoo.com,Filing Cabinet 3-Drawer,Furniture,1.0,180.37,,Central,Credit Card,Refunded
ORD-2024-1935,2023-06-16,CARLOS WILLIAMS,carlos.williams@corporate.net,Adjustable Standing Desk, FURNITURE ,2.0,483.77,967.54,South,Credit Card,Shipped
ORD-2024-2210,2023-03-09,Sandra Sharma,sandra.sharma@corporate.net,Mechanical Gaming Keyboard,Accessories,2.0,119.39,238.78,Central,debit card,cancelled
ORD-2024-2066,2023-04-13,Tariq Garcia,tariq.garcia@corporate.net,Laser Printer Pro,Office Supplies,2.0,276.53,553.06,Central,Cash on Delivery,Pending
ORD-2024-1109,2023-04-07,Donna Kim,donna.kim@yahoo.com,Smart Water Bottle,Office Supplies,1.0,35.86,35.86,Central,Cash on Delivery,Refunded
ORD-2024-2827,2024-03-13,Susan Thompson,susan.thompson@corporate.net,UltraBook Pro 15,Electronics,1.0,1300.04,1300.04,South,Bank Transfer,Refunded
ORD-2024-1569,2023.11.01,Daniel Sharma,daniel.sharma@retailhub.org,UltraBook Pro 15,Electronics,4.0,1274.74,5098.96,East,PayPal,Shipped
ORD-2024-2168,2023-11-18,Patricia Tanaka,patricia.tanaka@corporate.net,Cable Management Kit,Accessories,3.0,18.16,54.48,Central,Credit Card,Shipped
ORD-2024-2175,2024-05-15,Christopher Brown,christopher.brown@corporate.net,4K Ultra HD Monitor 27-inch,Electronics,3.0,398.48,1195.44,West,Debit Card,shipped
ORD-2024-2508,2023.06.27,Carlos Sato,carlos.sato@outlook.com,  Adjustable Standing Desk  ,furniture,1.0,496.05,496.05,East,PayPal,Refunded
ORD-2024-2493,2023-03-28,Paul Patel,paul.patel@gmail.com,Bluetooth Conference Speaker,Electronics,1.0,155.51,155.51,East,Credit Card,Cancelled
ORD-2024-1891,2023-03-02,Sofia Tanaka,sofia.tanaka@gmail.com,  Bluetooth Conference Speaker  ,Electronics,1.0,150.03,150.03,,Credit Card,Shipped
ORD-2024-1948,"Jun 18, 2023",Mary Allen,mary.allen@retailhub.org,Smart Water Bottle,  Office Supplies  ,-1.0,34.48,,West,Bank Transfer,Cancelled
ORD-2024-2049,2023-02-12,Barbara Thomas,  barbara.thomas@example.com  ,  Filing Cabinet 3-Drawer  ,Furniture,1.0,175.31,175.31,Central,Credit Card,Completed
ORD-2024-2599,2023-11-08,  Jennifer   Martin  ,jennifer.martin@gmail.com,Desk LED Lamp,Office Supplies,2.0,28.55,57.1,Central,Cash on Delivery,Refunded
ORD-2024-2622,2023-12-01,Karen Lopez,karen.lopez@yahoo.com,Noise-Canceling Headphones,Electronics,2.0,197.22,,  north  ,Credit Card,Refunded
ORD-2024-2714,2023-12-12,Sofia Murphy,sofia.murphy@gmail.com,Mechanical Gaming Keyboard,Accessories,2.0,123.76,247.52,North,PayPal,Completed
ORD-2024-1885,2023-04-18,Kimberly Allen,kimberly.allen@techfirm.io,Noise-Canceling Headphones,  Electronics  ,1.0,207.73,,West,Cash on Delivery,Completed
ORD-2024-2979,2023-01-18,  Emily   Nguyen  ,emily.nguyen@gmail.com,Filing Cabinet 3-Drawer,Furniture,5.0,181.92,909.6,West,Debit Card,Shipped
ORD-2024-2953,2023-11-08,Michael Lee,michael.lee@corporate.net,  UltraBook Pro 15  ,  Electronics  ,3.0,1262.57,3787.71,South,Bank Transfer,Shipped
ORD-2024-2818,2023-07-11,Andrew Davis,andrew.davis@gmail.com,Cable Management Kit,accessories,5.0,18.55,92.75,Central,PayPal,cancelled
ORD-2024-1851,2023-02-28,Mary Johnson,mary.johnson@techfirm.io,Bluetooth Conference Speaker,Electronics,2.0,149.91,299.82,South,PayPal,Cancelled
ORD-2024-2588,"Dec 24, 2023",Daniel Scott,daniel.scott@retailhub.org,Mechanical Gaming Keyboard,Accessories,-3.0,119.75,-359.25,South,Cash on Delivery,Cancelled
ORD-2024-2408,2023-12-04,John Brown,john.brown@corporate.net,Ergonomic Office Chair,Furniture,3.0,247.63,742.89,East,Credit Card,Cancelled
ORD-2024-1735,"Jun 17, 2023",Patricia King,patricia.king@corporate.net,Laser Printer Pro,,3.0,266.93,800.79,West,Cash on Delivery,Pending
ORD-2024-1718,2023-09-23,Sarah Taylor,sarah.taylor@yahoo.com,Ergonomic Office Chair,Furniture,2.0,251.31,502.62,Central,Bank Transfer,Shipped
ORD-2024-1455,"Mar 21, 2023",James Sato,james.sato@outlook.com,Laser Printer Pro,Office Supplies,1.0,286.28,286.28,Central,Bank Transfer,Pending
ORD-2024-1265,"Jan 29, 2024",Lisa Harris,lisa.harris@techfirm.io,Mechanical Gaming Keyboard,  Accessories  ,1.0,119.79,119.79,North,Debit Card,Cancelled
ORD-2024-1076,2024-03-23,Aarav Harris,aarav.harris@gmail.com,Bluetooth Conference Speaker,Electronics,2.0,152.5,305.0,CENTRAL,PayPal,Cancelled
ORD-2024-2963,20/08/2023,Linda Sharma,linda.sharma@outlook.com,HD Webcam 1080p,Accessories,1.0,71.38,71.38,East,Cash on Delivery,Cancelled
ORD-2024-1445,2024.02.25,MARGARET HARRIS,margaret.harris@gmail.com,hd webcam 1080p,accessories,1.0,68.05,68.05,South,Credit Card,Shipped
ORD-2024-1396,2023.04.12,Barbara Anderson,barbara.anderson@outlook.com,USB-C Multi-Port Hub,,5.0,,,West,Credit Card,Shipped
ORD-2024-1177,2024-99-99,Richard Kim,richard@@domain.com,  Noise-Canceling Headphones  ,,1.0,196.19,196.19,East,Credit Card,Pending
ORD-2024-2043,2023.06.20,Lisa Young,lisa.young@yahoo.com,Desk LED Lamp,  Office Supplies  ,2.0,29.47,58.94,East,PayPal,Shipped
ORD-2024-3054,2024-03-26,Patricia Chen,patricia.chen@yahoo.com,Laser Printer Pro,,1.0,265.92,265.92,West,Bank Transfer,Shipped
ORD-2024-2659,"Jun 07, 2023",Mary Taylor,mary.taylor@retailhub.org,Adjustable Standing Desk,Furniture,1.0,506.55,506.55,Central,Bank Transfer,Refunded
ORD-2024-2791,2023.10.24,,aarav.ramirez@yahoo.com,Filing Cabinet 3-Drawer,Furniture,3.0,176.88,530.64,South,Bank Transfer,Cancelled
ORD-2024-2838,"Jul 12, 2023",Margaret Rodriguez,margaret.rodriguez@corporate.net,Cable Management Kit,accessories,1.0,18.14,18.14,North,Cash on Delivery,Refunded
ORD-2024-1596,2023-10-12,Jessica Harris,jessica.harris@techfirm.io,4K ULTRA HD MONITOR 27-INCH,Electronics,2.0,375.74,751.48,West,Bank Transfer,Cancelled
ORD-2024-1062,"Feb 26, 2023",Sofia Nguyen,sofia.nguyen@gmail.com,USB-C Multi-Port Hub,Accessories,,38.84,,East,Credit Card,
ORD-2024-2297,27/01/2024,Emma Nguyen,emma.nguyen@retailhub.org,Desk LED Lamp,Office Supplies,2.0,29.04,58.08,  south  ,Cash on Delivery,Cancelled
ORD-2024-1873,2023-01-15,Jessica White,jessica.white@corporate.net,Ergonomic Office Chair,Furniture,3.0,247.4,742.2,South,Credit Card,Cancelled
ORD-2024-2767,2023-03-29,Paul Robinson,paul.robinson@techfirm.io,Laser Printer Pro,Office Supplies,2439.0,273.57,667237.23,Central,,Completed
ORD-2024-1217,,Matthew Sanchez,matthew.sanchez@retailhub.org,Wireless Ergonomic Mouse,Accessories,1.0,50.77,50.77,North,Debit Card,Shipped
ORD-2024-1279,2023-11-12,Richard Wilson,richard.wilson@techfirm.io,Desk LED Lamp,Office Supplies,5.0,29.74,148.7,South,Credit Card,Refunded
ORD-2024-2549,2023-09-09,David Williams,  david.williams@example.com  ,Smart Water Bottle,Office Supplies,1.0,34.5,34.5,North,Bank Transfer,Completed
ORD-2024-2393,07/02/2023,KENJI HARRIS,  kenji.harris@example.com  ,Filing Cabinet 3-Drawer,Furniture,2.0,174.75,349.5,North,Cash on Delivery,Cancelled
ORD-2024-1037,2023.05.03,JOHN HERNANDEZ,john.hernandez@techfirm.io,Executive Leather Notebook,Office Supplies,3.0,22.41,67.23,Central,PayPal,Refunded
ORD-2024-2796,2023-02-09,Michael Allen,michael.allen@gmail.com,Ergonomic Office Chair,furniture,1.0,257.83,257.83,South,Bank Transfer,Refunded
ORD-2024-1663,2023-02-05,Joshua King,joshua.king@techfirm.io,  Smart Water Bottle  ,Office Supplies,2.0,33.84,67.68,South,PayPal,
ORD-2024-3097,2023-12-15,John Hernandez,,Adjustable Standing Desk,Furniture,1.0,495.12,495.12,Central,Bank Transfer,Refunded
ORD-2024-2712,2023-02-24,Margaret Anderson,margaret.anderson@techfirm.io,UltraBook Pro 15,Electronics,-1.0,1299.55,-1299.55,South,Cash on Delivery,Cancelled
ORD-2024-1978,2024-04-25,Andrew Al-Mansoor,  andrew.al-mansoor@example.com  ,Cable Management Kit,Accessories,2.0,18.64,37.28,Central,Credit Card,Completed
ORD-2024-2572,2023-04-15,James Moore,james.moore@yahoo.com,4K Ultra HD Monitor 27-inch,Electronics,1.0,385.06,385.06,  east  ,Debit Card,Completed
ORD-2024-3027,2023-08-05,John Rodriguez,  john.rodriguez@example.com  ,smart water bottle,Office Supplies,1.0,33.62,33.62,North,Bank Transfer,Refunded
ORD-2024-1739,2023-02-24,Emily Anderson,emily.anderson@yahoo.com,Cable Management Kit,Accessories,2.0,18.31,36.62,South,Cash on Delivery,Completed
ORD-2024-1192,"Dec 18, 2023",Sofia Rodriguez,sofia.rodriguez@yahoo.com,Smart Water Bottle,Office Supplies,2.0,35.74,71.48,Central,Cash on Delivery,Refunded
ORD-2024-1920,"Jan 26, 2023",  Yuki   Al-Mansoor  ,yuki.al-mansoor@yahoo.com,Cable Management Kit,Accessories,4.0,18.9,75.6,South,Cash on Delivery,Completed
ORD-2024-1457,2023-07-14,Karen Al-Mansoor,karen.al-mansoor@outlook.com,Laser Printer Pro,Office Supplies,1.0,272.88,272.88,East,PayPal,completed
ORD-2024-2418,2024-02-31,  Kimberly   Moore  ,kimberly.moore@yahoo.com,Noise-Canceling Headphones,Electronics,1.0,193.22,193.22,East,Cash on Delivery,Cancelled
ORD-2024-1676,2024-02-17,,,USB-C Multi-Port Hub,Accessories,,,,Central,debit,Cancelled
ORD-2024-1761,2023-12-25,Aarav Johnson,aarav.johnson@yahoo.com,Adjustable Standing Desk,Furniture,1.0,508.05,508.05,South,PayPal,shipped
ORD-2024-3098,2023-11-09,JOSHUA LEWIS,joshua.lewis@techfirm.io,Wireless Ergonomic Mouse,Accessories,2.0,49.22,98.44,Central,Debit Card,Pending
ORD-2024-2895,2023-10-30,Steven Lee,steven.lee@gmail.com,HD Webcam 1080p,Accessories,1.0,71.32,71.32,South,PayPal,Refunded
ORD-2024-1729,2023-03-20,Barbara Thomas,barbara.thomas@yahoo.com,HD Webcam 1080p,,1.0,65.88,65.88,Central,Debit Card,Cancelled
ORD-2024-2948,2024-03-28,Paul Lewis,paul.lewis@corporate.net,Noise-Canceling Headphones,,3.0,203.17,609.51,Central,Cash on Delivery,Pending
ORD-2024-2400,2023-01-29,Liam Thomas,liam.thomas@techfirm.io,Laser Printer Pro,Office Supplies,-5.0,283.27,-1416.35,South,PayPal,shipped
ORD-2024-1413,,Matthew Gonzalez,matthew.gonzalez@yahoo.com,NOISE-CANCELING HEADPHONES,Electronics,1.0,203.33,203.33,South,Credit Card,Completed
ORD-2024-2099,"Aug 16, 2023",Margaret Nguyen,margaret.nguyen@corporate.net,Executive Leather Notebook,Office Supplies,,22.44,,North,PayPal,Shipped
ORD-2024-2517,2023.08.11,Sandra Perez,,Noise-Canceling Headphones,Electronics,1.0,195.53,195.53,East,PayPal,Pending
ORD-2024-2525,2023-04-27,Sarah Sharma,sarah.sharma@retailhub.org,Bluetooth Conference Speaker,Electronics,1.0,154.35,154.35,North,BANK_TRANSFER,Pending
ORD-2024-1826,2024-03-18,Steven Clark,steven.clark@corporate.net,HD Webcam 1080p,Accessories,1.0,70.66,70.66,East,Cash on Delivery,Pending
ORD-2024-2774,2024-02-22,Sarah Clark,sarah.clark@gmail.com,Filing Cabinet 3-Drawer,Furniture,1.0,183.2,183.2,South,Cash on Delivery,Shipped
ORD-2024-1617,2023-08-07,Ashley Brown,,  Bluetooth Conference Speaker  ,Electronics,-5.0,146.42,-732.1,East,Credit Card,Refunded
ORD-2024-1115,2023-11-27,Andrew Miller,andrew.miller@yahoo.com,Noise-Canceling Headphones,Electronics,1.0,203.64,203.64,North,Bank Transfer,
ORD-2024-1418,invalid_date,Nancy Thomas,,USB-C Multi-Port Hub,Accessories,4.0,38.72,154.88,WEST,paypal,Shipped
ORD-2024-1101,2024-02-15,Susan O'Connor,susan.oconnor@gmail.com,Cable Management Kit,Accessories,1.0,19.25,19.25,South,Debit Card,Shipped
ORD-2024-2626,2023-12-07,Priya White,priya.white@techfirm.io,Noise-Canceling Headphones,Electronics,1.0,196.12,196.12,West,PayPal,Shipped
ORD-2024-1970,"May 31, 2023",Mary Martin,mary.martin@techfirm.io,  Smart Water Bottle  ,Office Supplies,1.0,35.64,35.64,North,Bank Transfer,Cancelled
ORD-2024-1605,2023.11.26,Steven Lee,steven.lee@corporate.net,Adjustable Standing Desk,Furniture,1.0,477.28,477.28,South,Credit Card,Pending
ORD-2024-2170,32/01/2024,  Betty   Garcia  ,betty.garcia@retailhub.org,4K Ultra HD Monitor 27-inch,Electronics,2.0,382.53,765.06,Central,Debit Card,Refunded
ORD-2024-1090,2023-10-13,Liam Martinez,liam.martinez@techfirm.io,  Wireless Ergonomic Mouse  ,  Accessories  ,2.0,50.52,101.04,Central,Cash on Delivery,Pending
ORD-2024-1849,2023-01-14,Tariq Clark,  tariq.clark@example.com  ,Filing Cabinet 3-Drawer,Furniture,1.0,171.23,171.23,East,PayPal,Completed
ORD-2024-2802,2023-09-10,Michael Murphy,michael.murphy@techfirm.io,4k ultra hd monitor 27-inch,Electronics,3.0,385.55,1156.65,South,Bank Transfer,Cancelled
ORD-2024-1391,2023-11-17,michael sato,,Filing Cabinet 3-Drawer,Furniture,4.0,182.22,728.88,West,Debit Card,Completed
ORD-2024-1754,2023-10-07,Fatima Johnson,fatima.johnson@gmail.com,Mechanical Gaming Keyboard,Accessories,2.0,125.37,250.74,East,Cash on Delivery,Refunded
ORD-2024-1499,2024-05-07,Donna Nguyen,donna.nguyen@retailhub.org,Executive Leather Notebook,Office Supplies,1.0,21.14,21.14,East,Credit Card,Completed
ORD-2024-2277,2024-99-99,Joshua Jackson,joshua.jackson@retailhub.org,Laser Printer Pro,Office Supplies,4.0,271.85,1087.4,Central,Debit Card,completed
ORD-2024-2326,2023-07-29,Andrew Anderson,andrew.anderson@yahoo.com,HD Webcam 1080p,Accessories,2.0,69.61,139.22,North,Credit Card,Pending
ORD-2024-2631,2023-13-45,Paul Wilson,paul.wilson@corporate.net,Noise-Canceling Headphones,Electronics,2.0,204.76,409.52,North,Cash on Delivery,Pending
ORD-2024-1012,"Jul 19, 2023",Sandra Jackson,sandra.jackson@techfirm.io,Executive Leather Notebook,Office Supplies,2.0,22.55,45.1,Central,Debit Card,Refunded
ORD-2024-1397,2023-06-06,Lisa White,lisa.white@techfirm.io,Laser Printer Pro, OFFICE SUPPLIES ,5.0,270.4,1352.0,Central,PayPal,Refunded
ORD-2024-1285,2023-01-27,Charles Murphy,charles.murphy@gmail.com,Ergonomic Office Chair,Furniture,1.0,258.94,,  south  ,PayPal,Pending
ORD-2024-3150,2024-03-20,Sandra Kim,sandra.kim@com,Bluetooth Conference Speaker,  Electronics  ,1.0,155.51,155.51,West,Credit Card,Pending
ORD-2024-2067,2023.05.11,John Nguyen,john.nguyen.company,HD Webcam 1080p,Accessories,1.0,68.69,68.69,SOUTH,PayPal,Completed
ORD-2024-2192,"Feb 19, 2023",Elizabeth Johnson,elizabeth.johnson@gmail.com,SMART WATER BOTTLE,Office Supplies,1.0,36.26,36.26,Central,PayPal,Pending
ORD-2024-2441,2024-02-29,Charles Martin,charles_martin@,HD Webcam 1080p,  Accessories  ,4.0,66.04,264.16,North,Credit Card,Completed
ORD-2024-2601,2024-05-05,Linda O'Connor,linda.oconnor@retailhub.org,Filing Cabinet 3-Drawer,Furniture,2.0,187.93,375.86,West,Credit Card,Pending
ORD-2024-3056,2023-10-16,Donna Davis,donna.davis@corporate.net,  Smart Water Bottle  ,Office Supplies,1.0,34.45,34.45,East,Cash on Delivery,Cancelled
ORD-2024-3055,2023-11-25,Joshua Jackson,joshua.jackson@gmail.com,Executive Leather Notebook,Office Supplies,1.0,22.82,22.82,South,Credit Card,Pending
ORD-2024-2451,15/08/2023,Yuki O'Connor,,Wireless Ergonomic Mouse,,1.0,52.21,52.21,Central,Bank Transfer,Shipped
ORD-2024-1691,2023-02-17,daniel perez,daniel.perez@gmail.com,Executive Leather Notebook, OFFICE SUPPLIES ,3.0,22.11,66.33,South,Bank Transfer,Completed
ORD-2024-2928,"Nov 16, 2023",Patricia Martin,patricia.martin@retailhub.org,Filing Cabinet 3-Drawer,furniture,1.0,186.75,186.75,East,PayPal,Shipped
ORD-2024-2569,2024-01-21,THOMAS O'CONNOR,thomas.oconnor@outlook.com,Mechanical Gaming Keyboard,Accessories,1.0,119.24,119.24,Central,Debit Card,Completed
ORD-2024-2361,2023-02-06,Emma Patel,emma.patel@techfirm.io,Filing Cabinet 3-Drawer,Furniture,3.0,171.89,515.67,Central,Credit Card,Cancelled
ORD-2024-1690,32/01/2024,Priya Lee,priya.lee@gmail.com,Desk LED Lamp,Office Supplies,-5.0,30.14,-150.7,NORTH,Credit Card,Shipped
ORD-2024-1852,"Apr 17, 2024",Margaret Sanchez,margaret.sanchez@outlook.com,Mechanical Gaming Keyboard,Accessories,2.0,-59.75,-119.5,West,Bank Transfer,Completed
ORD-2024-2499,11/10/2023,Charles Taylor,charles.taylor@techfirm.io,smart water bottle,Office Supplies,1.0,36.11,36.11,East,Bank Transfer,Pending
ORD-2024-1160,02/05/2024,Nancy Hernandez,nancy.hernandez@gmail.com,Mechanical Gaming Keyboard,Accessories,3.0,121.34,364.02,North,PayPal,Cancelled
ORD-2024-1896,28/02/2024,Donald Lopez,donald.lopez@techfirm.io,Smart Water Bottle,Office Supplies,1.0,35.53,35.53,South,Cash on Delivery,Shipped
ORD-2024-2865,,christopher king,christopher.king@com,Desk LED Lamp,Office Supplies,2.0,28.15,56.3,North,Credit Card,Refunded
ORD-2024-1258,2023-04-24,Richard O'Connor,richard.oconnor@corporate.net,Executive Leather Notebook,Office Supplies,1.0,22.24,22.24,West,Debit Card,Refunded
ORD-2024-1336,2023-09-01,Daniel Jones,daniel.jones@outlook.com,Laser Printer Pro,Office Supplies,1.0,283.79,283.79,Central,Debit Card,Cancelled
ORD-2024-3138,10/05/2024,  Mary   Wright  ,mary.wright@outlook.com,Filing Cabinet 3-Drawer,Furniture,3.0,182.52,547.56,East,BANK_TRANSFER,Shipped
ORD-2024-2040,09/10/2023,Anthony Jones,anthony.jones@outlook.com,Bluetooth Conference Speaker,Electronics,1.0,142.46,142.46,East,Credit Card,shipped
ORD-2024-1516,2023-09-13,Elizabeth Robinson,elizabeth.robinson@outlook.com,Adjustable Standing Desk,Furniture,1.0,488.17,488.17,EAST,,Completed
ORD-2024-2349,2024-03-03,Emma Harris,emma_harris@,HD Webcam 1080p,Accessories,3.0,,,South,Bank Transfer,Shipped
ORD-2024-2016,2023-05-14,Carlos Hill,carlos.hill@gmail.com,Adjustable Standing Desk,Furniture,5.0,512.24,2561.2,East,PayPal,Pending
ORD-2024-1769,2023-10-17,Michael Harris,michael.harris@yahoo.com,  Smart Water Bottle  ,Office Supplies,1.0,34.05,34.05,,PayPal,Completed
ORD-2024-1867,2023-08-02,John Walker,john.walker@retailhub.org,Mechanical Gaming Keyboard,  Accessories  ,2.0,121.06,242.12,North,Cash on Delivery,Shipped
ORD-2024-1442,2023-02-14,liam williams,liam.williams@outlook.com,Bluetooth Conference Speaker,Electronics,2.0,142.24,284.48,East,Cash on Delivery,Cancelled
ORD-2024-3095,2024-03-07,Kimberly Martinez,kimberly.martinez@gmail.com,  Cable Management Kit  ,Accessories,2.0,18.5,37.0,North,Cash on Delivery,Completed
ORD-2024-1762,2023-11-10,Richard King,richard.king@techfirm.io,Laser Printer Pro,Office Supplies,4.0,276.77,1107.08,North,PayPal,Shipped
ORD-2024-2247,2024-04-02,John Sato,john.sato@techfirm.io,4K Ultra HD Monitor 27-inch,Electronics,2.0,371.49,742.98,North,Debit Card,Cancelled
ORD-2024-2204,2023-07-29,Sofia Johnson,sofia.johnson@yahoo.com,Noise-Canceling Headphones,Electronics,-4.0,196.95,-787.8,,PayPal,Pending
ORD-2024-2740,2023-05-13,Elizabeth Robinson,elizabeth.robinson@retailhub.org,USB-C Multi-Port Hub,Accessories,5.0,40.89,204.45,Central,Bank Transfer,Pending
ORD-2024-2124,2023-05-21,Charles Scott,charles.scott@corporate.net,  Laser Printer Pro  ,Office Supplies,4.0,273.84,1095.36,North,Cash on Delivery,Completed
ORD-2024-1522,2023.12.19,  John   Smith  ,john.smith@techfirm.io,4K Ultra HD Monitor 27-inch,electronics,,384.75,,East,PayPal,Refunded
ORD-2024-1023,2023-09-11,Elizabeth Patel,elizabeth.patel@gmail.com,Laser Printer Pro,Office Supplies,2.0,290.65,581.3,West,Debit Card,Cancelled
ORD-2024-1357,12/08/2023,  Donald   Martin  ,donald.martin@outlook.com,USB-C Multi-Port Hub,Accessories,-1.0,40.04,-40.04,West,Debit Card,Pending
ORD-2024-2278,2024-01-26,Karen Lee,karen.lee@retailhub.org,Wireless Ergonomic Mouse,Accessories,1.0,47.75,47.75,Central,Debit Card,cancelled
ORD-2024-2313,2023-08-03,John Jones,john.jones@techfirm.io,Executive Leather Notebook,Office Supplies,,21.17,,East,PayPal,Shipped
ORD-2024-2636,2023-12-09,Priya Sato,invalid_email_1636,UltraBook Pro 15,Electronics,1.0,1297.51,1297.51,Central,Credit Card,Refunded
ORD-2024-2993,2024-05-08,Sofia Perez,sofia.perez@corporate.net,Noise-Canceling Headphones,,1.0,205.49,205.49,Central,,Shipped
ORD-2024-1341,2023-04-20,Mark Clark,mark.clark@corporate.net,Bluetooth Conference Speaker,electronics,2.0,145.69,291.38,West,Bank Transfer,
ORD-2024-1432,2024-05-02,  Linda   Tanaka  ,linda.tanaka@retailhub.org,EXECUTIVE LEATHER NOTEBOOK,Office Supplies,5.0,22.22,111.1,West,Debit Card,Cancelled
ORD-2024-1474,2023-12-23,Lisa Brown,lisa.brown@gmail.com,Executive Leather Notebook,Office Supplies,-3.0,21.44,,West,PayPal,Shipped
ORD-2024-1218,2023.11.11,Robert White,robert_white@,Mechanical Gaming Keyboard,Accessories,1.0,119.71,119.71,NORTH,Debit Card,Pending
ORD-2024-1912,27/05/2023,Paul Taylor,,Adjustable Standing Desk,Furniture,1.0,490.57,490.57,,Cash on Delivery,Completed
ORD-2024-2228,"Jan 14, 2023",Anthony Robinson,anthony.robinson@gmail.com,Bluetooth Conference Speaker,Electronics,1.0,154.34,154.34,South,Credit Card,Completed
ORD-2024-2888,2023-08-03,Aarav Miller,aarav.miller@outlook.com,Noise-Canceling Headphones,Electronics,4.0,206.36,825.44,North,Cash on Delivery,Pending
ORD-2024-2012,2023-02-16,Charles Lewis,  charles.lewis@example.com  ,Smart Water Bottle,Office Supplies,2.0,34.46,68.92,  east  ,Debit Card,shipped
ORD-2024-1958,2023-07-23,Jennifer Jones,jennifer.jones@outlook.com,Wireless Ergonomic Mouse,Accessories,4.0,50.84,203.36,South,Bank Transfer,Cancelled
ORD-2024-1094,"Oct 13, 2023",Karen Jackson,karen.jackson@corporate.net,Smart Water Bottle,Office Supplies,3.0,35.26,105.78,West,PayPal,Pending
ORD-2024-2009,32/01/2024,Tariq Smith,tariq.smith@yahoo.com,Ergonomic Office Chair,,1.0,252.1,,Central,Debit Card,Pending
ORD-2024-2071,"Apr 04, 2023",Sarah Harris,sarah.harris@corporate.net,Adjustable Standing Desk,Furniture,1.0,500.99,500.99,,Bank Transfer,Shipped
ORD-2024-2093,2024-03-03,Michelle Flores,michelle.flores@retailhub.org,  Adjustable Standing Desk  ,Furniture,1.0,487.39,487.39,East,Bank Transfer,Refunded
ORD-2024-2945,2023-12-15,Mark Wilson,mark.wilson@yahoo.com,Filing Cabinet 3-Drawer,Furniture,2.0,182.97,,Central,Credit Card,Cancelled
ORD-2024-2309,2023-12-22,Jessica Sato,jessica.sato@gmail.com,Ergonomic Office Chair,Furniture,2.0,260.26,520.52,North,Bank Transfer,Refunded
ORD-2024-1697,"Apr 29, 2024",James Martin,james.martin@yahoo.com,  4K Ultra HD Monitor 27-inch  ,Electronics,1.0,372.51,372.51,,Bank Transfer,Cancelled
ORD-2024-2110,2024-02-14,BETTY RODRIGUEZ,betty_rodriguez@,UltraBook Pro 15,  Electronics  ,2351.0,1364.24,3207328.24,East,PayPal,Refunded
ORD-2024-1997,2023-11-25,Jessica Flores,jessica.flores@retailhub.org,Smart Water Bottle,Office Supplies,1.0,34.46,34.46,West,Debit Card,Pending
ORD-2024-2459,2023-01-25,  Emily   Allen  ,emily.allen@techfirm.io,Desk LED Lamp,Office Supplies,1.0,30.83,30.83,West,PayPal,Shipped
ORD-2024-2680,2024-03-18,Andrew Taylor,andrew.taylor@corporate.net,Smart Water Bottle,Office Supplies,2.0,36.12,72.24,West,Credit Card,Cancelled
ORD-2024-1154,2023-05-17,Tariq Brown,tariq.brown@techfirm.io,Filing Cabinet 3-Drawer,Furniture,1.0,185.5,185.5,North,Bank Transfer,Refunded
ORD-2024-2100,2023-08-04,Donald Torres,donald.torres@techfirm.io,UltraBook Pro 15,Electronics,1.0,1333.78,1333.78,North,PayPal,Shipped
ORD-2024-3037,2023-12-05,Nancy Chen,nancy.chen@corporate.net,4k ultra hd monitor 27-inch,Electronics,5.0,370.88,1854.4,Central,,Pending
ORD-2024-2150,2023-11-21,Betty Taylor,betty.taylor@outlook.com,Cable Management Kit,Accessories,1.0,17.98,17.98,West,Debit Card,Refunded
ORD-2024-1790,2023-13-45,Susan Johnson,susan.johnson@com,Smart Water Bottle,office supplies,2.0,34.11,68.22,West,Bank Transfer,Refunded
ORD-2024-1581,2024-03-21,William Clark,william.clark@gmail.com,Adjustable Standing Desk,Furniture,1.0,,,West,Cash on Delivery,Cancelled
ORD-2024-2471,2023-09-08,Margaret O'Connor,margaret.oconnor@outlook.com,Mechanical Gaming Keyboard,Accessories,1.0,113.76,113.76,North,Debit Card,Refunded
ORD-2024-1704,2023-04-23,Tariq Clark,tariq.clark@yahoo.com,Cable Management Kit,Accessories,3.0,19.37,58.11,North,Bank Transfer,Cancelled
ORD-2024-2213,2023-09-24,Daniel Ramirez,daniel.ramirez@techfirm.io,USB-C Multi-Port Hub,,10.0,39.35,393.5,West,Bank Transfer,Pending
ORD-2024-2296,2023-12-24,Emma Brown,emma.brown@corporate.net,4K Ultra HD Monitor 27-inch,Electronics,3.0,395.66,1186.98,South,Credit Card,Completed
ORD-2024-2972,2023-12-20,James White,james.white@techfirm.io,Executive Leather Notebook,Office Supplies,5.0,-11.0,-55.0,North,PayPal,Cancelled
ORD-2024-2261,2023-12-19,  Sofia   Tanaka  ,sofia.tanaka@retailhub.org,WIRELESS ERGONOMIC MOUSE,Accessories,1.0,47.61,47.61,South,Credit Card,Shipped
ORD-2024-1488,"Mar 18, 2024",Sofia Clark,sofia.clark@corporate.net,Ergonomic Office Chair,Furniture,1.0,242.18,242.18,Central,Bank Transfer,Shipped
ORD-2024-2625,,  Sofia   Sanchez  ,sofia.sanchez@yahoo.com,Cable Management Kit,Accessories,1.0,18.29,18.29,East,Debit Card,Completed
ORD-2024-1560,2024-02-04,daniel scott,,Noise-Canceling Headphones,Electronics,2.0,194.54,389.08,East,Debit Card,Completed
ORD-2024-2142,2023.10.11,Christopher Chen,christopher.chen@retailhub.org,Cable Management Kit,Accessories,2.0,19.37,38.74,West,Credit Card,Shipped
ORD-2024-3045,2023-05-11,Sarah Harris,sarah.harris@retailhub.org,Adjustable Standing Desk,Furniture,2.0,518.7,1037.4,  south  ,PayPal,Pending
ORD-2024-2120,2023-01-29,Joseph Perez,invalid_email_1120,Laser Printer Pro,Office Supplies,5.0,282.36,1411.8,Central,Credit Card,Pending
ORD-2024-1802,2023-06-26,JOHN WILSON,john.wilson@corporate.net,4K Ultra HD Monitor 27-inch,Electronics,1.0,391.78,391.78,East,Bank Transfer,Shipped
ORD-2024-1513,"Feb 21, 2023",Tariq Perez,tariq.perez@techfirm.io,HD Webcam 1080p,Accessories,4.0,67.85,271.4,Central,Bank Transfer,Completed
ORD-2024-1634,2023-11-01,Patricia O'Connor,patricia.oconnor@yahoo.com,USB-C Multi-Port Hub,  Accessories  ,2.0,39.39,78.78,South,Credit Card,Refunded
ORD-2024-2753,2023-05-14,Charles Hill,charles.hill@outlook.com,4K Ultra HD Monitor 27-inch,Electronics,3.0,379.52,1138.56,Central,Cash on Delivery,Pending
ORD-2024-2665,2023-05-11,Daniel Gonzalez,daniel.gonzalez@yahoo.com,WIRELESS ERGONOMIC MOUSE,  Accessories  ,2.0,49.77,99.54,North,Credit Card,Completed
ORD-2024-2013,2024-03-05,Jessica Walker,jessica.walker@yahoo.com,Laser Printer Pro,Office Supplies,1.0,269.99,269.99,East,cash on delivery,completed
ORD-2024-2830,2023-08-23,aarav brown,aarav.brown@outlook.com,Adjustable Standing Desk,Furniture,2.0,487.71,975.42,West,PayPal,Refunded
ORD-2024-2151,09/02/2024,Joshua Chen,joshua.chen.company,Smart Water Bottle,,3.0,33.75,101.25,East,PayPal,Refunded
ORD-2024-1791,2023-03-03,Anthony Smith,anthony.smith@corporate.net,Bluetooth Conference Speaker,Electronics,1.0,153.6,153.6,Central,Debit Card,Shipped
ORD-2024-1117,2023-04-29,Nancy Hill,nancy.hill@corporate.net,  Smart Water Bottle  ,Office Supplies,2.0,36.54,73.08,West,Debit Card,Shipped
ORD-2024-2498,2023-04-04,Patricia Lee,patricia.lee@corporate.net,Cable Management Kit,Accessories,1.0,17.87,17.87,North,PayPal,Refunded
ORD-2024-1741,2024.02.16,William Hill,william.hill@gmail.com,4K ULTRA HD MONITOR 27-INCH,Electronics,,388.71,,  south  ,Credit Card,Completed
ORD-2024-3005,2023.12.13,Susan Lee,susan.lee@corporate.net,Adjustable Standing Desk,Furniture,2.0,523.44,1046.88,West,PayPal,Cancelled
ORD-2024-2082,2023-02-21,Michael Martin,michael.martin@techfirm.io,Cable Management Kit,Accessories,1.0,17.81,17.81,South,Credit Card,Shipped
ORD-2024-2628,2023-09-14,Donald Nguyen,donald.nguyen@retailhub.org,Noise-Canceling Headphones,Electronics,2.0,193.97,387.94,West,Bank Transfer,Pending
ORD-2024-1831,17/02/2023,Tariq Smith,tariq.smith@corporate.net,HD Webcam 1080p,Accessories,1.0,70.84,70.84,West,PayPal,Cancelled
ORD-2024-1120,"Jun 04, 2023",,elizabeth.jones@outlook.com,Executive Leather Notebook,Office Supplies,3.0,22.26,66.78,North,Bank Transfer,Cancelled
ORD-2024-1657,2023-01-27,Sofia Ramirez,sofia.ramirez@yahoo.com,Bluetooth Conference Speaker, ELECTRONICS ,2.0,144.85,289.7,West,Debit Card,
ORD-2024-2961,2023-06-13,James Taylor,james.taylor@gmail.com,Executive Leather Notebook,Office Supplies,2.0,22.99,45.98,West,Debit Card,Pending
ORD-2024-2905,2023-10-03,Mark Scott,mark.scott@gmail.com,Ergonomic Office Chair,Furniture,2.0,261.71,523.42,North,Cash on Delivery,Refunded
ORD-2024-2841,"May 22, 2023",Betty Tanaka,betty.tanaka@corporate.net,HD Webcam 1080p,  Accessories  ,1.0,72.23,72.23,Central,Debit Card,Pending
ORD-2024-1636,"Mar 24, 2024",Robert Harris,robert.harris@retailhub.org,Cable Management Kit,Accessories,4.0,18.11,72.44,  central  ,Bank Transfer,Cancelled
ORD-2024-1370,2023.11.26,Paul Flores,paul.flores@retailhub.org,Bluetooth Conference Speaker,Electronics,1.0,142.1,142.1,South,Debit Card,Completed
ORD-2024-1269,2024-02-06,Tariq Brown,tariq.brown@retailhub.org,Smart Water Bottle,,1.0,36.04,36.04,North,Cash on Delivery,Shipped
ORD-2024-1656,2024-02-07,Emma Sato,emma.sato@gmail.com,Noise-Canceling Headphones,Electronics,5.0,202.77,1013.85,North,Cash on Delivery,Refunded
ORD-2024-1936,2024-01-26,aarav al-mansoor,aarav.al-mansoor@gmail.com,noise-canceling headphones,Electronics,3.0,197.77,593.31,,Cash on Delivery,Pending
ORD-2024-1823,2024-03-02,Donna Thomas,donna@@domain.com,Noise-Canceling Headphones,electronics,1.0,194.0,194.0,Central,Cash on Delivery,Refunded
ORD-2024-1867,2023-08-02,John Walker,john.walker@retailhub.org,Mechanical Gaming Keyboard,  Accessories  ,2.0,121.06,242.12,North,Cash on Delivery,Shipped
ORD-2024-1047,2023-06-16,Charles Thompson,charles.thompson@techfirm.io,Laser Printer Pro,Office Supplies,1.0,282.34,282.34,South,Bank Transfer,Completed
ORD-2024-2374,2023-01-10,Thomas Sanchez,thomas.sanchez@corporate.net,4K Ultra HD Monitor 27-inch,Electronics,2.0,401.47,802.94,Central,Bank Transfer,Completed
ORD-2024-3026,2023-04-26,Priya Smith,priya.smith@outlook.com,Executive Leather Notebook,Office Supplies,1.0,22.62,22.62,East,PayPal,Completed
ORD-2024-1992,2023-04-09,Paul Tanaka,paul.tanaka@corporate.net,Cable Management Kit,Accessories,3.0,,,  west  ,Credit Card,shipped
ORD-2024-1877,2024-01-09,LIAM WRIGHT,liam.wright@retailhub.org,Adjustable Standing Desk,Furniture,1.0,501.87,501.87,East,Bank Transfer,cancelled
ORD-2024-1774,2023-03-29,Paul Lopez,paul.lopez@gmail.com,Mechanical Gaming Keyboard,Accessories,1.0,123.24,123.24,Central,Debit Card,Refunded
ORD-2024-2220,2024-01-25,Priya Taylor,priya.taylor@corporate.net,Desk LED Lamp,Office Supplies,1.0,30.01,30.01,West,Bank Transfer,Refunded
ORD-2024-2127,2023-01-06,James Chen,james.chen@gmail.com,HD Webcam 1080p,Accessories,5.0,66.58,332.9,South,Cash on Delivery,Completed
ORD-2024-1005,2023-05-07,Paul Taylor,paul.taylor@techfirm.io,Filing Cabinet 3-Drawer,Furniture,2.0,186.49,372.98,West,Cash on Delivery,Cancelled
ORD-2024-3085,2023.01.13,Sandra Ramirez,  sandra.ramirez@example.com  ,  Noise-Canceling Headphones  ,Electronics,-1.0,192.32,-192.32,East,Bank Transfer,Shipped
ORD-2024-2004,2023-03-29,Matthew Moore,matthew.moore@techfirm.io,Desk LED Lamp,Office Supplies,2.0,29.12,58.24,East,Cash on Delivery,Refunded
ORD-2024-2975,2023-04-15,Margaret O'Connor,margaret.oconnor@corporate.net,Adjustable Standing Desk,Furniture,1.0,497.74,497.74,Central,PayPal,Pending
ORD-2024-3043,2023.06.30,carlos white,carlos.white@outlook.com,Smart Water Bottle,Office Supplies,5.0,36.18,180.9,East,cod,Cancelled
ORD-2024-1264,2023-03-16,Carlos Torres,carlos.torres@gmail.com,wireless ergonomic mouse,Accessories,1.0,50.99,50.99,West,Bank Transfer,Completed
ORD-2024-2859,2023-08-23,anthony sanchez,anthony.sanchez@techfirm.io,Laser Printer Pro,Office Supplies,8.0,284.78,2278.24,  east  ,Cash on Delivery,Refunded
ORD-2024-1613,2023-07-01,David Robinson,david_robinson@,Noise-Canceling Headphones,Electronics,1.0,197.6,197.6,South,Cash on Delivery,Completed
ORD-2024-1444,2023-05-14,William Sanchez,william.sanchez@retailhub.org,Laser Printer Pro,  Office Supplies  ,2.0,282.71,565.42,Central,Debit Card,Cancelled
ORD-2024-2003,2023-10-22,MARY AL-MANSOOR,,Smart Water Bottle,Office Supplies,1.0,35.73,35.73,Central,Debit Card,Pending
ORD-2024-2078,04/03/2023,Sarah O'Connor,sarah.oconnor@techfirm.io,Wireless Ergonomic Mouse,Accessories,1.0,50.5,50.5,SOUTH,Cash on Delivery,Completed
ORD-2024-1838,2024-03-18,Daniel Sato,daniel.sato@retailhub.org,Bluetooth Conference Speaker,Electronics,2.0,153.45,306.9,North,Bank Transfer,Shipped
ORD-2024-1682,2023.08.20,Tariq O'Connor,tariq.oconnor@yahoo.com,Smart Water Bottle,Office Supplies,1.0,36.11,36.11,South,Credit Card,Shipped
ORD-2024-2716,2023-06-02,lisa chen,lisa.chen@com,ERGONOMIC OFFICE CHAIR,  Furniture  ,1.0,248.68,248.68,West,DEBIT_CARD,Shipped
ORD-2024-1305,,Donald Kim,donald.kim.company,Filing Cabinet 3-Drawer,Furniture,2.0,181.04,,South,Bank Transfer,Completed
ORD-2024-2366,,Jennifer Thompson,jennifer.thompson@retailhub.org,Noise-Canceling Headphones,Electronics,2.0,200.93,401.86,South,PayPal,Pending
ORD-2024-2845,2023-06-23,daniel sato,daniel.sato@corporate.net,Mechanical Gaming Keyboard,Accessories,1.0,121.62,121.62,Central,Bank Transfer,Refunded
ORD-2024-1314,2023-11-28,Donald Jackson,donald.jackson@techfirm.io,Ergonomic Office Chair,Furniture,1.0,249.46,249.46,North,Cash on Delivery,Shipped
ORD-2024-1150,2024-01-19,  Michael   Robinson  ,michael.robinson@gmail.com,ULTRABOOK PRO 15,Electronics,1.0,1324.21,1324.21,  central  ,Credit Card,
ORD-2024-2149,2024-04-04,Mary Sato,mary.sato@outlook.com,Adjustable Standing Desk,Furniture,5.0,495.49,2477.45,South,PayPal,Pending
ORD-2024-2214,29/03/2024,Barbara Lewis,  barbara.lewis@example.com  ,Ergonomic Office Chair,  Furniture  ,1.0,,,North,Credit Card,Pending
ORD-2024-1575,2023-13-45,,yuki.murphy@gmail.com,Laser Printer Pro,office supplies,3.0,288.99,866.97,Central,Bank Transfer,Pending
ORD-2024-2722,2023-05-07,Michael Thompson,michael.thompson@techfirm.io,Smart Water Bottle,Office Supplies,10.0,34.08,340.8,East,Bank Transfer,Shipped
ORD-2024-2689,2023-10-20,David Rodriguez,  david.rodriguez@example.com  ,Cable Management Kit,Accessories,3.0,18.09,54.27,East,Credit Card,Cancelled
ORD-2024-1051,2024-01-18,Linda Robinson,linda.robinson@yahoo.com,Filing Cabinet 3-Drawer,Furniture,3.0,,,West,Bank Transfer,Pending
ORD-2024-2839,2023-05-06,  Thomas   Tanaka  ,thomas.tanaka@techfirm.io,Cable Management Kit,Accessories,1.0,18.46,18.46,North,Bank Transfer,Shipped
ORD-2024-1727,2023-02-16,William Garcia,william.garcia@outlook.com,Mechanical Gaming Keyboard,Accessories,1.0,123.93,123.93,South,PayPal,Refunded
ORD-2024-1834,2024-04-10,Tariq Clark,tariq.clark@retailhub.org,Laser Printer Pro,Office Supplies,2.0,280.41,560.82,East,PayPal,Refunded
ORD-2024-2378,2024.01.21,James Jones,,Cable Management Kit,Accessories,1.0,18.37,18.37,East,Debit Card,Completed
ORD-2024-2116,2023-04-07,Matthew Flores,matthew.flores@techfirm.io,Ergonomic Office Chair,Furniture,3.0,245.51,736.53,West,Cash on Delivery,Cancelled
ORD-2024-2167,2023-04-23,Linda Lewis,linda.lewis@gmail.com,Ergonomic Office Chair,Furniture,2.0,-125.0,-250.0,West,Bank Transfer,Refunded
ORD-2024-1471,13/06/2023,Mark Kim,mark.kim@gmail.com,4K Ultra HD Monitor 27-inch,Electronics,1.0,376.62,376.62,West,Cash on Delivery,Pending
ORD-2024-1972,2023-02-11,daniel wright,daniel.wright@yahoo.com,UltraBook Pro 15,Electronics,1.0,1244.26,1244.26,West,PayPal,Pending
ORD-2024-1654,"Feb 03, 2023",Lisa Martinez,lisa.martinez@yahoo.com,  Filing Cabinet 3-Drawer  , FURNITURE ,2.0,182.86,365.72,Central,Bank Transfer,Refunded
ORD-2024-1400,2023-08-06,Andrew Hernandez,andrew.hernandez@techfirm.io,mechanical gaming keyboard,accessories,1.0,119.08,119.08,West,Bank Transfer,Pending
ORD-2024-1512,"May 13, 2024",John Hernandez,john.hernandez@techfirm.io,Bluetooth Conference Speaker,Electronics,1.0,153.75,153.75,South,PayPal,Completed
ORD-2024-2899,2023-09-05,Lisa Rodriguez,lisa.rodriguez@techfirm.io,Desk LED Lamp,Office Supplies,3.0,29.21,87.63,South,Debit Card,Pending
ORD-2024-1321,2024.01.21,Christopher Lee,christopher.lee@outlook.com,HD Webcam 1080p,Accessories,2.0,65.64,131.28,West,PayPal,Shipped
ORD-2024-1020,"Apr 08, 2023",YUKI RAMIREZ,yuki.ramirez@techfirm.io,Noise-Canceling Headphones, ELECTRONICS ,1.0,206.91,206.91,East,Bank Transfer,Pending
ORD-2024-1685,2023-07-09,Susan Lee,susan.lee@outlook.com,Executive Leather Notebook,Office Supplies,1.0,21.18,21.18,South,Debit Card,Shipped
ORD-2024-1036,2023-10-13,Joshua Hill,joshua.hill@techfirm.io,Filing Cabinet 3-Drawer,Furniture,10.0,182.17,1821.7,South,Bank Transfer,Shipped
ORD-2024-1903,2023-01-28,Mark Moore,mark.moore@corporate.net,Smart Water Bottle,Office Supplies,1.0,36.14,36.14,East,Bank Transfer,Cancelled
ORD-2024-3080,2024.01.03,Patricia Anderson,patricia.anderson@techfirm.io,Bluetooth Conference Speaker,Electronics,1.0,152.77,152.77,Central,Bank Transfer,Cancelled
ORD-2024-1828,2023-02-07,David Patel,david.patel@gmail.com,Smart Water Bottle, OFFICE SUPPLIES ,,33.37,,West,PayPal,Pending
ORD-2024-1525,2024-03-27,Sarah Smith,sarah.smith@techfirm.io,Noise-Canceling Headphones,Electronics,1.0,196.99,196.99,South,Bank Transfer,Completed
ORD-2024-1408,2023.05.22,elizabeth lewis,elizabeth.lewis@yahoo.com,Smart Water Bottle,Office Supplies,2.0,34.26,68.52,East,PayPal,Shipped
ORD-2024-1921,"Jul 28, 2023",Richard Smith,richard.smith@outlook.com,USB-C Multi-Port Hub,Accessories,1.0,40.43,40.43,North,Debit Card,Completed
ORD-2024-1538,,Susan Harris,susan.harris@gmail.com,  Desk LED Lamp  ,Office Supplies,5.0,29.02,145.1,Central,Credit Card,Refunded
ORD-2024-1759,2023-10-26,Joseph Brown,joseph.brown@techfirm.io,Mechanical Gaming Keyboard,Accessories,2.0,120.13,240.26,North,Cash on Delivery,Pending
ORD-2024-2706,2023-12-19,Liam Hill,liam.hill@yahoo.com,Desk LED Lamp,Office Supplies,1.0,28.88,28.88,Central,PayPal,Cancelled
ORD-2024-1556,2024-05-01,Fatima Murphy,fatima.murphy@corporate.net,Noise-Canceling Headphones,,2.0,194.65,389.3,South,PayPal,Cancelled
ORD-2024-2063,"Mar 09, 2024",Sandra Tanaka,,Adjustable Standing Desk,Furniture,2.0,518.64,1037.28,East,Cash on Delivery,Pending
ORD-2024-2200,2023-08-29,Jessica Flores,jessica.flores@techfirm.io,Mechanical Gaming Keyboard,Accessories,5.0,118.23,591.15,West,PayPal,
ORD-2024-1246,2023-10-20,susan kim,susan.kim@corporate.net,Adjustable Standing Desk,Furniture,3.0,506.1,1518.3,West,  Credit Card  ,Cancelled
ORD-2024-2417,25/01/2024,Sarah Sharma,sarah.sharma@retailhub.org,Smart Water Bottle,Office Supplies,1.0,36.12,36.12,East,Bank Transfer,Completed
ORD-2024-2128,2023-05-03,Paul Scott,paul.scott@retailhub.org,UltraBook Pro 15,Electronics,,1255.46,,North,Cash on Delivery,Cancelled
ORD-2024-1785,2023-07-08,Kimberly Ramirez,kimberly.ramirez@outlook.com,Mechanical Gaming Keyboard, ACCESSORIES ,5.0,115.4,577.0,East,Credit Card,Shipped
ORD-2024-2410,2023-08-17,  Elizabeth   Anderson  ,elizabeth.anderson@outlook.com,Smart Water Bottle,office supplies,1.0,35.78,35.78,West,Credit Card,Pending
ORD-2024-1490,2023-10-11,Paul Ramirez,paul.ramirez@retailhub.org,Laser Printer Pro,Office Supplies,5.0,267.49,1337.45,  north  ,Cash on Delivery,Refunded
ORD-2024-1155,2023-03-14,Richard Young,richard.young@gmail.com,  Mechanical Gaming Keyboard  ,Accessories,,117.49,,South,PayPal,Pending
ORD-2024-2663,2023-09-09,Yuki King,yuki.king@yahoo.com,Wireless Ergonomic Mouse,Accessories,1.0,51.94,51.94,West,Bank Transfer,Cancelled
ORD-2024-1962,2023.04.21,JAMES ANDERSON,james.anderson@corporate.net,Cable Management Kit,Accessories,5.0,18.25,91.25,West,Cash on Delivery,Pending
ORD-2024-2687,2023-08-04,Andrew Gonzalez,andrew.gonzalez@gmail.com,Noise-Canceling Headphones,Electronics,2.0,-99.97,-199.94,Central,Cash on Delivery,Shipped
ORD-2024-1854,2023-05-08,Yuki Jones,yuki.jones@outlook.com,Wireless Ergonomic Mouse,Accessories,4.0,49.47,197.88,South,PayPal,Cancelled
ORD-2024-2312,2023-01-24,Margaret Al-Mansoor,margaret.al-mansoor@techfirm.io,cable management kit,Accessories,2.0,18.69,37.38,  west  ,PayPal,Completed
ORD-2024-1626,2024-04-12,Paul Harris,paul.harris@yahoo.com,adjustable standing desk,Furniture,1.0,522.39,522.39,Central,Debit Card,Completed
ORD-2024-2816,09/02/2023,Nancy Taylor,nancy.taylor@techfirm.io,Smart Water Bottle,Office Supplies,1.0,35.77,35.77,East,Debit Card,Pending
ORD-2024-1686,2023-09-08,Mary Lee,  mary.lee@example.com  ,Ergonomic Office Chair,furniture,2.0,261.45,522.9,South,Bank Transfer,Pending
ORD-2024-2851,2023-07-20,Charles Hernandez,charles.hernandez@gmail.com,UltraBook Pro 15,Electronics,3.0,1331.77,3995.31,,Debit Card,Cancelled
ORD-2024-1570,2023-02-22,Sarah Lopez,  sarah.lopez@example.com  ,Filing Cabinet 3-Drawer,Furniture,1.0,186.67,186.67,South,,Completed
ORD-2024-1566,2023-09-21,tariq kim,  tariq.kim@example.com  ,Mechanical Gaming Keyboard,Accessories,3.0,118.75,356.25,,Debit Card,Refunded
ORD-2024-2759,2024-02-25,Nancy Patel,nancy.patel@outlook.com,Laser Printer Pro,Office Supplies,2.0,277.43,554.86,North,Credit Card,Completed
ORD-2024-2817,2023.02.08,Linda Davis,linda.davis@corporate.net,Adjustable Standing Desk,Furniture,2.0,523.49,1046.98,South,Debit Card,Cancelled
ORD-2024-1018,2023-04-02,Nancy Clark,nancy.clark@yahoo.com,HD Webcam 1080p,Accessories,1.0,66.93,66.93,South,PayPal,Pending
ORD-2024-1128,2023-06-28,,sandra.flores@outlook.com,Mechanical Gaming Keyboard,Accessories,1.0,115.21,115.21,Central,PayPal,Refunded
ORD-2024-2347,2023-03-14,Michelle Hill,michelle.hill@corporate.net,Desk LED Lamp,Office Supplies,3.0,,,West,Cash on Delivery,Completed
ORD-2024-2280,13/12/2023,KENJI SHARMA,kenji.sharma@gmail.com,Adjustable Standing Desk,furniture,1.0,519.4,519.4,South,Cash on Delivery,Pending
ORD-2024-2856,2023-01-28,Steven Robinson,steven.robinson@gmail.com,Ergonomic Office Chair,Furniture,1.0,244.79,244.79,EAST,Debit Card,Shipped
ORD-2024-1928,2023-07-11,Sarah White,sarah.white@corporate.net,HD Webcam 1080p,Accessories,3.0,72.38,217.14,East,Bank Transfer,Cancelled
ORD-2024-1981,2024.03.15,Emily Wilson,emily.wilson@corporate.net,Noise-Canceling Headphones,Electronics,1.0,192.23,192.23,West,Cash on Delivery,Cancelled
ORD-2024-1253,2023-10-15,Mary Williams,mary.williams@outlook.com,Executive Leather Notebook,  Office Supplies  ,1.0,21.42,21.42,North,Cash on Delivery,Completed
ORD-2024-1191,2024-03-27,Joshua Al-Mansoor,joshua.al-mansoor@outlook.com,Desk LED Lamp,  Office Supplies  ,3.0,28.91,86.73,Central,PayPal,Pending
ORD-2024-2140,2023-08-05,Michael Lee,michael.lee@corporate.net,Wireless Ergonomic Mouse,Accessories,1.0,49.03,49.03,WEST,Bank Transfer,Pending
ORD-2024-1993,2023-08-07,KENJI DAVIS,kenji.davis@outlook.com,Desk LED Lamp,Office Supplies,5.0,28.83,144.15,West,Bank Transfer,Completed
ORD-2024-1700,2023-05-01,JAMES PATEL,james.patel@corporate.net,Executive Leather Notebook,Office Supplies,1.0,21.71,21.71,East,Bank Transfer,Refunded
ORD-2024-2962,25/10/2023,Emily Garcia,emily.garcia@retailhub.org,USB-C Multi-Port Hub,Accessories,2.0,40.09,80.18,Central,Bank Transfer,Pending
ORD-2024-1607,2023.05.07,Tariq Lopez,tariq.lopez@yahoo.com,USB-C Multi-Port Hub,Accessories,-5.0,39.1,-195.5,North,PayPal,Completed
ORD-2024-1181,2023.06.01,Emily Young,emily.young@corporate.net,Smart Water Bottle,,1.0,34.98,34.98,North,Credit Card,Shipped
ORD-2024-1302,2023.08.03,Sofia Lee,  sofia.lee@example.com  ,USB-C MULTI-PORT HUB,Accessories,1.0,39.87,39.87,South,Debit Card,Cancelled
ORD-2024-1497,,Nancy Thompson,nancy.thompson@techfirm.io,UltraBook Pro 15,Electronics,1.0,,,,PayPal,Completed
ORD-2024-3012,"Nov 02, 2023",christopher patel,christopher.patel@retailhub.org,UltraBook Pro 15,,10.0,1299.07,12990.7,  north  ,PayPal,Completed
ORD-2024-3129,2024-04-03,Daniel Garcia,  daniel.garcia@example.com  ,UltraBook Pro 15,electronics,2.0,1296.98,2593.96,East,Credit Card,Cancelled
ORD-2024-2967,2023-07-10,Richard Chen,richard.chen@outlook.com,UltraBook Pro 15,Electronics,1.0,1312.26,1312.26,Central,Bank Transfer,Refunded
ORD-2024-3073,2024-04-08,Tariq Rodriguez,tariq.rodriguez@yahoo.com,Filing Cabinet 3-Drawer,Furniture,1.0,171.78,171.78,West,Cash on Delivery,Shipped
ORD-2024-2939,2024-03-12,Carlos Chen,carlos.chen@outlook.com,Laser Printer Pro,Office Supplies,2.0,292.77,585.54,South,Credit Card,Refunded
ORD-2024-1518,"Apr 02, 2024",Karen Hill,karen.hill@retailhub.org,Smart Water Bottle,  Office Supplies  ,1.0,33.95,33.95,West,Cash on Delivery,Cancelled
ORD-2024-2397,25/02/2023,Andrew Walker,andrew.walker@outlook.com,Desk LED Lamp,Office Supplies,1.0,29.37,29.37,South,Bank Transfer,Completed
ORD-2024-2070,2023-02-01,Mary Jones,mary.jones@gmail.com,Noise-Canceling Headphones,electronics,1.0,207.71,207.71,East,PayPal,Cancelled
ORD-2024-1477,2024-02-28,Patricia White,patricia.white@gmail.com,4K ULTRA HD MONITOR 27-INCH,Electronics,1.0,390.62,390.62,East,PayPal,Completed
ORD-2024-1158,2023-04-24,  Michael   Young  ,michael.young@yahoo.com,Bluetooth Conference Speaker,Electronics,1.0,151.07,151.07,East,Credit Card,Completed
ORD-2024-2244,2023-03-27,Kenji Wright,kenji.wright@retailhub.org,Mechanical Gaming Keyboard,Accessories,2.0,124.49,248.98,Central,Debit Card,Cancelled
ORD-2024-2196,2023-04-01,Joseph Thompson,joseph.thompson@outlook.com,Adjustable Standing Desk,Furniture,3.0,477.36,1432.08,South,PayPal,Refunded
ORD-2024-1017,09/08/2023,Karen White,karen.white@gmail.com,Bluetooth Conference Speaker,Electronics,3.0,147.61,442.83,South,PayPal,Completed
ORD-2024-2536,2023.10.26,Emma Ramirez,emma.ramirez@gmail.com,HD WEBCAM 1080P,Accessories,2.0,-34.5,-69.0,East,Bank Transfer,Completed
ORD-2024-2073,2023-06-02,andrew ramirez,andrew.ramirez@retailhub.org,Laser Printer Pro,Office Supplies,2.0,283.03,566.06,West,Debit Card,Cancelled
ORD-2024-1800,2024-01-27,Mary Patel,mary.patel@outlook.com,USB-C Multi-Port Hub,Accessories,2.0,38.97,77.94,Central,Bank Transfer,Pending
ORD-2024-1547,2023-10-14,Lisa Patel,lisa.patel@corporate.net,USB-C Multi-Port Hub,Accessories,2.0,39.62,79.24,East,Bank Transfer,Completed
ORD-2024-2540,2023-02-25,Donna Williams,,Noise-Canceling Headphones,Electronics,3.0,198.8,596.4,West,Bank Transfer,Completed
ORD-2024-1659,2023-07-29,Anthony Clark,anthony.clark@yahoo.com,Executive Leather Notebook,,1.0,21.18,21.18,NORTH,Cash on Delivery,Refunded
ORD-2024-2921,2023-09-29,Carlos Jones,carlos.jones@retailhub.org,adjustable standing desk,Furniture,1.0,492.85,492.85,West,PayPal,Shipped
ORD-2024-2853,2023-06-18,Anthony Rodriguez,anthony.rodriguez@yahoo.com,Mechanical Gaming Keyboard,accessories,2.0,119.31,238.62,South,Cash on Delivery,Shipped
ORD-2024-2020,2023-01-18,Daniel Lewis,daniel@@domain.com,  Mechanical Gaming Keyboard  ,Accessories,2.0,114.72,229.44,South,Credit Card,cancelled
ORD-2024-2968,2023-11-30,Elizabeth Al-Mansoor,elizabeth.al-mansoor@corporate.net,Laser Printer Pro,Office Supplies,1.0,279.43,279.43,West,Debit Card,Refunded
ORD-2024-2505,"Jan 30, 2023",Joseph Ramirez,joseph.ramirez@retailhub.org,Cable Management Kit,Accessories,5.0,18.81,94.05,NORTH,Debit Card,Completed
ORD-2024-1960,2023-07-15,Patricia Martinez,patricia.martinez@retailhub.org,Executive Leather Notebook,Office Supplies,1.0,-11.0,-11.0,South,Bank Transfer,Shipped
ORD-2024-2383,2023-09-19,  Sofia   Perez  ,sofia.perez@retailhub.org,4K Ultra HD Monitor 27-inch,Electronics,3.0,399.9,1199.7,West,Bank Transfer,Shipped
ORD-2024-1284,2023-10-01,Donald Robinson,donald.robinson@retailhub.org,Smart Water Bottle,Office Supplies,1.0,-17.5,-17.5,Central,Cash on Delivery,Refunded
ORD-2024-2633,"Aug 28, 2023",Margaret Moore,margaret.moore@corporate.net,Laser Printer Pro,Office Supplies,8.0,270.53,2164.24,East,Debit Card,Completed
ORD-2024-1798,2024-01-24,Fatima Sato,fatima.sato@corporate.net,Mechanical Gaming Keyboard,Accessories,1.0,124.9,124.9,North,Debit Card,Refunded
ORD-2024-2922,2023-03-07,THOMAS LEWIS,thomas.lewis@gmail.com,ultrabook pro 15,Electronics,2.0,1314.99,2629.98,CENTRAL,Bank Transfer,Pending
ORD-2024-1226,2024-02-07,Thomas Scott,,4K Ultra HD Monitor 27-inch, ELECTRONICS ,2.0,387.05,774.1,Central,Bank Transfer,Cancelled
ORD-2024-1027,2023-10-31,Mary Garcia,mary.garcia@corporate.net,  Adjustable Standing Desk  ,Furniture,1.0,492.97,492.97,East,Cash on Delivery,
ORD-2024-3075,2023-02-09,Joseph Ramirez,joseph.ramirez@retailhub.org,USB-C Multi-Port Hub,Accessories,1.0,38.18,38.18,North,Credit Card,Cancelled
ORD-2024-2800,,Jessica Tanaka,jessica.tanaka@gmail.com,Noise-Canceling Headphones,Electronics,1.0,192.22,192.22,,PayPal,Completed
ORD-2024-1438,2023-07-12,Margaret Sato,margaret.sato@gmail.com,Bluetooth Conference Speaker,Electronics,1855.0,150.39,278973.45,West,Credit Card,Cancelled
ORD-2024-2364,2024-02-11,Betty Sanchez,betty.sanchez@outlook.com,Smart Water Bottle,Office Supplies,,33.79,,Central,Cash on Delivery,Cancelled
ORD-2024-2389,invalid_date,Barbara Davis,barbara.davis@gmail.com,USB-C Multi-Port Hub,Accessories,4.0,39.6,,West,Credit Card,Refunded
ORD-2024-1230,2023.06.08,Tariq Jackson,tariq.jackson@techfirm.io,  Adjustable Standing Desk  ,Furniture,1.0,522.7,522.7,West,Debit Card,Refunded
ORD-2024-1038,2023-04-26,sarah martinez,sarah.martinez@outlook.com,Desk LED Lamp,Office Supplies,1.0,29.62,29.62,West,Debit Card,Completed
ORD-2024-2694,2023-04-18,steven sharma,  steven.sharma@example.com  ,  Executive Leather Notebook  ,Office Supplies,1.0,22.82,22.82,South,Bank Transfer,Pending
ORD-2024-1750,2023-05-11,James King,james.king@corporate.net,USB-C Multi-Port Hub,Accessories,3.0,41.25,123.75,Central,Bank Transfer,Completed
ORD-2024-2046,07/06/2023,Fatima Clark,fatima.clark@techfirm.io,Ergonomic Office Chair,  Furniture  ,2.0,252.6,505.2,East,PayPal,
ORD-2024-2399,,Emma Lewis,emma.lewis@corporate.net,Bluetooth Conference Speaker,Electronics,2.0,143.7,287.4,South,Cash on Delivery,Completed
ORD-2024-1470,"Sep 29, 2023",Barbara Sato,barbara.sato@retailhub.org,Desk LED Lamp,Office Supplies,1.0,29.11,29.11,North,PayPal,Shipped
ORD-2024-2907,2023-04-20,  Anthony   Wilson  ,anthony.wilson@techfirm.io,Filing Cabinet 3-Drawer,,1.0,175.59,175.59,North,Bank Transfer,
ORD-2024-3008,2023.02.26,Mary Martinez,mary.martinez@techfirm.io,Filing Cabinet 3-Drawer,furniture,1.0,174.02,174.02,East,Cash on Delivery,Completed
ORD-2024-2353,2023-11-18,Margaret Rodriguez,margaret.rodriguez@techfirm.io,Cable Management Kit,Accessories,10.0,18.73,187.3,North,PayPal,Shipped
ORD-2024-1688,11/01/2024,Richard King,richard.king@corporate.net,Laser Printer Pro,Office Supplies,1.0,265.85,265.85,East,PayPal,Cancelled
ORD-2024-2057,2023.04.22,Robert Patel,robert.patel@yahoo.com,Desk LED Lamp,Office Supplies,2.0,29.73,59.46,Central,credit card,Completed
ORD-2024-1640,2023-01-13,Nancy Miller,nancy.miller@gmail.com,Cable Management Kit,Accessories,1.0,18.04,18.04,WEST,Bank Transfer,Shipped
ORD-2024-3031,06/10/2023,Joseph Wilson,joseph.wilson@techfirm.io,HD Webcam 1080p,Accessories,1.0,68.92,68.92,,Bank Transfer,Refunded
ORD-2024-2219,2023-01-21,Sandra King,sandra.king@techfirm.io,UltraBook Pro 15,,2.0,1327.59,2655.18,Central,PayPal,Refunded
ORD-2024-2159,2023-01-11,ANTHONY GONZALEZ,anthony.gonzalez@outlook.com,Ergonomic Office Chair,Furniture,1.0,245.81,245.81,Central,Debit Card,Pending
ORD-2024-2416,04/11/2023,Kenji Thompson,kenji.thompson@yahoo.com,Desk LED Lamp,Office Supplies,8.0,28.4,227.2,North,Debit Card,Refunded
ORD-2024-2528,2023-04-30,Nancy Harris,nancy.harris@outlook.com,HD Webcam 1080p,Accessories,1.0,69.85,69.85,East,Bank Transfer,Cancelled
ORD-2024-2995,2023-09-14,Kenji Murphy,kenji.murphy@outlook.com,NOISE-CANCELING HEADPHONES,Electronics,2.0,199.63,399.26,South,Credit Card,Refunded
ORD-2024-2301,2024-03-30,THOMAS WALKER,thomas.walker@outlook.com,Filing Cabinet 3-Drawer,Furniture,5.0,174.89,874.45,South,,Cancelled
ORD-2024-3107,2023.09.04,Lisa Smith,lisa.smith@com,Ergonomic Office Chair,Furniture,1.0,252.13,252.13,North,Credit Card,
ORD-2024-1801,2024-05-06,Carlos Davis,carlos.davis@techfirm.io,Laser Printer Pro,Office Supplies,1.0,275.06,275.06,East,Debit Card,Cancelled
ORD-2024-2604,2023-04-07,Steven Moore,steven.moore@outlook.com,USB-C Multi-Port Hub,  Accessories  ,3.0,38.02,114.06,Central,Bank Transfer,Shipped
ORD-2024-1161,2023-12-23,Fatima Wright,fatima.wright@yahoo.com,  4K Ultra HD Monitor 27-inch  ,Electronics,1.0,386.18,386.18,Central,Credit Card,
ORD-2024-2705,2023-11-24,Margaret Chen,margaret.chen@gmail.com,Executive Leather Notebook,  Office Supplies  ,-3.0,21.54,-64.62,,Bank Transfer,Completed
ORD-2024-1957,2024-03-18,Yuki Hill,yuki.hill@outlook.com,Executive Leather Notebook,Office Supplies,3.0,22.24,66.72,East,PayPal,Pending
ORD-2024-2744,2024-05-15,David Lewis,david.lewis@corporate.net,Executive Leather Notebook,Office Supplies,1.0,22.9,22.9,West,PayPal,Refunded
ORD-2024-2187,2023-04-28,Karen Walker,karen.walker@gmail.com,HD Webcam 1080p,Accessories,2.0,68.88,137.76,East,Bank Transfer,Refunded
ORD-2024-1822,invalid_date,Liam Young,liam.young@outlook.com,  USB-C Multi-Port Hub  ,Accessories,4.0,41.29,165.16,West,PayPal,refunded
ORD-2024-2730,2023-02-12,Daniel Al-Mansoor,daniel.al-mansoor@techfirm.io,4K Ultra HD Monitor 27-inch,Electronics,3.0,379.11,1137.33,East,PayPal,Cancelled
ORD-2024-2992,2024-05-11,Yuki Robinson,yuki.robinson@yahoo.com,Desk LED Lamp,Office Supplies,1.0,29.9,29.9,West,Bank Transfer,Refunded
ORD-2024-1878,"May 11, 2023",Lisa Jackson,lisa.jackson@yahoo.com,Noise-Canceling Headphones, ELECTRONICS ,1.0,209.64,209.64,West,Debit Card,Completed
ORD-2024-2920,07/07/2023,Liam Nguyen,liam.nguyen@outlook.com,Mechanical Gaming Keyboard,Accessories,1.0,114.32,114.32,South,Bank Transfer,Pending
ORD-2024-1914,2023-06-21,Andrew Scott,andrew.scott@outlook.com,ADJUSTABLE STANDING DESK,Furniture,1.0,476.37,476.37,South,PayPal,Pending
ORD-2024-2885,2023-09-21,Jessica Wilson,jessica.wilson@techfirm.io,Wireless Ergonomic Mouse,Accessories,2.0,47.89,95.78,South,PayPal,Completed
ORD-2024-1153,2023-09-03,Ashley Thompson,ashley.thompson@corporate.net,HD Webcam 1080p,Accessories,4.0,65.95,263.8,Central,PayPal,Shipped
ORD-2024-1099,17/06/2023,Carlos Miller,carlos.miller@outlook.com,  USB-C Multi-Port Hub  ,Accessories,1.0,40.32,40.32,East,Credit Card,Cancelled
ORD-2024-3078,2023-04-11,Sandra Moore,,4K Ultra HD Monitor 27-inch,Electronics,2.0,380.7,761.4,West,Debit Card,Refunded
ORD-2024-1510,2023.11.27,  Linda   Anderson  ,linda.anderson@techfirm.io,HD Webcam 1080p,Accessories,4.0,68.34,273.36,East,PayPal,Pending
ORD-2024-2136,2024-01-23,Sandra Al-Mansoor,sandra.al-mansoor@gmail.com,Adjustable Standing Desk, FURNITURE ,2.0,517.12,1034.24,West,Bank Transfer,Pending
ORD-2024-2251,2023-02-18,Emma Al-Mansoor,emma.al-mansoor@gmail.com,Smart Water Bottle,Office Supplies,2.0,33.98,67.96,North,Debit Card,Shipped
ORD-2024-2986,,Thomas Taylor,thomas.taylor@corporate.net,HD Webcam 1080p,Accessories,3.0,71.78,215.34,East,Debit Card,Completed
ORD-2024-2876,2024.01.12,John Nguyen,john.nguyen@retailhub.org,Wireless Ergonomic Mouse,Accessories,1.0,50.62,50.62,West,PayPal,Refunded
ORD-2024-1104,2023-03-10,,daniel.davis@techfirm.io,Ergonomic Office Chair,Furniture,,,,Central,Cash on Delivery,Shipped
ORD-2024-2446,2024-01-26,Sarah Lee,sarah.lee@yahoo.com,Cable Management Kit,Accessories,3.0,18.07,54.21,West,Debit Card,Refunded
ORD-2024-2444,"Apr 23, 2023",Sarah Garcia,,4k ultra hd monitor 27-inch,Electronics,2.0,406.46,812.92,  south  ,Credit Card,Refunded
ORD-2024-2649,2023-11-04,Emma Wilson,emma.wilson@techfirm.io,Mechanical Gaming Keyboard,Accessories,2.0,122.8,245.6,West,Cash on Delivery,Refunded
ORD-2024-1587,2023.04.02,Sofia King,sofia.king@gmail.com,Bluetooth Conference Speaker,electronics,3.0,,,Central,Cash on Delivery,
ORD-2024-1628,2023.02.23,Thomas Lopez,thomas.lopez@retailhub.org,Cable Management Kit,Accessories,4.0,17.82,71.28,Central,Credit Card,Cancelled
ORD-2024-2944,2023-06-28,David Flores,david.flores@gmail.com,bluetooth conference speaker,  Electronics  ,3.0,151.27,453.81,South,Cash on Delivery,Cancelled
ORD-2024-2697,22/06/2023,Thomas Sharma,  thomas.sharma@example.com  ,  Adjustable Standing Desk  ,Furniture,1.0,477.41,477.41,East,Credit Card,Pending
ORD-2024-2144,2023-04-06,David Lee,david.lee@corporate.net,Cable Management Kit,Accessories,1.0,19.27,19.27,South,Bank Transfer,Completed
ORD-2024-1054,2023-10-06,priya thompson,priya.thompson@gmail.com,CABLE MANAGEMENT KIT,Accessories,8.0,18.19,145.52,South,debit card,Shipped
ORD-2024-1152,28/03/2024,Michelle Flores,michelle.flores@corporate.net,Laser Printer Pro,Office Supplies,1.0,282.98,282.98,Central,Cash on Delivery,Pending
ORD-2024-1404,2024-01-30,Anthony Wilson,anthony.wilson@gmail.com,bluetooth conference speaker,Electronics,3.0,151.37,454.11,West,Cash on Delivery,Refunded
ORD-2024-2155,invalid_date,Steven Ramirez,steven.ramirez@techfirm.io,Filing Cabinet 3-Drawer,Furniture,1.0,187.52,187.52,North,debit card,Shipped
ORD-2024-1208,,  Priya   Lee  ,priya.lee@retailhub.org,HD Webcam 1080p,Accessories,1.0,68.07,68.07,Central,PayPal,Pending
ORD-2024-3145,2024-04-22,David Martinez,david.martinez@retailhub.org,  Executive Leather Notebook  ,Office Supplies,2.0,21.28,42.56,East,Bank Transfer,Shipped
ORD-2024-2683,2023-08-07,Emma Murphy,emma.murphy@corporate.net,UltraBook Pro 15,Electronics,8.0,1325.39,10603.12,  central  ,PayPal,completed
ORD-2024-2123,2023-02-14,,,Smart Water Bottle,Office Supplies,3.0,35.05,105.15,South,PayPal,Pending
ORD-2024-2257,2023-03-07,Donna Jones,donna.jones@techfirm.io,UltraBook Pro 15,Electronics,2.0,1334.08,2668.16,Central,Bank Transfer,completed
ORD-2024-1009,26/04/2023,Mary Nguyen,mary.nguyen@gmail.com,Mechanical Gaming Keyboard, ACCESSORIES ,864.0,114.37,98815.68,South,Debit Card,Shipped
ORD-2024-2015,2023-09-07,Margaret Rodriguez,margaret.rodriguez@gmail.com,HD Webcam 1080p,Accessories,2.0,69.63,139.26,Central,Credit Card,Cancelled
ORD-2024-3091,2023.06.02,Margaret Thompson,margaret.thompson@retailhub.org,Desk LED Lamp,Office Supplies,2.0,29.12,58.24,East,,Completed
ORD-2024-2061,2024-01-11,Elizabeth Jackson,elizabeth.jackson@retailhub.org,Bluetooth Conference Speaker,Electronics,1.0,148.13,,Central,Bank Transfer,Pending
ORD-2024-1453,2024.04.01,Sarah Miller,sarah.miller@corporate.net,adjustable standing desk,Furniture,,509.44,,  east  ,Cash On Delivery,Completed
ORD-2024-2676,2023-01-02,  Paul   Jackson  ,paul.jackson@outlook.com,USB-C Multi-Port Hub,Accessories,1.0,38.03,38.03,North,PayPal,Refunded
ORD-2024-1254,2024-04-28,  Sarah   Anderson  ,sarah.anderson@retailhub.org,ERGONOMIC OFFICE CHAIR,Furniture,2.0,243.18,486.36,East,Bank Transfer,Shipped
ORD-2024-2328,2024-03-16,Patricia Tanaka,patricia.tanaka@outlook.com,  USB-C Multi-Port Hub  ,Accessories,,41.05,,Central,Bank Transfer,Refunded
ORD-2024-1897,03/08/2023,PAUL WHITE,,Bluetooth Conference Speaker,Electronics,1.0,147.09,,West,Credit Card,Completed
ORD-2024-3053,"Dec 20, 2023",Barbara Smith,barbara.smith@gmail.com,Smart Water Bottle,Office Supplies,1.0,34.9,34.9,South,Debit Card,Refunded
ORD-2024-1881,21/09/2023,Betty Lewis,betty.lewis@gmail.com,Laser Printer Pro,Office Supplies,5.0,272.35,1361.75,South,Bank Transfer,Cancelled
ORD-2024-2596,2023-12-27,Michael Torres,michael.torres@gmail.com,Desk LED Lamp,Office Supplies,1.0,28.67,28.67,West,Credit Card,Refunded
ORD-2024-3142,2024-01-24,Elizabeth Hill,elizabeth.hill@corporate.net,  Executive Leather Notebook  ,Office Supplies,2.0,22.12,44.24,East,Cash on Delivery,Refunded
ORD-2024-1624,2024-01-09,  Christopher   Williams  ,christopher.williams@techfirm.io,ultrabook pro 15,  Electronics  ,3.0,1339.3,4017.9,East,PayPal,Shipped
ORD-2024-1346,2023-04-04,Matthew Torres,matthew.torres@techfirm.io,USB-C Multi-Port Hub,Accessories,3.0,39.59,118.77,North,PayPal,Completed
ORD-2024-3019,2023-06-06,Jessica Thomas,jessica.thomas@retailhub.org,Executive Leather Notebook,Office Supplies,1.0,22.6,22.6,South,cod,completed
ORD-2024-2788,2024-02-09,Barbara Nguyen,barbara.nguyen@techfirm.io,Noise-Canceling Headphones,Electronics,8.0,193.01,1544.08,North,Bank Transfer,Shipped
ORD-2024-1263,2023-10-06,Joshua Young,joshua.young@corporate.net,Cable Management Kit, ACCESSORIES ,1.0,18.72,18.72,North,Credit Card,Completed
ORD-2024-2635,2023-09-01,Donald Gonzalez,donald.gonzalez@gmail.com,LASER PRINTER PRO,Office Supplies,1.0,272.57,272.57,South,Credit Card,Pending
ORD-2024-2322,2024-03-05,BETTY PEREZ,betty.perez@techfirm.io,  Noise-Canceling Headphones  ,Electronics,1.0,200.12,200.12,East,Debit Card,Cancelled
ORD-2024-2439,2023-01-20,Tariq Robinson,tariq.robinson@gmail.com,Adjustable Standing Desk,Furniture,3.0,479.15,1437.45,Central,Credit Card,Cancelled
ORD-2024-1151,2023-04-12,mark rodriguez,mark.rodriguez@outlook.com,  4K Ultra HD Monitor 27-inch  ,Electronics,2.0,384.92,,South,PayPal,Cancelled
ORD-2024-2970,2023-04-29,Kenji Martinez,kenji.martinez@techfirm.io,Adjustable Standing Desk,Furniture,,507.52,,West,Credit Card,Pending
ORD-2024-1473,2023-07-05,david davis,david.davis@yahoo.com,Desk LED Lamp,Office Supplies,5.0,28.65,143.25,North,PayPal,Completed
ORD-2024-2977,2023-11-18,Christopher Lee,christopher.lee@outlook.com,Executive Leather Notebook,Office Supplies,2.0,20.95,41.9,  east  ,Credit Card,Pending
ORD-2024-2803,"Mar 23, 2024",William Ramirez,william.ramirez@yahoo.com,  Adjustable Standing Desk  ,Furniture,2.0,490.92,981.84,,PayPal,Refunded
ORD-2024-1641,2023-04-18,Emily Patel,emily.patel@outlook.com,Adjustable Standing Desk,Furniture,2.0,515.78,1031.56,North,Credit Card,Pending
ORD-2024-1872,2023-09-12,Christopher Ramirez,christopher@@domain.com,Smart Water Bottle,Office Supplies,1.0,35.25,35.25,East,PayPal,Refunded
ORD-2024-3141,2023-08-11,paul hill,paul.hill@corporate.net,Wireless Ergonomic Mouse,Accessories,4.0,49.03,196.12,West,Cash on Delivery,Cancelled
ORD-2024-1551,,Kimberly King,kimberly.king@corporate.net,Desk LED Lamp,Office Supplies,1.0,30.19,30.19,Central,Debit Card,Pending
ORD-2024-3081,2024-04-17,Richard Harris,,Bluetooth Conference Speaker,Electronics,1.0,142.45,142.45,East,Debit Card,Completed
ORD-2024-2960,2023-03-21,Kenji Ramirez,kenji.ramirez@gmail.com,Mechanical Gaming Keyboard,Accessories,1.0,119.48,119.48,East,Credit Card,Completed
ORD-2024-1929,2023-07-09,Sarah Sanchez,sarah.sanchez@techfirm.io,Filing Cabinet 3-Drawer, FURNITURE ,1.0,177.17,177.17,North,Debit Card,Pending
ORD-2024-1489,2024-05-12,James White,james@@domain.com,4K Ultra HD Monitor 27-inch,Electronics,1.0,390.65,390.65,North,Cash on Delivery,Shipped
ORD-2024-2844,2023-10-28,sofia murphy,sofia.murphy@outlook.com,Executive Leather Notebook,Office Supplies,2.0,22.47,44.94,South,Cash on Delivery,Refunded
ORD-2024-2735,19/09/2023,Susan Tanaka,susan.tanaka@retailhub.org,Adjustable Standing Desk,,,489.83,,Central,Cash on Delivery,Pending
ORD-2024-3100,02/06/2023,Aarav Hill,aarav.hill@retailhub.org,Desk LED Lamp,,2.0,28.65,57.3,East,PayPal,Shipped
ORD-2024-2172,2023-07-18,Joseph Anderson,joseph.anderson@retailhub.org,Laser Printer Pro,Office Supplies,1.0,266.28,266.28,Central,Debit Card,Shipped
ORD-2024-1147,2023-01-23,Kimberly Clark,kimberly.clark@retailhub.org,Mechanical Gaming Keyboard,Accessories,1.0,114.27,114.27,East,Bank Transfer,Cancelled
ORD-2024-3021,2023-01-17,  Donald   Torres  ,,HD Webcam 1080p,  Accessories  ,1.0,70.66,70.66,South,Cash on Delivery,Completed
ORD-2024-2987,2024.03.03,Fatima Robinson,fatima.robinson@techfirm.io,Executive Leather Notebook,  Office Supplies  ,3.0,21.88,65.64,South,PayPal,Cancelled
ORD-2024-2370,2024-02-14,ELIZABETH KIM,elizabeth.kim@techfirm.io,Wireless Ergonomic Mouse,Accessories,1.0,48.54,48.54,North,Credit Card,Pending
ORD-2024-1403,2024-01-23,Donald Patel,donald.patel@yahoo.com,Filing Cabinet 3-Drawer,Furniture,1.0,180.94,180.94,East,Bank Transfer,Cancelled
ORD-2024-2232,2024-02-31,Michelle Jackson,michelle.jackson@retailhub.org,4K Ultra HD Monitor 27-inch,Electronics,1.0,386.2,386.2,West,Cash on Delivery,Completed
ORD-2024-1955,17/08/2023,  Kenji   Lopez  ,kenji.lopez@gmail.com,Executive Leather Notebook,Office Supplies,1.0,22.63,22.63,Central,PayPal,completed
ORD-2024-3137,2023-10-19,John Lee,john.lee@techfirm.io,  Bluetooth Conference Speaker  ,Electronics,3.0,147.28,441.84,North,Wire Transfer,Refunded
ORD-2024-1660,2023.06.17,Tariq Taylor,tariq.taylor@retailhub.org,Filing Cabinet 3-Drawer,Furniture,1.0,178.1,178.1,North,Cash on Delivery,Refunded
ORD-2024-2795,2023-03-04,Tariq Gonzalez,tariq.gonzalez@gmail.com,Ergonomic Office Chair,Furniture,8.0,257.12,2056.96,North,PayPal,Completed
ORD-2024-2373,2023-09-06,Karen Young,karen.young@retailhub.org,Laser Printer Pro,  Office Supplies  ,2.0,282.57,565.14,South,Bank Transfer,Pending
ORD-2024-1464,2023-11-17,Daniel Anderson,daniel.anderson@outlook.com,UltraBook Pro 15,Electronics,3.0,1331.94,3995.82,Central,Cash on Delivery,Pending
ORD-2024-2350,2023-10-10,Patricia Chen,patricia.chen@gmail.com,Cable Management Kit,Accessories,2.0,19.06,38.12,South,Credit Card,Shipped
ORD-2024-1187,18/08/2023,Ashley Lewis,ashley.lewis@retailhub.org,ultrabook pro 15,Electronics,1.0,1313.54,1313.54,Central,Cash on Delivery,Pending
ORD-2024-2148,2023-01-15,Mark Smith,mark.smith@yahoo.com,Filing Cabinet 3-Drawer,Furniture,2.0,173.43,346.86,North,Bank Transfer,Shipped
ORD-2024-2225,2023-05-04,Thomas Lopez,thomas.lopez@gmail.com,HD WEBCAM 1080P,Accessories,3.0,72.05,216.15,  central  ,Cash on Delivery,Refunded
ORD-2024-1609,2024-01-04,Emma Patel,emma.patel@techfirm.io,Cable Management Kit,Accessories,1.0,18.18,18.18,East,Debit Card,Pending
ORD-2024-1144,,Lisa Harris,lisa.harris@gmail.com,Laser Printer Pro,Office Supplies,1.0,281.0,281.0,North,Debit Card,Cancelled
ORD-2024-1752,2023-03-28,Carlos Taylor,carlos.taylor@yahoo.com,Adjustable Standing Desk,Furniture,10.0,505.94,5059.4,North,Credit Card,Completed
ORD-2024-2535,"Mar 27, 2024",Richard Johnson,richard.johnson@yahoo.com,Desk LED Lamp,Office Supplies,2.0,30.16,60.32,East,Bank Transfer,
ORD-2024-2931,2023-03-05,James Ramirez,james.ramirez@techfirm.io,Noise-Canceling Headphones,Electronics,3.0,198.66,595.98,Central,PayPal,Shipped
ORD-2024-1982,"Oct 10, 2023",EMMA MILLER,,Ergonomic Office Chair,Furniture,1.0,239.97,239.97,South,PayPal,Refunded
ORD-2024-1198,2023-07-15,Linda Harris,linda.harris@gmail.com,Bluetooth Conference Speaker,Electronics,1.0,146.32,146.32,  central  ,Credit Card,Shipped
ORD-2024-2634,2023-12-29,Andrew Jackson,,  Mechanical Gaming Keyboard  ,Accessories,2.0,121.68,243.36,  east  ,Bank Transfer,Cancelled
ORD-2024-1884,"Dec 30, 2023",Sarah Rodriguez,sarah.rodriguez@retailhub.org,USB-C Multi-Port Hub,Accessories,2.0,41.89,83.78,West,,Refunded
ORD-2024-2861,2023-09-10,MARK RODRIGUEZ,mark.rodriguez@yahoo.com,Noise-Canceling Headphones,Electronics,1.0,201.51,201.51,West,Cash on Delivery,Completed
ORD-2024-1280,10/05/2024,Yuki Scott,yuki.scott@outlook.com,UltraBook Pro 15,Electronics,1.0,1284.59,1284.59,West,Debit Card,Pending
ORD-2024-1294,2024-01-25,,invalid_email_294,Noise-Canceling Headphones,Electronics,2.0,207.65,415.3,North,Debit Card,Cancelled
ORD-2024-1767,"Sep 25, 2023",Michael Moore,michael.moore@outlook.com,  Filing Cabinet 3-Drawer  ,Furniture,1.0,185.56,185.56,Central,Debit Card,Refunded
ORD-2024-1401,2023-05-20,Barbara Lewis,barbara.lewis@outlook.com,Mechanical Gaming Keyboard,Accessories,1.0,116.25,116.25,Central,PayPal,Pending
ORD-2024-1123,2023-05-10,Yuki Ramirez,,Executive Leather Notebook,Office Supplies,4.0,20.98,83.92,Central,Credit Card,Shipped
ORD-2024-2208,2024.03.30,Patricia Wilson,,Wireless Ergonomic Mouse,Accessories,2.0,50.45,100.9,North,cash on delivery,Completed
ORD-2024-1203,12/03/2024,Liam Scott,liam.scott@outlook.com,Mechanical Gaming Keyboard,Accessories,8.0,121.55,972.4,North,Bank Transfer,Pending
ORD-2024-2463,2024-02-17,Michael Lopez,michael.lopez@corporate.net,HD Webcam 1080p,Accessories,4.0,67.71,270.84,East,Debit Card,Shipped
ORD-2024-1836,2023-04-03,Joshua Nguyen,joshua.nguyen@yahoo.com,CABLE MANAGEMENT KIT, ACCESSORIES ,5.0,18.55,92.75,  west  ,Bank Transfer,Refunded
ORD-2024-1247,2023-08-02,Linda Anderson,linda.anderson@gmail.com,  Filing Cabinet 3-Drawer  ,Furniture,2.0,183.55,367.1,West,Debit Card,Completed
ORD-2024-2440,2023-07-26,Yuki Wright,yuki.wright@yahoo.com,Ergonomic Office Chair,Furniture,2.0,252.08,504.16,North,Cash on Delivery,Pending
ORD-2024-2734,2023-10-02,  Betty   King  ,betty.king@outlook.com,Wireless Ergonomic Mouse,Accessories,3.0,52.33,156.99,South,Bank Transfer,Pending
ORD-2024-2696,2023-05-22,Patricia Flores,patricia.flores@outlook.com,Executive Leather Notebook,Office Supplies,903.0,21.45,19369.35,North,DEBIT_CARD,Shipped
ORD-2024-1730,2023-05-06,Yuki Davis,yuki.davis@techfirm.io,WIRELESS ERGONOMIC MOUSE,Accessories,,51.48,,West,Cash on Delivery,Cancelled
ORD-2024-2708,2023-10-09,Kimberly Johnson,kimberly.johnson@gmail.com,HD Webcam 1080p,Accessories,5.0,67.14,335.7,Central,Credit Card,Refunded
ORD-2024-3139,05/12/2023,Andrew Clark,andrew.clark@techfirm.io,Mechanical Gaming Keyboard,accessories,2.0,119.65,239.3,Central,Credit Card,Cancelled
ORD-2024-2154,2023-04-15,Priya Wright,,DESK LED LAMP,Office Supplies,1.0,30.08,30.08,West,Debit Card,Pending
ORD-2024-2662,2023-05-05,Priya Sharma,priya.sharma@outlook.com,Filing Cabinet 3-Drawer,  Furniture  ,1.0,179.74,179.74,West,Credit Card,Cancelled
ORD-2024-2427,32/01/2024,Linda Murphy,linda.murphy@gmail.com,Bluetooth Conference Speaker,Electronics,1.0,141.56,141.56,NORTH,Credit Card,Refunded
ORD-2024-1385,2024-05-12,Joshua Thompson,joshua.thompson@retailhub.org,ultrabook pro 15,Electronics,1.0,1333.58,1333.58,South,Debit Card,Shipped
ORD-2024-2249,2023-09-22,Margaret King,  margaret.king@example.com  ,Executive Leather Notebook,Office Supplies,3.0,22.36,67.08,NORTH,Credit Card,Refunded
ORD-2024-2760,"Sep 13, 2023",Matthew Miller,matthew.miller@yahoo.com,  Cable Management Kit  , ACCESSORIES ,2.0,18.8,37.6,East,Debit Card,Cancelled
ORD-2024-1855,17/12/2023,Anthony Harris,anthony.harris@gmail.com,Laser Printer Pro,Office Supplies,2.0,278.58,557.16,South,Cash on Delivery,Refunded
ORD-2024-2590,2024-05-08,lisa scott,lisa.scott@retailhub.org,Mechanical Gaming Keyboard,Accessories,1.0,121.0,121.0,,Debit Card,Refunded
ORD-2024-1642,2023-11-15,Barbara O'Connor,barbara.oconnor@retailhub.org,Executive Leather Notebook,Office Supplies,3.0,21.61,64.83,Central,Debit Card,Refunded
ORD-2024-1002,2024-01-24,Kenji Ramirez,kenji.ramirez@outlook.com,4K ULTRA HD MONITOR 27-INCH,electronics,2.0,397.94,795.88,West,wire,Completed
ORD-2024-1699,21/04/2023,SOFIA HARRIS,sofia.harris@corporate.net,Laser Printer Pro,,2.0,289.5,579.0,South,Credit Card,Shipped
ORD-2024-2637,2023.04.04,Fatima Sanchez,fatima.sanchez@techfirm.io,4k ultra hd monitor 27-inch,Electronics,2.0,407.1,814.2,  south  ,PayPal,Refunded
ORD-2024-2292,2023-05-05,EMILY FLORES,emily.flores@outlook.com,Bluetooth Conference Speaker,Electronics,1.0,142.25,142.25,NORTH,PayPal,Cancelled
ORD-2024-3099,2024-04-04,Jessica Gonzalez,jessica.gonzalez@outlook.com,Filing Cabinet 3-Drawer,Furniture,1.0,172.79,172.79,North,Cash on Delivery,Cancelled
ORD-2024-2521,2023-06-27,Steven Perez,steven.perez@outlook.com,Laser Printer Pro,Office Supplies,5.0,288.89,1444.45,South,Pay-Pal,Completed
ORD-2024-2854,2023-07-20,Michelle Martin,michelle.martin@retailhub.org,USB-C Multi-Port Hub,Accessories,2.0,38.76,77.52,North,Debit Card,Completed
ORD-2024-2137,2023-11-19,David Williams,david.williams@techfirm.io,Desk LED Lamp,Office Supplies,1.0,29.89,29.89,West,Bank Transfer,Pending
ORD-2024-3128,2023-04-01,Carlos Gonzalez,carlos.gonzalez.company,Ergonomic Office Chair,Furniture,4.0,260.58,1042.32,East,,completed
ORD-2024-2632,2023-02-14,Fatima Harris,fatima.harris@retailhub.org,HD Webcam 1080p,Accessories,-2.0,69.11,-138.22,Central,PayPal,Cancelled
ORD-2024-2999,2024-01-26,  Sofia   Hernandez  ,,USB-C Multi-Port Hub,Accessories,8.0,39.11,312.88,,,
ORD-2024-1664,16/10/2023,  Matthew   Torres  ,matthew.torres@retailhub.org,Wireless Ergonomic Mouse, ACCESSORIES ,5.0,50.71,253.55,West,PayPal,Refunded
ORD-2024-1684,2023-05-01,Ashley Wilson,ashley@@domain.com,Adjustable Standing Desk,Furniture,2.0,500.48,1000.96,South,Cash on Delivery,Cancelled
ORD-2024-2258,23/01/2023,Yuki Martinez,yuki.martinez@com,Ergonomic Office Chair,Furniture,2.0,260.23,520.46,South,Bank Transfer,Shipped
ORD-2024-1318,2024-01-22,Richard Lopez,richard.lopez@corporate.net,Wireless Ergonomic Mouse,Accessories,2.0,48.61,97.22,East,Cash on Delivery,Pending
ORD-2024-1649,2024-05-12,Yuki O'Connor,  yuki.oconnor@example.com  ,Mechanical Gaming Keyboard,Accessories,3.0,120.71,362.13,South,,Pending
ORD-2024-2435,2024.02.05,Anthony Miller,anthony.miller@retailhub.org,  Ergonomic Office Chair  ,furniture,1.0,261.37,261.37,North,Bank Transfer,Completed
ORD-2024-2480,2023-10-16,Christopher Lewis,christopher.lewis@gmail.com,4K Ultra HD Monitor 27-inch,Electronics,3.0,397.12,1191.36,South,Bank Transfer,Completed
ORD-2024-1710,2024-01-31,Karen Lopez,karen.lopez@techfirm.io,Executive Leather Notebook,Office Supplies,5.0,21.21,106.05,Central,,Cancelled
ORD-2024-2283,2023-12-07,Karen Thompson,karen.thompson@retailhub.org,USB-C Multi-Port Hub,Accessories,1.0,40.17,40.17,South,Cash on Delivery,Shipped
ORD-2024-2769,2023-06-13,Kenji Jackson,kenji.jackson@gmail.com,SMART WATER BOTTLE,Office Supplies,5.0,35.73,178.65,West,Debit Card,Refunded
ORD-2024-1973,2024-01-23,Donna Sanchez,donna.sanchez@retailhub.org,Ergonomic Office Chair,Furniture,1.0,241.99,241.99,EAST,Credit Card,Refunded
ORD-2024-2307,2023-11-28,Donna Brown,donna.brown@yahoo.com,wireless ergonomic mouse,Accessories,2.0,49.96,99.92,South,PayPal,Shipped
ORD-2024-2401,2023-04-21,Joseph Taylor,invalid_email_1401,UltraBook Pro 15,Electronics,10.0,1264.44,12644.4,East,PayPal,Refunded
ORD-2024-2409,2023-01-29,Emma Perez,emma.perez@yahoo.com,  Noise-Canceling Headphones  ,Electronics,2.0,203.72,407.44,North,Credit Card,Pending
ORD-2024-2497,2024-01-15,Andrew Harris,andrew.harris@gmail.com,UltraBook Pro 15,Electronics,1.0,1240.47,1240.47,South,Cash on Delivery,Pending
ORD-2024-3039,14/05/2023,Aarav White,aarav.white@outlook.com,Smart Water Bottle,Office Supplies,2.0,33.66,67.32,East,Debit Card,Completed
ORD-2024-2530,31/01/2023,Yuki Brown,yuki.brown@techfirm.io,UltraBook Pro 15,Electronics,2.0,1283.86,2567.72,West,Credit Card,Refunded
ORD-2024-2664,2023-09-15,sofia smith,sofia.smith@gmail.com,Ergonomic Office Chair,Furniture,1.0,261.01,261.01,South,Credit Card,Completed
ORD-2024-2355,2024-01-25,Thomas King,thomas.king@outlook.com,USB-C Multi-Port Hub,Accessories,1.0,41.0,41.0,North,PayPal,Shipped
ORD-2024-3147,2023-08-29,Steven O'Connor,steven.oconnor@gmail.com,Cable Management Kit,Accessories,2.0,17.85,35.7,North,Debit Card,Cancelled
ORD-2024-2556,2023-05-26,Matthew Ramirez,matthew.ramirez@gmail.com,Executive Leather Notebook,Office Supplies,1.0,21.27,,,Credit Card,Cancelled
ORD-2024-2644,2023-12-07,DAVID AL-MANSOOR,david.al-mansoor@corporate.net,Ergonomic Office Chair, FURNITURE ,1.0,251.66,251.66,EAST,Bank Transfer,Shipped
ORD-2024-2052,2024-02-25,Lisa Smith,,Cable Management Kit,Accessories,1.0,17.88,17.88,West,Credit Card,Cancelled
ORD-2024-1796,2023-08-18,Nancy Martin,nancy.martin@techfirm.io,Ergonomic Office Chair,Furniture,2.0,240.05,480.1,North,Credit Card,Refunded
ORD-2024-2598,2023-01-06,Tariq Perez,tariq.perez@gmail.com,Laser Printer Pro,Office Supplies,1.0,280.6,280.6,East,Credit Card,Shipped
ORD-2024-2820,2024-02-23,Sarah Sharma,sarah.sharma@retailhub.org,filing cabinet 3-drawer,,2.0,184.49,368.98,South,Credit Card,Cancelled
ORD-2024-2723,2023.10.26,Jennifer Sato,jennifer.sato@corporate.net,USB-C Multi-Port Hub,Accessories,1.0,40.95,40.95,EAST,Debit Card,Shipped
ORD-2024-2184,2023-03-18,  Sarah   Sanchez  ,sarah.sanchez@techfirm.io,Adjustable Standing Desk,Furniture,2.0,519.36,1038.72,West,Credit Card,Shipped
ORD-2024-2060,2023-03-12,John Lewis,john.lewis@gmail.com,Ergonomic Office Chair,Furniture,2.0,243.98,487.96,North,Debit Card,Shipped
ORD-2024-1541,"Mar 04, 2024",Barbara Lewis,barbara.lewis@corporate.net,Wireless Ergonomic Mouse,Accessories,1.0,52.18,52.18,East,Cash on Delivery,Pending
ORD-2024-2679,2023-01-15,Yuki Taylor,,Bluetooth Conference Speaker,Electronics,10.0,143.77,1437.7,East,Cash on Delivery,Cancelled
ORD-2024-2758,"Apr 03, 2023",MATTHEW HARRIS,matthew.harris@retailhub.org,UltraBook Pro 15,Electronics,2.0,1313.74,2627.48,South,Bank Transfer,Shipped
ORD-2024-2924,2023-01-22,Sarah Johnson,sarah.johnson@gmail.com,Smart Water Bottle,Office Supplies,2.0,34.44,68.88,East,Debit Card,Cancelled
ORD-2024-1096,2023-06-19,Michael Sato,michael.sato.company,Adjustable Standing Desk,Furniture,2.0,522.15,1044.3,North,PayPal,Completed
ORD-2024-2021,2024-01-01,Michael Sharma,michael.sharma@outlook.com,  Cable Management Kit  ,Accessories,1.0,18.05,18.05,South,Credit Card,Pending
ORD-2024-1564,2024.01.30,Lisa Walker,lisa.walker@outlook.com,Ergonomic Office Chair,Furniture,1.0,249.74,249.74,Central,Debit Card,Refunded
ORD-2024-1864,2024-99-99,Emma Anderson,emma.anderson@retailhub.org,USB-C Multi-Port Hub,Accessories,1.0,41.95,41.95,Central,cc,Completed
ORD-2024-2485,"Oct 28, 2023",Donna Flores,donna.flores@retailhub.org,Desk LED Lamp,Office Supplies,2.0,30.38,60.76,North,Debit Card,Shipped
ORD-2024-2882,2023.09.16,Donald Gonzalez,donald.gonzalez@techfirm.io,UltraBook Pro 15,Electronics,2.0,1292.58,2585.16,Central,PayPal,Shipped
ORD-2024-2039,2023-04-27,Daniel Sharma,daniel.sharma@yahoo.com,USB-C Multi-Port Hub,Accessories,,40.47,,Central,Debit Card,Completed
ORD-2024-1207,2023.12.17,Steven Rodriguez,steven.rodriguez@techfirm.io,Ergonomic Office Chair,Furniture,1.0,239.06,239.06,SOUTH,Bank Transfer,Cancelled
ORD-2024-1393,2023-06-09,  Paul   Martinez  ,paul.martinez@outlook.com,Desk LED Lamp,,2.0,29.52,59.04,West,PayPal,Shipped
ORD-2024-1871,"May 14, 2023",Joshua Brown,joshua.brown@com,Desk LED Lamp,Office Supplies,1.0,30.74,30.74,East,Debit Card,Cancelled
ORD-2024-1398,2023.10.28,Paul Jackson,paul.jackson@gmail.com,HD Webcam 1080p,Accessories,4.0,66.11,264.44,North,Cash on Delivery,Refunded
ORD-2024-3116,15/09/2023,Daniel Allen,daniel.allen@gmail.com,Adjustable Standing Desk,Furniture,,497.48,,North,Debit Card,Shipped
ORD-2024-2029,2024-05-04,,donna.garcia@corporate.net,Desk LED Lamp,Office Supplies,1.0,30.36,30.36,West,Cash on Delivery,Completed
ORD-2024-2486,2024-01-16,Matthew Sharma,matthew.sharma@retailhub.org,USB-C Multi-Port Hub,Accessories,2.0,38.11,76.22,East,Debit Card,Refunded
ORD-2024-1961,2023-03-24,Michelle Moore,michelle.moore@corporate.net,Smart Water Bottle,Office Supplies,1.0,36.73,36.73,South,,Completed
ORD-2024-2571,2023-09-12,Barbara Perez,barbara.perez@gmail.com,USB-C Multi-Port Hub,Accessories,3.0,38.2,114.6,South,Bank Transfer,Completed
ORD-2024-2896,2023-01-27,Charles Taylor,charles.taylor@techfirm.io,4K Ultra HD Monitor 27-inch,Electronics,1.0,370.7,370.7,Central,Debit Card,Refunded
ORD-2024-1805,2023-04-11,Mark Patel,mark.patel@retailhub.org,Bluetooth Conference Speaker,Electronics,,148.15,,South,COD,Cancelled
ORD-2024-2752,2023-12-13,Mark Lopez,mark.lopez@gmail.com,4K Ultra HD Monitor 27-inch,Electronics,-2.0,380.07,-760.14,East,PayPal,Cancelled
ORD-2024-1503,2023-01-19,Kimberly Williams,invalid_email_503,4K Ultra HD Monitor 27-inch,Electronics,1.0,372.65,372.65,North,Cash on Delivery,Completed
ORD-2024-1780,"Nov 27, 2023",  Charles   Taylor  ,charles.taylor@yahoo.com,Executive Leather Notebook,Office Supplies,1.0,21.54,21.54,WEST,Debit Card,Completed
ORD-2024-2864,2024-01-03,Liam Thompson,liam.thompson@techfirm.io,  4K Ultra HD Monitor 27-inch  ,Electronics,1.0,400.7,400.7,South,Cash on Delivery,Completed
ORD-2024-1201,2023-07-15,Carlos Johnson,carlos.johnson@yahoo.com,Filing Cabinet 3-Drawer,Furniture,2.0,186.96,373.92,East,Credit Card,Refunded
ORD-2024-3089,2023-08-31,Michelle Martinez,michelle.martinez@techfirm.io,HD Webcam 1080p,Accessories,1.0,66.59,66.59,Central,  Credit Card  ,Cancelled
ORD-2024-2797,2023.10.11,WILLIAM YOUNG,william.young@techfirm.io,Laser Printer Pro,,2.0,290.09,580.18,  west  ,Bank Transfer,Refunded
ORD-2024-1379,,Mary Perez,mary.perez@techfirm.io,Smart Water Bottle,office supplies,2.0,33.89,67.78,West,Credit Card,Pending
ORD-2024-1419,2024.04.25,Jennifer Lopez,jennifer.lopez@yahoo.com,USB-C Multi-Port Hub,Accessories,1.0,39.69,39.69,Central,PayPal,Cancelled
ORD-2024-2699,2024-01-08,william torres,william.torres@retailhub.org,Desk LED Lamp,Office Supplies,4.0,28.33,113.32,Central,Credit Card,Pending
ORD-2024-1392,2023-08-21,  Donna   Gonzalez  ,donna.gonzalez@com,Noise-Canceling Headphones,  Electronics  ,1.0,202.37,202.37,North,Wire Transfer,Pending
ORD-2024-2523,2024-02-22,emily robinson,emily.robinson@yahoo.com,Noise-Canceling Headphones,Electronics,1.0,198.68,198.68,West,PayPal,Refunded
ORD-2024-2163,2023-11-09,Mary Robinson,mary.robinson@gmail.com,USB-C MULTI-PORT HUB,Accessories,2.0,39.83,79.66,North,Credit Card,Cancelled
ORD-2024-2496,"May 04, 2024",MICHAEL LOPEZ,michael.lopez@yahoo.com,HD Webcam 1080p,,2.0,66.34,132.68,SOUTH,PayPal,Completed
ORD-2024-3028,2023-05-23,Emma Jackson,emma.jackson@yahoo.com,noise-canceling headphones,Electronics,4.0,201.1,804.4,East,Cash on Delivery,refunded
ORD-2024-2153,2023-03-12,Donna King,donna.king@corporate.net,Desk LED Lamp,Office Supplies,1.0,30.23,30.23,CENTRAL,Debit Card,Shipped
ORD-2024-2368,2023-12-13,Karen Miller,karen.miller@yahoo.com,Smart Water Bottle,office supplies,2.0,35.91,71.82,East,Cash on Delivery,Cancelled
ORD-2024-1065,2023-06-29,Priya Martinez,priya.martinez@yahoo.com,Adjustable Standing Desk,Furniture,1.0,498.71,498.71,West,Debit Card,Refunded
ORD-2024-3063,2023-03-26,Donald Taylor,donald.taylor@techfirm.io,  Mechanical Gaming Keyboard  ,,4.0,120.66,482.64,West,Bank Transfer,Pending
ORD-2024-2181,2023-12-22,MARK JACKSON,mark.jackson@techfirm.io,Ergonomic Office Chair,Furniture,1.0,260.85,260.85,East,Credit Card,Refunded
ORD-2024-1493,2023-05-04,Betty Gonzalez,betty.gonzalez@gmail.com,laser printer pro,Office Supplies,1.0,279.48,279.48,  south  ,Debit Card,Pending
ORD-2024-1380,2024-02-31,karen harris,karen.harris@outlook.com,HD Webcam 1080p,Accessories,1.0,69.59,69.59,West,Bank Transfer,Cancelled
ORD-2024-1764,31/07/2023,  Susan   Lewis  ,susan.lewis@gmail.com,Bluetooth Conference Speaker,Electronics,2.0,144.55,289.1,East,PayPal,Pending
ORD-2024-1792,2023-07-23,Nancy Johnson,nancy.johnson@corporate.net,Noise-Canceling Headphones,Electronics,2.0,191.42,382.84,West,bank transfer,Pending
ORD-2024-2077,2023-12-22,Michelle Gonzalez,michelle.gonzalez@yahoo.com,Desk LED Lamp,Office Supplies,1.0,,,East,Debit Card,Shipped
ORD-2024-1879,2023-08-19,Emma Sanchez,emma.sanchez@outlook.com,Adjustable Standing Desk,,2.0,482.52,965.04,North,Credit Card,Completed
ORD-2024-1338,2023.11.27,Sofia Hill,sofia.hill@yahoo.com,  Noise-Canceling Headphones  ,Electronics,2.0,198.39,396.78,East,Bank Transfer,Pending
ORD-2024-2017,2023-10-03,Sandra Rodriguez,sandra.rodriguez@outlook.com,  Noise-Canceling Headphones  ,Electronics,8.0,205.73,1645.84,East,Credit Card,Shipped
ORD-2024-2276,2023.09.17,Charles Scott,charles.scott@outlook.com,Laser Printer Pro,Office Supplies,1.0,288.2,288.2,North,Cash on Delivery,Refunded
ORD-2024-1456,2023.12.25,Margaret Gonzalez,margaret.gonzalez@gmail.com,Adjustable Standing Desk,Furniture,1.0,494.07,494.07,South,Debit Card,Completed
ORD-2024-1816,28/11/2023,Daniel Lewis,daniel.lewis@gmail.com,CABLE MANAGEMENT KIT,Accessories,2.0,18.46,36.92,South,,Cancelled
ORD-2024-1996,22/04/2023,kenji hill,kenji.hill@corporate.net,Ergonomic Office Chair,Furniture,1.0,249.3,249.3,West,Cash on Delivery,Refunded
ORD-2024-2982,2023-09-11,Christopher Miller,christopher.miller@corporate.net,4K Ultra HD Monitor 27-inch, ELECTRONICS ,5.0,388.92,,North,Cash on Delivery,Refunded
ORD-2024-1202,14/03/2023,James Torres,james.torres@gmail.com,Desk LED Lamp,Office Supplies,1.0,30.54,30.54,Central,PayPal,Refunded
ORD-2024-1162,"Nov 23, 2023",Jennifer Walker,jennifer.walker@corporate.net,Executive Leather Notebook,Office Supplies,2.0,22.85,45.7,East,Bank Transfer,Pending
ORD-2024-2580,2023-12-16,William Thompson,william.thompson@corporate.net,Noise-Canceling Headphones,Electronics,3.0,200.05,600.15,North,Cash on Delivery,
ORD-2024-1703,2023-02-11,Linda Allen,linda.allen@techfirm.io,UltraBook Pro 15,Electronics,3.0,1337.39,4012.17,East,Cash on Delivery,Cancelled
ORD-2024-2501,2024-02-02,  Margaret   Garcia  ,margaret.garcia@techfirm.io,Cable Management Kit,  Accessories  ,1.0,18.68,18.68,West,Credit Card,Cancelled
ORD-2024-2130,2023-10-13,,robert.hill@retailhub.org,4K Ultra HD Monitor 27-inch,Electronics,3.0,404.0,1212.0,North,PayPal,Cancelled
ORD-2024-2022,11/02/2024,Charles Smith,charles.smith@retailhub.org,Noise-Canceling Headphones,electronics,2.0,-99.97,-199.94,North,PayPal,completed
ORD-2024-2586,"Jul 03, 2023",Betty Hill,betty.hill@yahoo.com,4K Ultra HD Monitor 27-inch,Electronics,2.0,389.82,779.64,East,Bank Transfer,Completed
ORD-2024-2956,2023-11-08,Jessica Thompson,jessica.thompson@corporate.net,executive leather notebook,Office Supplies,3.0,21.8,65.4,Central,Cash on Delivery,Pending
ORD-2024-1035,2023-02-22,Andrew Jackson,andrew.jackson@yahoo.com,Wireless Ergonomic Mouse,Accessories,1.0,50.38,50.38,Central,Credit Card,Completed
ORD-2024-1776,2023-08-27,Donna Davis,donna.davis@gmail.com,USB-C Multi-Port Hub,Accessories,2.0,40.59,81.18,North,Debit Card,Shipped
ORD-2024-2479,2023-01-04,  Donna   Walker  ,donna.walker@gmail.com,Desk LED Lamp,  Office Supplies  ,4.0,30.1,120.4,East,PayPal,pending
ORD-2024-2391,11/03/2024,Karen Perez,karen.perez@yahoo.com,bluetooth conference speaker,Electronics,1.0,152.95,152.95,South,Bank Transfer,Refunded
ORD-2024-3140,,Margaret Kim,margaret.kim@gmail.com,Bluetooth Conference Speaker,Electronics,2.0,145.35,290.7,North,Credit Card,Shipped
ORD-2024-2364,2024-02-11,Betty Sanchez,betty.sanchez@outlook.com,Smart Water Bottle,Office Supplies,,33.79,,Central,Cash on Delivery,Cancelled
ORD-2024-3042,2023-10-25,Charles Sanchez,charles.sanchez@corporate.net,WIRELESS ERGONOMIC MOUSE,Accessories,-4.0,51.18,-204.72,South,Credit Card,Cancelled
ORD-2024-1242,2024-02-25,Yuki Brown,yuki.brown@gmail.com,Mechanical Gaming Keyboard, ACCESSORIES ,2.0,116.29,232.58,South,PayPal,Refunded
ORD-2024-3062,2023-12-12,Steven Thomas,steven.thomas@techfirm.io,Cable Management Kit,Accessories,3.0,18.55,55.65,North,Debit Card,Cancelled
ORD-2024-1601,2024-03-19,donald harris,donald.harris@outlook.com,4K Ultra HD Monitor 27-inch,Electronics,3.0,401.75,1205.25,North,Debit Card,Cancelled
ORD-2024-2298,2023-08-17,Linda Al-Mansoor,linda.al-mansoor@corporate.net,Ergonomic Office Chair,Furniture,1.0,256.61,256.61,Central,Credit Card,Cancelled
ORD-2024-3069,2023-12-31,Robert Martin,  robert.martin@example.com  ,Smart Water Bottle,Office Supplies,2.0,36.63,73.26,West,Pay-Pal,Shipped
ORD-2024-1647,"Aug 27, 2023",Patricia Robinson,patricia.robinson@corporate.net,Mechanical Gaming Keyboard,Accessories,2.0,117.68,235.36,East,wire,Completed
ORD-2024-2529,2024-04-15,Mary Smith,mary.smith@yahoo.com,USB-C Multi-Port Hub,Accessories,4.0,39.11,156.44,West,Debit Card,Shipped
ORD-2024-2268,2023-04-05,Margaret Lewis,margaret.lewis@gmail.com,Noise-Canceling Headphones,Electronics,10.0,193.7,1937.0,Central,Credit Card,Refunded
ORD-2024-2900,2023-05-05,Sarah Hernandez,sarah.hernandez@techfirm.io,USB-C Multi-Port Hub,Accessories,2.0,38.95,77.9,West,DEBIT_CARD,Refunded
ORD-2024-1563,2023-08-30,Margaret Garcia,margaret.garcia@outlook.com,Executive Leather Notebook,Office Supplies,1.0,22.5,22.5,North,Debit Card,Cancelled
ORD-2024-1190,2024-05-04,Ashley Smith,,Laser Printer Pro,Office Supplies,5.0,281.19,1405.95,West,Debit Card,Refunded
ORD-2024-2807,2023-01-21,BARBARA MARTIN,barbara.martin@gmail.com,Executive Leather Notebook,Office Supplies,2.0,21.1,42.2,Central,Cash on Delivery,Refunded
ORD-2024-1976,2023-01-22,Barbara Torres,barbara.torres@corporate.net,Cable Management Kit,Accessories,2.0,19.35,38.7,West,Credit Card,Shipped
ORD-2024-3048,2023-08-03,Andrew Walker,andrew.walker@gmail.com,Smart Water Bottle,Office Supplies,2.0,34.84,69.68,Central,Cash on Delivery,Cancelled
ORD-2024-2083,2023-12-29,Aarav Sato,aarav.sato@gmail.com,Adjustable Standing Desk,Furniture,2.0,495.58,991.16,South,PayPal,Refunded
ORD-2024-1475,2024-01-19,Karen Walker,karen.walker@retailhub.org,UltraBook Pro 15,  Electronics  ,1.0,1300.42,,West,Bank Transfer,Refunded
ORD-2024-1748,32/01/2024,Emma Allen,emma.allen@retailhub.org,HD Webcam 1080p,Accessories,2.0,68.55,137.1,West,Debit Card,Refunded
ORD-2024-1022,2023-09-21,michelle perez,michelle.perez@yahoo.com,Desk LED Lamp,Office Supplies,,29.43,,North,Debit Card,Cancelled
ORD-2024-1460,2024.01.25,FATIMA MARTINEZ,fatima.martinez@techfirm.io,HD Webcam 1080p,Accessories,2.0,68.08,136.16,  west  ,cash on delivery,Pending
ORD-2024-2185,2023-09-08,matthew wilson,matthew.wilson@outlook.com,Filing Cabinet 3-Drawer,Furniture,3.0,179.74,539.22,East,Bank Transfer,Completed
ORD-2024-1956,"Jan 22, 2023",Andrew Ramirez,andrew.ramirez@gmail.com,Ergonomic Office Chair,Furniture,856.0,255.92,219067.52,North,Cash on Delivery,Cancelled
ORD-2024-2216,2024-05-12,  Michael   Young  ,michael.young@corporate.net,Laser Printer Pro,Office Supplies,1.0,269.55,269.55,South,PayPal,Refunded
ORD-2024-2516,"Jun 19, 2023",Nancy Allen,nancy.allen@outlook.com,Mechanical Gaming Keyboard,,5.0,124.71,623.55,West,Credit Card,Refunded
ORD-2024-1770,2023-04-15,paul murphy,paul.murphy@techfirm.io,Cable Management Kit,Accessories,1.0,-9.25,,North,Debit Card,Shipped
ORD-2024-2686,2023-07-10,Donna Nguyen,donna.nguyen@outlook.com,Ergonomic Office Chair,Furniture,1.0,243.84,243.84,West,Credit Card,Refunded
ORD-2024-1131,2024-01-25,Paul Wilson,  paul.wilson@example.com  ,USB-C Multi-Port Hub,Accessories,1.0,39.75,39.75,South,Debit Card,Refunded
ORD-2024-3136,2024-03-10,  Steven   Allen  ,steven.allen@corporate.net,Bluetooth Conference Speaker,Electronics,2.0,144.19,288.38,South,PayPal,
ORD-2024-2483,2023-11-06,Donald Torres,donald.torres@yahoo.com,cable management kit,Accessories,1.0,19.02,19.02,West,Debit Card,Shipped
ORD-2024-1331,2024-02-31,Margaret Davis,margaret.davis@corporate.net,Cable Management Kit,,4.0,18.88,75.52,West,Credit Card,Cancelled
ORD-2024-2239,32/01/2024,Donna Rodriguez,donna.rodriguez@corporate.net,Smart Water Bottle,  Office Supplies  ,4.0,35.88,143.52,South,PayPal,Completed
ORD-2024-1467,2023.03.09,  Jennifer   Moore  ,jennifer.moore@gmail.com,UltraBook Pro 15,electronics,1.0,1261.29,1261.29,West,Bank Transfer,Shipped
ORD-2024-2936,2023-04-19,  Michelle   Rodriguez  ,michelle.rodriguez@corporate.net,Executive Leather Notebook,Office Supplies,1.0,21.01,21.01,Central,Bank Transfer,Completed
ORD-2024-2639,2023-08-14,Sarah Allen,sarah.allen@yahoo.com,HD Webcam 1080p,Accessories,1.0,70.1,70.1,,Debit Card,Shipped
ORD-2024-2096,2023-05-15,Patricia Martin,patricia.martin@corporate.net,4K Ultra HD Monitor 27-inch,Electronics,2.0,387.33,774.66,Central,Bank Transfer,Pending
ORD-2024-2131,21/02/2023,Paul Moore,paul.moore@outlook.com,Adjustable Standing Desk,Furniture,1.0,475.66,475.66,South,Bank Transfer,Cancelled
ORD-2024-2295,2023-05-02,Sofia Tanaka,sofia.tanaka@retailhub.org,Executive Leather Notebook,Office Supplies,2.0,22.45,44.9,South,  Credit Card  ,Pending
ORD-2024-1861,2023-08-26,Betty Nguyen,betty.nguyen@corporate.net,Wireless Ergonomic Mouse,Accessories,1.0,47.93,47.93,  west  ,debit,Cancelled
